source1_entity_id	candidate_entity_ids
S1-925783039	S3-807892069,S3-975638447,S2-748268413,S2-142892286,S2-518413297,S3-65931475,S2-878352124,S2-960265505,S2-468782642,S3-420766091,S2-36991383,S2-871127627,S2-563644814,S3-887351288,S2-224397531,S2-717520985,S3-341639940,S3-9971912,S2-408466640,S2-492015688,S2-123336377,S3-448534540,S3-864321675,S3-286983356,S3-307935411,S2-112422248,S3-978714653,S3-686689606,S2-789918426,S3-916104021,S2-244606480,S2-373316530,S2-128775574,S2-205210770,S3-558325632,S2-250290846,S2-990031995,S3-33279835,S2-415733261,S3-436800737,S2-326676273,S3-507928122,S3-825165108,S2-942850610,S2-322579790,S3-907849609,S3-509386753,S2-23046532,S2-70921774,S2-139737054,S2-46940689,S3-975824884,S3-598710793,S3-162619168,S3-42671836,S2-266100596,S3-515696539,S3-371050844,S2-612994767,S3-794563317,S2-159023381,S2-840058249,S2-93832811,S3-609964573,S3-580642144
S1-773889195	S2-6537600,S2-618256008,S3-5622468,S2-618912706,S3-85738770,S2-836643120,S3-47293006,S3-652644746,S2-29657277,S2-334502614,S3-828431171,S3-800773611,S2-680839450,S2-414155968,S2-126411084,S3-435310695,S2-648015225,S2-75301570,S2-752352327,S3-345636157,S2-964319654,S2-644634885,S3-172364850,S3-729052913,S2-401396543,S3-605264871,S2-711939963,S3-896915130,S3-165483313,S3-24826172,S2-536811066,S3-414930541,S2-401967653,S2-568849849,S3-752239093,S2-15087343,S2-831814027,S3-10055719,S3-933463392,S2-515829880,S2-157806144,S3-609559932,S2-515386320,S2-971400527,S2-512720080,S3-398121666,S3-481460310,S3-231697906,S2-667760761,S2-486153386,S2-292607667,S2-781718239,S2-712414413,S2-906728606,S3-242247539,S2-537342965,S2-748674289,S3-308263358,S2-432723670,S2-250898019,S2-686380411,S3-829964529,S3-691703506,S3-239968062,S2-641336928,S2-987567217,S2-614260033,S2-974834039,S2-87980826,S2-811604537,S3-836091575,S2-467121958,S2-735807494
S1-377745466	S2-402146164,S2-568464507,S2-654784858,S2-714882908,S3-795797038,S3-67645109,S3-753723544,S2-819445650,S2-232490044,S2-80163497,S3-633062643,S3-538945304,S2-625383713,S2-444945373,S2-76928943,S2-396153026,S2-644567492,S2-370110220,S2-495933722,S3-91397216,S3-184192359,S2-894775887,S3-337216879,S2-714893630,S2-721768235,S2-888289462,S2-645795271,S2-222391309,S2-979268936,S2-174686195,S3-842254184,S3-372230683,S3-666296716,S2-13498915,S2-683312986,S2-460301822,S2-352909992,S2-634770470,S2-333208644,S3-669318207,S2-992224961,S2-303907719,S3-881042675,S2-684551309,S2-325615566,S2-359394330,S2-481972156,S2-482733663,S3-29631894,S3-806984784,S2-472229901,S2-45074111,S2-509938121,S2-126103359,S2-588045199,S2-726297804,S2-982975806,S2-913240757,S2-113550967,S2-10207377,S2-221371541,S2-871689803,S2-567514562,S2-515932518,S3-512729737,S3-563606944,S2-355467530,S2-822701319,S3-450295076,S2-338373453,S2-11520784,S2-509940498
S1-133037285	S2-980137130,S3-613591378,S3-211623369,S3-804979505,S3-961822162,S3-496196405,S2-206898764,S2-771902332,S2-873178231,S2-163804777,S2-639604597,S2-442153361,S2-698397191,S3-265321693,S2-690720298,S3-989436626,S3-945349685,S2-963464614,S2-53403506,S2-48382745,S3-778022309,S2-842022317,S2-237823587,S2-9840102,S3-227629167,S2-249935755,S2-416300306,S2-96328877,S2-534262198,S3-540841334,S3-41459517,S2-66054877,S3-410550015,S2-478785890,S2-450166696,S2-374185954,S2-36075175,S3-62006897,S3-854475598,S3-409356178,S2-114070036,S2-958600315,S3-329776460,S3-213458259,S3-580716022,S2-300003463,S3-431508850,S2-38830683,S2-330729340,S2-241273177,S3-684731018,S2-800464717,S2-717848726,S3-459513073,S2-857993643,S2-236454203,S3-555959292,S3-384200205,S3-885075943,S2-527468510,S2-101488070,S2-678341380,S2-606354334,S2-620016564,S2-524102426,S2-214341725,S3-991802869,S2-236577190,S2-507106072,S3-608235014,S3-392756892,S2-33426944,S3-486043758,S2-867607931
S1-755362802	S2-209809185,S3-750879732,S3-821516081,S2-826360573,S2-495793419,S3-754903323,S3-412760988,S2-400714565,S3-389879517,S3-199017966,S2-877598413,S3-219727548,S2-209200464,S3-965519036,S3-831988468,S3-755830328,S2-19393564,S2-484697078,S2-821725294,S3-222310642,S3-835714367,S2-252989755,S2-325872877,S3-562251470,S3-589089722,S3-908633281,S3-871104672,S3-79605766,S3-467225098,S3-887580850,S2-201089624,S3-746668512,S3-274448663,S3-473555160,S2-211812429,S2-506945996,S3-82418772,S3-420484057,S3-71503410,S3-62468063,S2-308520060,S3-138154317,S2-954993655,S2-779565161,S2-22775099,S2-269120652,S2-602771038,S2-283735766,S3-221486991,S2-636835876,S3-208331329,S2-302886013,S3-733207583,S2-655804813,S2-754534197,S2-818726940,S3-580494386,S2-831521394,S3-459079801,S2-265438976,S2-705446009,S3-390446249,S2-255837796,S2-897073920,S2-176077370,S3-901322402,S3-181445746,S2-723525921,S2-207284040,S2-911154739,S3-480630817,S2-529830404,S3-292440792
S1-851869949	S3-723396580,S3-516448783,S2-886420484,S2-934108375,S3-81311280,S2-574605032,S2-483821584,S2-537775011,S3-15422768,S2-633643020,S3-391614437,S3-155537173,S2-576739598,S2-11832470,S2-841152676,S2-934812140,S2-930522717,S3-99405285,S2-505623185,S2-725177148,S3-543704731,S3-747655762,S2-424625771,S3-367756343,S3-731358529,S2-816576858,S2-604439887,S2-141532506,S2-255816412,S2-672080705,S2-435164614,S2-596743857,S3-108466132,S2-308758583,S3-541815091,S2-373151226,S2-317710972,S2-411979574,S2-445145941,S3-417224102,S2-255987479,S3-504969174,S3-315182744,S3-927297155,S3-704577249,S2-363580571,S2-617442178,S2-136704480,S3-664343618,S2-46409738,S2-586340495,S3-338126332,S3-858445326,S3-805571722,S2-584732553,S2-9456816,S3-446440714,S2-338740167,S2-719994251,S3-296329804,S2-62060453,S2-856059764,S3-530396479,S3-140443434,S2-939739824,S3-354949581,S2-827733776,S2-973304670,S3-805777308,S3-363194753,S2-768521689,S2-768958764,S2-113550967,S3-752834029
S1-785847572	S2-605676968,S3-485902152,S2-180547536,S2-831734924,S3-93254541,S3-276511013,S2-702569533,S2-385376546,S2-376583999,S3-649034504,S2-262680142,S2-447832120,S2-243285953,S2-166649395,S3-440468063,S2-857755271,S2-638837536,S3-127344332,S3-377912860,S2-873522729,S2-76403904,S2-529342473,S2-937072190,S3-935550753,S2-16241203,S2-822403418,S2-350624909,S2-56270124,S2-998440718,S2-203806335,S2-133110262,S2-215182600,S2-82677453,S2-257662134,S2-546938288,S3-291320716,S2-414039111,S2-120289071,S3-651025137,S2-680738451,S2-278570057,S2-994633972,S2-816448098,S2-290752193,S3-209315258,S2-876313973,S3-419868810,S3-987081576,S3-43503038,S2-643430985,S3-646917872,S2-49058518,S3-601724242,S3-300179214,S3-672443801,S2-331530722,S3-817944744,S2-772633753,S3-424304334,S2-76420430,S3-925024656,S2-523181855,S3-531394037,S2-859569962,S2-561317555,S2-323335225,S2-387057533,S2-184841114,S2-483480832,S2-570607082,S3-952833215,S3-861363257,S3-101066411,S2-290760729,S2-261460413
S1-27541239	S2-489213279,S2-437128444,S3-51527370,S2-988142093,S3-637763739,S2-27064688,S2-307443571,S2-904092717,S3-172096836,S2-397743459,S2-992829478,S2-958380385,S2-905395948,S2-33766954,S3-697943180,S2-343474984,S2-291909303,S3-635275159,S2-114307818,S3-306987398,S3-423819990,S2-603492038,S2-867521655,S2-846742197,S3-577677531,S3-879989678,S2-27786927,S2-671092664,S2-722938754,S2-146711048,S3-638264887,S2-530421700,S2-723944168,S2-910771058,S3-592854960,S2-91488705,S2-706640915,S3-291580756,S2-896505857,S2-142547712,S2-557528895,S3-693060685,S2-730120417,S2-192761335,S2-406116199,S2-852971464,S3-149165520,S2-32257105,S3-351924596,S3-800499462,S3-347799178,S2-407963448,S2-51018399,S2-811348827,S2-808859926,S3-872670573,S3-277722404,S2-304928850,S2-549320589,S3-171264551,S3-329457026,S3-742149357,S3-37152816,S2-277887548,S2-489908959,S2-337288597,S3-392725175,S2-959446760,S3-93973257,S3-256358206,S2-483508684,S3-928120241
S1-629417405	S2-146858882,S2-376460483,S2-506059733,S3-777753225,S3-175787296,S2-333782490,S3-445602498,S2-423095678,S2-995939397,S2-51043049,S2-163533044,S3-548182551,S2-556774184,S2-118948377,S2-171955793,S3-708110431,S3-942683250,S3-71137601,S2-196370555,S3-225322157,S2-740081940,S2-736136830,S2-569477032,S2-626989118,S3-167052916,S3-159981711,S3-902077022,S3-38487246,S2-310346336,S2-269035196,S3-155124689,S2-918439746,S2-701185974,S2-878653508,S2-399364938,S2-512947690,S3-779043271,S3-326219563,S2-586211943,S2-471142391,S2-114307818,S3-697466166,S3-253718798,S2-964921883,S2-648477888,S3-270802165,S2-835640830,S2-888560146,S3-423123488,S3-732119746,S3-220193444,S2-339040187,S2-690909438,S3-411529110,S3-303607015,S3-125835278,S3-54453185,S2-961249775,S2-984324064,S2-155894024,S2-268130665,S2-848616746,S3-60290612,S2-627238245,S2-787636443,S3-212436009,S3-991006059,S3-678319481,S2-84825910,S2-794590656,S2-865413679,S2-114200915
S1-22305073	S2-969384157,S2-464817760,S3-698460628,S2-482144229,S3-701354906,S2-913127480,S3-19168567,S3-688154952,S2-810282701,S2-918807262,S3-289567629,S3-765474468,S2-729626675,S2-246142078,S3-916924046,S2-800323916,S2-632366116,S2-418213505,S2-660033258,S2-707727698,S2-131872909,S2-48947979,S2-900162975,S2-276190610,S2-263038803,S3-759954372,S3-195996808,S3-995805155,S3-755683636,S3-89972186,S3-525488835,S2-612169234,S3-66751718,S2-937082455,S2-617764631,S2-241979528,S3-875619213,S3-426683270,S3-362794602,S3-710682080,S2-895674743,S2-414448236,S3-770665977,S3-412034068,S3-755095502,S2-643413168,S3-80095215,S3-739222881,S3-463562829,S2-500759015,S3-746379346,S3-533594676,S3-898277398,S2-763689965,S3-226781781,S2-397743459,S3-768959898,S3-883254327,S2-95451842,S2-190887646,S2-315631563,S2-436548118,S3-58513531,S2-752081733,S3-175109187,S3-93114222,S3-271524840,S2-625689341,S3-588437904
S1-504790211	S2-340882825,S2-601010648,S2-115314774,S2-690445203,S3-270931703,S2-627733994,S2-490465808,S2-760615449,S3-280265976,S3-353938359,S2-629637998,S2-835025074,S3-956285772,S2-198305044,S3-147508258,S3-636797609,S2-635731389,S2-336880119,S2-727614803,S2-440765604,S2-231456668,S2-543053978,S2-100197477,S2-49245924,S2-428344998,S3-835278002,S2-135748557,S3-976989011,S2-883003219,S2-332637803,S2-76938268,S2-404735559,S3-486039249,S2-696781936,S2-832999592,S2-785355196,S2-570330444,S2-999295720,S2-179225321,S3-471923524,S2-523900263,S3-630476985,S2-272346655,S2-653761634,S2-439707865,S3-175668869,S3-711701573,S2-719959586,S2-943479274,S2-333208644,S2-555771119,S3-272146887,S2-743478472,S2-392983852,S2-152724355,S2-368363774,S3-268645024,S3-168722082,S2-1342502,S3-182119283,S3-450828199,S2-937987341,S2-776356778,S2-363534521,S2-325209077,S2-467045797,S2-616868746,S2-664782774,S3-554917711,S3-421340742,S3-809347354,S2-699195172
S1-564729135	S2-5540165,S2-626541253,S3-471731074,S2-323004664,S3-693882651,S3-997821216,S3-794790437,S2-177344663,S2-249997299,S2-420253722,S2-928620819,S2-84464833,S2-844882406,S2-766536822,S3-648102632,S2-985441801,S2-290655819,S3-763940657,S2-878928576,S3-941993743,S2-353053875,S3-692038601,S2-569185594,S2-263244436,S2-30466066,S2-762899428,S2-736697077,S2-681568197,S2-353688026,S2-465889177,S2-121693888,S3-402958681,S2-953092038,S2-164682702,S3-328300472,S2-364774015,S2-965389616,S3-11848561,S2-212070794,S2-596843805,S2-608447496,S2-490320012,S2-130556167,S3-502169983,S2-3914789,S2-385132565,S3-127904788,S3-191440766,S2-728143975,S2-795150710,S3-944770512,S2-201040866,S3-888876898,S3-18656005,S3-926388121,S3-637707053,S3-535622461,S2-569213356,S3-188547055,S3-928262424,S2-844267085,S2-357523784,S2-967937124,S2-558810485,S2-125272768,S3-522167532,S2-754627896,S2-423993573,S3-170430827,S2-925305852,S2-814704822,S3-128535897,S2-265591149,S3-956219355,S3-703322,S2-196562486
S1-236312382	S3-775209781,S2-472923957,S2-292840209,S3-741161103,S3-337137453,S2-882526352,S3-690738067,S3-541972011,S2-978484072,S2-71193999,S2-172878234,S2-697763118,S2-559388544,S2-808166134,S2-620655446,S3-249243515,S3-249522001,S2-448658668,S2-572421685,S3-753843594,S2-739245675,S3-851878169,S2-391182762,S3-78827696,S2-532859462,S2-399055628,S2-518386697,S3-842460087,S2-938910288,S2-806096928,S3-289509638,S3-639439973,S3-485847395,S2-904743343,S2-725143346,S2-802991212,S2-667871775,S3-43233041,S3-339046606,S3-458251438,S3-823501301,S3-116267487,S2-747794125,S3-662842024,S2-694611416,S2-245874246,S2-787636443,S2-144339826,S3-679607781,S2-40903337,S2-546791413,S2-958055391,S2-614551324,S2-180267271,S2-371014043,S3-912222924,S2-118233324,S2-584234198,S3-176667234,S3-230767608,S3-8641670,S2-708756895,S2-192774038,S2-826050277,S3-758370893,S2-195828714,S2-404901317,S2-544402166,S2-957487735,S2-614597365,S2-299904234,S2-581983083
S1-865131206	S2-967820125,S2-520636761,S2-773978695,S2-516057966,S2-355596040,S2-74226485,S2-807286254,S2-597331429,S2-577131456,S2-785822459,S3-662556075,S2-312372957,S2-836802685,S3-141175460,S2-827534980,S2-459946441,S2-702776679,S2-578154624,S2-522929772,S2-79002337,S3-997715300,S3-678416136,S2-683222801,S3-296417906,S2-39998868,S2-966740996,S2-34476952,S3-977222163,S3-237104313,S2-531676587,S3-214789523,S3-627404089,S2-247487143,S2-209746679,S3-216035280,S3-466838253,S3-152703886,S3-292878996,S2-320983511,S2-823200641,S2-876824000,S3-17298898,S3-169481929,S2-928879679,S2-905545244,S2-332541981,S2-135305160,S2-15957652,S2-308219708,S2-588411762,S2-901840601,S2-946872072,S3-303191199,S2-108669559,S2-923560784,S2-972235744,S2-94359976,S3-409566684,S2-314739077,S2-570344226,S3-337599976,S2-356532156,S2-558520054,S2-410056618,S3-213092687,S2-495131696,S2-911062892,S2-252784693,S2-767234036
S1-626914593	S2-499755795,S2-386433432,S2-987831140,S3-149419596,S2-132906535,S3-569623170,S2-783576796,S3-836784491,S2-318152232,S2-394667512,S3-932011956,S2-734969905,S3-397262695,S3-720531480,S2-715613947,S3-20405732,S3-360647769,S2-226131358,S2-82600026,S2-655027903,S2-38509651,S3-164641549,S2-4685664,S2-862278331,S3-212981887,S2-265789572,S2-767696160,S3-564306278,S3-973824549,S3-502745307,S2-268699905,S2-948466104,S3-358679441,S2-525109734,S2-89322302,S3-483387512,S2-51036745,S2-752067954,S2-301551130,S3-842631617,S3-145197643,S3-257761501,S3-156124989,S3-283497338,S2-476886880,S3-167622861,S3-648631492,S3-815342212,S3-617625899,S3-513869711,S2-345384395,S3-615880522,S3-398426934,S3-759750374,S3-617716606,S2-525479012,S2-96663199,S3-777915941,S2-463017727,S3-213624591,S3-749018911,S2-977522728,S3-401339306,S2-733857282,S2-76120909,S3-586193939,S2-469671579,S3-516916063,S2-891092645,S3-561673416,S3-234503121,S3-752648055
S1-765734254	S2-744747090,S3-572768463,S3-340104300,S3-701078092,S3-816735107,S3-219973433,S2-534342276,S3-950534286,S2-876128288,S3-744970618,S3-894198448,S3-555934767,S3-739988497,S3-552116413,S2-199883120,S2-845708664,S3-73674605,S3-891906960,S3-811313590,S2-937543996,S2-102940637,S3-178212121,S2-950035920,S2-122094813,S3-184771016,S2-145631662,S3-280055094,S3-242831822,S2-698413615,S3-569468215,S3-996423936,S3-16376566,S3-279056307,S2-946947102,S2-398357898,S3-769611978,S3-637595241,S2-227726827,S3-335602896,S2-398904646,S3-917108713,S3-322023581,S2-963408680,S2-951482504,S3-429535759,S3-38309024,S3-397347250,S2-278800318,S2-463089238,S3-722080603,S2-441624285,S3-236303015,S3-912092091,S3-434836825,S3-461762128,S3-735199757,S2-268256610,S2-24216314,S3-328580065,S3-793456964,S3-94966201,S2-398456093,S3-341442253,S3-463381394,S3-941696292,S2-198070034,S2-159679202
S1-82053739	S2-932843757,S2-628335210,S2-872966114,S3-559857129,S2-858372241,S3-753125827,S3-715640742,S2-441938596,S2-309042378,S3-188547055,S2-533185918,S2-259929846,S2-384616423,S3-881899727,S2-827740014,S2-406758983,S2-335195201,S2-867958453,S2-365876998,S2-388542289,S3-44513075,S2-859313583,S2-859458159,S3-549531669,S3-192220018,S2-851280786,S2-704449115,S2-534095600,S3-16906411,S3-785964044,S2-104115334,S3-85216198,S2-70515375,S3-14082900,S3-303258990,S2-896696403,S3-289273205,S2-694612117,S3-681413716,S2-835735204,S3-904545740,S3-878399045,S2-267090069,S3-451642542,S2-81124098,S3-57797592,S2-208383049,S3-459620306,S2-516422343,S3-387456739,S2-32589652,S2-535965939,S2-508328321,S3-119155312,S2-652920455,S2-828364595,S2-379264064,S3-27266894,S3-930230504,S2-515367842,S2-890710365,S2-37069438,S3-883319928,S3-526525584,S2-956723748,S2-792828663,S2-797821871,S3-477866385,S2-639682101,S3-477158581,S2-870438880,S2-307050079,S2-404621519,S2-215895230,S2-9252799,S2-273862647,S3-219973433
S1-309349399	S2-388841946,S2-360633734,S2-247565679,S2-370505932,S2-351927064,S2-760313958,S2-20818044,S2-287395177,S2-949062667,S3-462653702,S2-997592409,S3-541779869,S3-602904272,S2-314168610,S2-608758567,S3-668001980,S2-345888576,S3-503843112,S2-390592581,S2-857492499,S2-733230976,S3-217249030,S2-896366513,S2-813442702,S3-926419223,S2-542719473,S2-743344085,S2-311119767,S2-220405948,S2-266314965,S2-110009986,S2-129727771,S2-465751649,S2-968147520,S2-539294394,S2-287467530,S2-509469638,S2-862474660,S2-357217634,S2-761263343,S3-37633267,S2-981056494,S2-117624640,S2-112367897,S2-533107175,S2-980105135,S3-254481419,S2-697456157,S2-290878658,S3-688129072,S2-480002867,S2-367270705,S3-889849097,S2-353286604,S2-746082644,S3-404517406,S3-5094068,S3-695266610,S2-825247603,S2-19749906,S3-120144433,S2-287271893,S2-80386885,S2-622927193,S2-144638617,S3-828072620,S2-780719364,S2-950548657,S3-384175839,S3-315937878,S3-240930945,S2-454294526,S2-162390837
S1-221443075	S3-18259864,S3-193199898,S3-857669998,S2-748842091,S3-468820475,S2-484838771,S3-449383932,S2-103543167,S3-277198661,S3-556935351,S3-663918339,S3-739555405,S3-809898892,S2-430904966,S3-741161103,S3-279776999,S3-441751292,S2-45071914,S3-721486890,S3-704735023,S2-176453879,S3-249243515,S3-541972011,S3-962039728,S2-391914215,S3-717873821,S3-947292846,S3-750093551,S3-753843594,S2-219201040,S3-487955323,S2-446464109,S2-434317668,S3-465555667,S2-985866585,S2-596872719,S2-539943184,S3-526831018,S2-105067075,S3-310112130,S2-389898646,S3-966014590,S3-948284608,S3-60871836,S3-331712688,S2-222478137,S2-29853434,S2-740720833,S2-694799525,S2-695434888,S3-32246920,S2-892001748,S3-614742707,S3-351865938,S3-698873936,S2-747145329,S3-502038653,S2-467281480,S2-872213594,S3-743776188,S3-116665624,S3-960809373,S2-444499759,S2-997614061,S3-646892145,S2-119078968,S3-75068235,S2-113983425,S2-658472810,S2-258904656,S2-518782447,S3-957950100,S3-84239658,S3-294731802
S1-341506266	S2-681437344,S2-161795968,S3-803675521,S3-450758139,S3-797756565,S2-746689392,S2-844882406,S3-462038153,S2-15031344,S2-886111971,S2-719769910,S2-321436655,S3-642059040,S3-403295492,S2-858132046,S2-675596020,S3-690491070,S3-811747885,S2-881315108,S3-219110114,S2-357523784,S3-838898482,S3-233296866,S3-158247675,S3-627028990,S2-157005846,S2-141653632,S3-24248815,S2-273430966,S3-794907696,S3-385262101,S3-934475494,S2-500650303,S2-327012154,S2-357050180,S2-981852169,S2-501967184,S3-555094103,S2-106496325,S3-808496544,S2-85794251,S3-194971113,S3-926175468,S3-830151755,S2-328849658,S2-229031559,S2-142031060,S2-634351405,S2-601724955,S2-379366976,S2-452631101,S2-512122315,S2-232876579,S2-767465005,S2-149173342,S2-230886961,S3-837145256,S2-151540736,S2-725764342,S2-915476300,S3-44179996,S3-139591982,S3-563544559,S2-119907794,S2-196204984,S3-91721410,S3-608274835,S3-561903099,S3-475295516,S3-159120517,S2-564835925,S3-32456291,S3-467538300,S2-936689702,S3-255780901,S2-674434910,S2-773889990
S1-990319941	S2-402210101,S3-856809177,S3-525707099,S2-29317506,S2-890977739,S2-474648878,S2-409910382,S3-725004442,S2-34956606,S2-565976253,S3-190075117,S2-494517765,S2-698687453,S3-146023217,S2-630700904,S3-186323077,S3-351767854,S2-524606152,S3-771504351,S3-466523185,S3-760448236,S3-231617718,S2-107905251,S2-910540859,S2-457341466,S2-962963050,S2-935705789,S3-936571893,S3-926561005,S3-849708458,S2-755527042,S2-154220920,S3-3215588,S2-598458137,S2-156803152,S3-874344144,S3-346907687,S3-492823672,S3-655697201,S3-771053376,S3-125845903,S2-469767066,S3-532851394,S3-675117877,S2-657204873,S2-70698601,S2-280110711,S2-241273177,S3-446405930,S2-930878840,S2-512867429,S3-243888478,S3-971577180,S2-889733527,S2-628886632
S1-597762257	S3-774345900,S3-686125164,S2-67201778,S3-355476685,S3-167131647,S3-805023613,S3-689746930,S3-208140829,S3-976937264,S2-228358129,S2-537019930,S3-289359152,S3-664799318,S3-272868447,S2-25860616,S2-964292853,S3-375697326,S2-45071914,S3-691960858,S3-962039728,S3-750093551,S3-404967091,S3-126940365,S2-176453879,S2-95883726,S2-387058606,S3-117874334,S2-505328569,S2-841316739,S2-465642879,S2-219201040,S2-252156394,S3-88272662,S2-985866585,S3-901201480,S3-731423231,S3-966687993,S3-216645515,S2-427767176,S3-805347792,S3-567233367,S3-468820475,S2-886359416,S2-721244728,S2-455134753,S3-685153893,S2-968887442,S3-847790890,S3-548768008,S2-609173753,S3-596941072,S3-135372133,S2-479495798,S3-466737604,S3-725287019,S3-119777987,S3-69550546,S3-726575561,S2-141688901,S2-868298117,S3-480103214,S2-557805496,S2-62076916,S2-904746773,S3-676695452,S3-115282487
S1-661315962	S3-710483606,S3-2338460,S3-35254891,S3-910968182,S3-839699025,S3-382215493,S3-8865181,S3-431116396,S3-657839758,S2-625369101,S3-388136117,S3-543641026,S3-84091532,S3-253626728,S3-81996617,S3-523245796,S3-100119068,S3-977543327,S3-484125881,S3-430267873,S2-783194949,S3-989075029,S3-113090278,S3-416603324,S3-599487924,S3-673007088,S3-504653847,S2-368840229,S2-876285838,S2-51336478,S3-233061180,S3-447353929,S2-342627238,S3-125177076,S2-261464206,S3-49539992,S3-649843887,S3-693131817,S2-631292361,S2-43729461,S2-216733282,S2-86175773,S3-354550334,S3-611682531,S2-475524221,S2-245709451,S2-182558028,S3-683265021,S3-433100967,S3-343977713,S3-289316424,S3-378428998,S3-203319128,S3-367649018,S2-612084741,S3-758586564,S2-543007266,S3-865736546,S3-252577822,S3-311662496,S2-426945415,S2-488433738,S2-131729703,S2-994365745,S2-487419092,S2-776826875,S3-576009751,S2-195483441,S3-654327662,S2-500656861,S3-367017196
S1-716574008	S2-862762162,S2-358567451,S3-68260927,S3-807594751,S2-176139646,S2-905737147,S3-938610500,S3-840878571,S3-540428808,S2-885153394,S3-549870753,S2-704551757,S3-285630862,S2-988823880,S3-376039441,S2-400153982,S3-626844482,S3-926326834,S3-479455333,S3-456342053,S2-389661710,S3-594771054,S2-649681176,S2-918261850,S3-341024024,S2-856165672,S3-236873617,S3-354566450,S3-724587574,S3-417848767,S2-504869514,S2-734226718,S3-242019036,S3-312592523,S3-252836827,S2-154366792,S3-225460897,S3-70013629,S2-322454815,S3-409981870,S2-652845135,S2-827862104,S2-880198520,S2-100935559,S2-984164477,S3-196184411,S2-869088474,S3-801347242,S3-195557332,S3-79289625,S2-199258629,S2-699970234,S2-314855905,S3-999446,S2-539338575,S2-669828282,S2-613552722,S2-848497007,S3-73205088,S3-409877233,S2-636625504,S2-852111696,S2-592434907,S3-406492284,S2-850499815,S3-708722119,S3-155802932,S2-47462721,S2-801647861,S2-188540725,S2-95851179,S2-619978250,S3-858782517,S3-463626481,S2-704773714,S3-187193567,S2-20312957,S3-185582764,S2-764632135,S2-52063042
S1-985038901	S3-85495040,S2-399710858,S3-998979281,S3-520566309,S2-155456433,S2-769354462,S2-402816014,S2-979245640,S2-247552236,S2-457499888,S3-723782835,S2-995591456,S2-833900025,S3-500558585,S2-662221399,S2-565344902,S2-802999298,S3-976237098,S2-382172372,S2-667391262,S2-234084042,S2-443194899,S2-303388367,S3-126702578,S2-942902448,S3-874137933,S2-736010823,S2-309008061,S3-141307597,S2-106408832,S3-975403146,S3-360648438,S3-835400406,S3-849906439,S3-276827174,S3-446493852,S2-557486904,S3-122518048,S2-287872643,S2-821059783,S2-407012146,S2-956873333,S2-313863054,S2-699391872,S2-565178740,S2-64051496,S2-862433822,S2-761924464,S2-326984990,S3-438753881,S3-643279316,S3-259598575,S3-101121411,S3-377719257,S2-702433992,S3-771548807,S2-412468964,S2-266942307,S2-993210814,S2-214749166,S3-991906783,S2-242564395,S2-875727980,S3-646781577,S2-206208754,S2-11520784,S2-154561159,S2-656496226,S3-501450699,S2-136221358,S2-780598694,S2-607608903,S3-1755839,S3-622227816,S2-527297178,S3-188841809,S3-803755596,S3-156354276,S3-800847909,S2-289550564
S1-404435514	S3-403555323,S3-301674901,S3-217828718,S3-375658853,S2-60528114,S3-939187025,S3-823292350,S3-626472668,S2-25787219,S2-838558871,S2-172598761,S3-632405952,S3-369070916,S3-768918700,S2-782369167,S2-763496374,S2-38520121,S2-370293234,S2-767667411,S2-382711062,S2-767954993,S2-382115578,S3-439965730,S2-384806817,S2-742406486,S2-58857912,S2-619282421,S2-565160612,S2-775954166,S2-661269276,S2-154936420,S2-873717730,S2-823787316,S2-69050789,S2-808487588,S2-70400642,S2-22852364,S2-368414400,S3-902859371,S2-753366471,S2-180996143,S3-446372604,S2-609334836,S3-649101911,S2-69608051,S3-625822739,S3-316722510,S2-601296699,S3-584191562,S2-783092008,S2-262681979,S3-841064983,S3-446755346,S3-586193939,S3-853073612,S2-658868799,S3-257562961,S3-963970501,S3-80483400,S3-542458333,S3-416017683,S3-427655982,S3-472551666,S2-25148892,S3-542864045,S2-550144683,S3-850110343,S2-827733776,S3-807478189,S2-11792990,S3-769380558,S3-742143563,S3-415637811,S2-77401521,S3-989156798,S3-37075419,S2-895103795
S1-252242682	S2-685873394,S2-52425118,S2-944580298,S2-60294416,S2-891950002,S3-311808308,S3-703216998,S2-390358164,S2-184741808,S2-686669364,S2-687679612,S2-289352064,S2-235114098,S2-469595862,S3-958924542,S2-403451816,S2-147122725,S2-82438992,S3-250930431,S2-942127665,S3-869222496,S3-716216413,S3-683784503,S2-415271273,S2-310772102,S2-832946190,S2-269515,S3-155203556,S2-95126803,S3-122154999,S2-773555809,S2-330403685,S2-60431298,S2-361559324,S3-252105884,S3-589326371,S3-30091691,S3-526587380,S2-868816108,S3-242917873,S2-493497522,S2-171673064,S2-732471338,S2-463543324,S2-747675917,S2-653344339,S3-285181189,S3-652396445,S2-474140650,S3-504835521,S2-560033307,S2-579381258,S2-635688558,S3-248272113,S3-196501793,S3-390696145,S2-209760832,S2-105827476,S2-675490596,S3-897417688,S2-278883751,S2-469898952,S2-495775355,S2-132946102,S3-568359586,S2-718016693,S2-948802977,S3-59112640,S3-751274759,S2-377895888,S3-7812561,S3-572808031,S2-11819500,S2-184635390
S1-981440385	S2-65187376,S3-491468797,S3-116867735,S3-374956800,S2-761264407,S3-750678301,S3-385456361,S3-497926133,S3-943829209,S2-100598528,S2-396214517,S3-796057537,S3-31478607,S2-8997757,S3-684616433,S2-494311438,S2-197051644,S3-381542993,S3-889389888,S3-795044507,S2-582971022,S2-794730061,S2-924681052,S3-176316398,S2-20742028,S3-278334032,S3-160759742,S2-879158207,S3-889395203,S2-354153622,S3-714504878,S2-585413507,S2-112452524,S3-498710173,S2-201816258,S3-556552234,S3-196755595,S2-313619915,S2-251067677,S3-308682,S3-376039441,S2-844188870,S2-291084280,S2-979085903,S2-325256245,S3-134195078,S2-197956367,S3-91027696,S3-568899518,S2-372892190,S2-345541699,S3-450208845,S2-715600705,S2-502191143,S3-736640530,S2-81084526,S2-358006176,S2-869241997,S2-943869324,S2-752736287,S2-880342210,S3-632713634,S2-636625504,S3-883192297,S2-309819640,S2-868574975,S3-622314896,S3-582971513,S2-1689156,S2-952618609,S2-660010027,S2-18442426,S3-572604892,S2-337778372,S3-356253482,S2-276881020,S2-153075948,S3-571792664,S3-297852533,S2-786051711
S1-883973644	S2-943123879,S2-321432050,S2-977762332,S3-523239779,S3-461906529,S3-228675312,S2-143755348,S3-328051645,S2-709540039,S2-606108952,S3-367341970,S2-843415575,S3-739370146,S2-505050353,S2-811727412,S2-15933193,S3-406432606,S3-978399510,S2-141116739,S2-777188146,S2-198742372,S2-219471842,S2-553620620,S3-802272123,S2-564112793,S2-855633517,S3-46152992,S3-292342379,S2-51424319,S2-379842065,S3-888161437,S3-481593958,S2-285089040,S2-11558197,S2-274993041,S3-36051695,S3-142738238,S2-614098205,S3-59971944,S2-210601194,S3-239795702,S3-701630960,S3-61351750,S2-687576430,S2-184737623,S2-859408131,S3-124972296,S2-415335957,S2-22846917,S3-283793707,S3-978064694,S3-297723945,S2-46592479,S3-806064314,S2-574149905,S3-484004526,S2-806931282,S3-264564653,S2-971593916,S2-114484430,S2-92147276,S2-177552442,S2-448371615,S2-834228481,S2-442153361,S2-951007298,S2-802130222,S3-852691451,S3-633173104,S2-847853762,S2-50160623
S1-17666546	S3-353816175,S2-48970936,S2-977127221,S3-365214598,S2-105380809,S2-787156895,S2-592335494,S2-124956078,S3-990996627,S2-572367141,S3-476257627,S2-830135742,S2-879980104,S2-471422268,S2-12434856,S2-158743113,S2-745165633,S2-512369708,S3-520177780,S2-490732870,S2-807235601,S3-808756057,S2-126464482,S2-705469915,S2-667035993,S2-503074833,S3-744430416,S2-951444514,S2-317164353,S2-557037779,S3-668855139,S3-263107513,S2-587399380,S2-639830175,S3-831993761,S2-375174284,S2-437615229,S2-658935157,S2-913987669,S2-2996961,S2-300552236,S2-320292208,S3-142443963,S3-295073912,S3-92942538,S2-755918115,S2-18361556,S2-238126663,S2-638988101,S2-587295440,S2-685275798,S2-269240432,S3-542805234,S2-300132416,S2-78514887,S3-66596634,S3-365464812,S2-22248420,S3-431508850,S2-396615667,S3-524065833,S2-788540339,S2-770587413,S2-317447167,S2-846497405,S2-605328839,S2-333785505,S3-624714831,S3-122955822,S3-504183980,S3-723576084
S1-513115995	S2-509461301,S2-238774607,S2-154484286,S2-810274158,S2-604196599,S2-452450283,S2-174747510,S3-105143986,S3-53137717,S3-771603046,S2-118215506,S3-930293711,S2-644088130,S2-114034226,S2-393095627,S3-991006059,S2-730605486,S3-365323447,S3-723852119,S3-569228760,S3-75124013,S3-835564516,S3-33384240,S2-872692563,S2-302086477,S2-367968125,S2-454979982,S3-896736932,S2-342818971,S2-15280146,S2-347156612,S3-755817197,S2-230281581,S2-604300556,S3-268330024,S2-38619835,S2-298761341,S2-708110647,S2-258790966,S2-610983952,S3-369884673,S3-351949282,S3-186784888,S3-86790533,S3-471149163,S2-263199333,S2-61879327,S3-196501793,S2-792912193,S2-295367039,S2-55468137,S2-7513173,S3-340486431,S2-975266530,S2-574169392,S2-179817626,S2-919947855,S3-35698482,S2-74888127,S3-366119761,S3-164007837,S3-44002552,S3-85936851,S2-587644808,S3-169062540,S3-295136350,S2-405926883,S3-981031448,S2-898065794,S3-429619576,S3-509447006,S3-985007150,S3-668814262,S2-992631178,S2-327350010
S1-791217329	S2-108014418,S3-190531204,S3-641385550,S2-947758414,S2-466349911,S2-403276251,S2-327717983,S2-383148775,S2-600115417,S2-774426640,S3-224530253,S2-377790326,S3-249390941,S3-729806324,S2-468120534,S3-884562966,S2-345516678,S3-363032896,S2-862759276,S2-516353697,S3-740193994,S2-222379153,S2-478183673,S2-562884138,S2-299117454,S2-577486256,S2-221379524,S2-422398104,S2-143563693,S3-848296911,S3-553144510,S2-603978285,S3-307761309,S2-914727583,S2-248490959,S2-767323298,S2-374932545,S2-101441526,S2-666690906,S3-850428491,S3-561307572,S3-163064327,S3-869830532,S2-215904789,S3-673117219,S2-304102421,S3-24127308,S2-103857129,S3-161869359,S3-491878697,S2-735623776,S2-779534181,S3-956534782,S2-684124998,S3-429402153,S3-119126070,S3-677279332,S3-497054500,S3-984791036,S3-725113768,S3-296290549,S2-405852552,S2-258069548,S3-572037432,S2-328134793,S2-821725294,S3-973243130,S2-563787218,S3-879925191,S3-343165277,S2-704149845,S2-970086856,S3-329820904,S3-31833403,S3-563003313,S3-824615989
S1-602913883	S3-372768428,S3-737598598,S2-161047745,S2-945664965,S2-470511165,S2-119641312,S2-974914003,S2-366874326,S3-692922242,S2-148135037,S2-59042467,S2-613300980,S3-179580164,S2-661448473,S2-82600026,S3-911826778,S2-919756697,S3-886445489,S2-32330578,S2-454522940,S3-268529768,S2-622764236,S2-970885323,S3-32231515,S3-334278397,S2-303148353,S3-259865732,S3-226534128,S2-854860724,S2-718775157,S3-653929085,S3-750136882,S2-878552177,S3-219134644,S2-315282227,S2-709786570,S2-474056260,S3-291569442,S3-392406431,S3-660389772,S3-70266488,S3-571209945,S2-802961419,S2-825358250,S3-875979950,S3-19352570,S3-794294478,S2-715851950,S3-717663790,S3-525630702,S2-133487711,S2-278761266,S2-80330212,S3-837810882,S2-398026526,S3-872493673,S3-997847073,S3-808545425,S2-49649066,S2-533107175,S2-980105135,S3-658357636,S2-935264224,S3-297434789,S2-726668880,S2-576920398,S3-142443963,S2-984922464,S2-53227140,S3-72875767,S2-586925756,S3-958627428
S1-401372098	S3-960249828,S3-77188265,S2-139182951,S2-798019999,S2-480009101,S2-637677106,S2-794590656,S2-522390802,S2-575161283,S3-828783134,S2-588983725,S2-483976019,S3-954101204,S2-709605576,S2-876824000,S3-699489064,S2-386650001,S2-290767716,S3-311066654,S2-265103201,S2-629499045,S3-86202591,S2-755617217,S3-401738917,S2-612295757,S3-784146282,S3-94871640,S2-904984460,S2-455178985,S2-633932520,S3-17298898,S3-600153391,S3-321840031,S2-20597392,S2-879581452,S2-924470584,S3-225099963,S3-723516687,S2-523161724,S2-384167895,S2-302833544,S2-390877182,S3-78126814,S3-351407295,S3-104750588,S2-947954302,S2-362793045,S3-411128235,S3-1309487,S2-707662639,S2-980537150,S3-402378963,S3-696388492,S2-476567032,S2-281298862,S2-750070126,S2-719994251,S2-659500003,S2-882334739,S3-296417906,S2-872677369,S2-984522490,S3-113453925,S3-263214398,S2-857849107,S2-830637820,S2-128916471,S3-857670372,S2-138422467,S3-855328569,S3-929238256,S2-488697546,S3-919200640,S3-993043752
S1-796227187	S3-439802407,S3-969649464,S2-409845059,S3-684131476,S3-797811359,S2-204948859,S2-619207197,S3-514940496,S2-98478553,S2-868304097,S2-66825374,S3-675755532,S3-673570959,S2-107093321,S3-483298277,S2-114107374,S2-339741402,S2-30720967,S2-354653808,S3-490305685,S3-149417395,S2-646353252,S3-675766898,S3-371084039,S2-546086259,S3-72436049,S3-688802504,S2-724847000,S2-959236067,S2-412103615,S3-876614027,S2-539294394,S2-351927064,S2-403451816,S2-204065223,S3-551753520,S3-980674967,S2-854568174,S2-556827965,S3-541779869,S2-117557515,S2-480629519,S2-690708934,S2-741487604,S2-16448923,S2-580454269,S3-177797900,S3-121546221,S2-407467985,S3-837949489,S3-514142993,S2-315392518,S3-697752616,S2-57777878,S2-963792977,S3-911473224,S2-311975106,S2-543049878,S3-610300599,S2-144009955,S2-2524635,S3-93517096,S2-589452459,S2-546409229,S3-134333432,S2-88847209,S2-170230513,S2-226658215
S1-945437722	S2-60528114,S2-69050789,S3-435443424,S2-763496374,S2-382711062,S2-25787219,S2-577673588,S2-767667411,S3-823292350,S2-172598761,S3-626472668,S2-370293234,S3-50964635,S2-382115578,S3-632405952,S2-22852364,S2-782369167,S2-685692005,S2-727190886,S2-58857912,S3-375658853,S2-565160612,S3-878610159,S3-192868295,S2-619282421,S2-808487588,S2-582183376,S2-368414400,S2-775954166,S2-154936420,S2-742406486,S2-556744629,S2-823787316,S3-217828718,S3-902859371,S3-768918700,S2-906504493,S2-70400642,S2-661269276,S2-978297595,S3-164598545,S2-707526986,S3-968152093,S2-555362211,S2-387549670,S3-222679467,S2-589049536,S3-430583109,S3-410550015,S3-161905121,S3-506818727,S3-143989357,S3-605533046,S2-399204738,S2-774606449,S3-424915433,S2-690983591,S3-898724872,S2-741154187,S2-535571129,S3-961138114,S2-74226485,S3-647786487,S2-538687088,S2-757605679,S2-252970660,S3-410282181,S3-199789230,S3-783100240,S3-943428655,S2-341196430,S2-781600692
S1-982210261	S3-672443801,S3-42246356,S3-114066085,S3-241265910,S2-892014687,S2-724718209,S2-860206723,S2-614972408,S2-735364629,S2-642445801,S3-776173791,S2-155999799,S3-88503627,S3-780755998,S2-582933655,S3-133936349,S2-214158312,S2-677328882,S3-761544986,S3-811886894,S2-188376551,S3-981734999,S2-218675931,S3-306330459,S3-157147124,S3-379216455,S2-995265148,S2-144866274,S2-45298930,S3-860654141,S2-313663613,S3-536659198,S3-464309790,S2-300247037,S2-133588971,S3-903586887,S2-157987493,S3-173343049,S3-5823140,S3-516857309,S3-94547261,S2-841719044,S3-77294614,S3-36411554,S3-587731268,S2-290760729,S2-503582947,S2-678079382,S2-818920655,S2-192598130,S2-18646578,S3-556110998,S2-909474634,S2-236030949,S2-649066842,S2-875462892,S2-498337911,S2-570607082,S2-712638630,S2-842093370,S2-76420430,S2-203475430,S3-227045390,S2-111990597,S2-2549224,S2-799457865,S2-261460413,S3-713294554,S3-275505027,S2-374538617,S2-661366673,S2-579927699,S2-889578554,S2-974650127,S2-913703214,S2-240010318
S1-976369483	S3-625931091,S2-816261855,S3-59112640,S3-873317658,S2-920403124,S2-169781152,S2-559968500,S2-670387559,S2-716107739,S2-558937618,S2-817896368,S2-294232293,S3-494602384,S2-199120327,S2-609769408,S3-585811486,S3-400472202,S2-854915618,S2-988160788,S3-828171343,S3-651789135,S2-560033307,S2-146916043,S2-969280177,S2-391071061,S2-625252110,S2-165707418,S3-308273355,S3-320617216,S3-968697121,S2-524983476,S3-843222142,S2-239161790,S2-268719744,S2-575171696,S3-634356002,S3-915430298,S3-199665712,S2-312755050,S2-304909599,S2-653344339,S2-632900676,S2-60220510,S2-176858020,S3-978309149,S3-344903850,S2-689399889,S2-745254442,S2-559833029,S3-113961362,S2-309926538,S3-796856187,S2-642792694,S3-166403917,S2-578500844,S2-87338745,S3-896253313,S2-259936343,S2-302370442,S3-890950678,S2-910169358,S3-398498734,S2-524112838,S2-925983402,S2-106413714,S3-797737481,S2-725015966,S3-601152817,S2-591590794,S3-153984195,S2-463860714,S2-355092296,S3-201012703,S2-331219392,S2-599440835,S3-719715315,S2-577329491,S3-801131946,S2-600509404,S3-750595179
S1-370715897	S2-417443887,S3-286324760,S3-702403754,S2-779938874,S3-609845526,S2-152334398,S3-344524194,S2-145204119,S3-713272816,S3-574197847,S3-726777179,S2-525390784,S2-168976669,S3-124809816,S2-965734205,S3-993926129,S3-226256205,S3-77867037,S2-70367717,S3-606734490,S2-371585420,S3-914554102,S2-100025125,S3-689689104,S3-538882911,S3-416127783,S2-258524103,S2-764710498,S2-647511333,S2-843738909,S2-30396604,S3-505241519,S2-573094730,S2-57930209,S3-722880270,S2-505317886,S2-423131785,S3-501362181,S2-242367010,S3-970302965,S2-394645988,S3-911780569,S2-770231303,S2-612720340,S2-916507935,S2-740831697,S2-451501175,S2-339962968,S2-999584265,S2-564433190,S2-311231200,S3-879766769,S2-805898113,S2-791737495,S3-781591567,S2-894693263,S3-59643836,S2-362555190,S3-354306550,S3-514256575,S2-294062437,S3-535518513,S3-958622681,S2-24216314,S2-563493524,S3-297083452
S1-27029362	S2-555989079,S2-163555319,S3-896903837,S2-165707418,S2-146288242,S2-461500744,S2-357251125,S3-665971498,S2-382829277,S2-368778443,S2-87400554,S2-601243626,S3-19100181,S3-124271680,S3-948967367,S2-855633517,S2-525033790,S2-928217273,S2-308758583,S2-466214280,S3-471077518,S3-59971944,S2-210601194,S3-485124793,S2-671649180,S3-492238208,S2-564112793,S2-615299695,S3-236385912,S3-184735816,S2-101488070,S2-720369487,S3-416117385,S2-512466481,S3-466599305,S2-314631926,S2-871733427,S2-252010908,S2-801751736,S2-821100642,S3-691134059,S2-765826994,S3-718877929,S2-559829643,S2-123459391,S2-685204548,S3-475671149,S3-649268272,S3-590844052,S2-951855357,S3-558193849,S2-725526375,S3-31702339,S2-206694375,S2-937509955,S3-697705018,S3-935796819,S2-204920200,S2-418163020,S2-462603325,S3-144098054,S2-897693000,S3-676586526,S2-78329838,S2-89703733
S1-145829425	S2-393832348,S2-635633255,S2-97194488,S3-874384463,S3-918995225,S2-555466106,S2-436282991,S2-610584772,S2-515971854,S2-426435110,S2-635043016,S2-286097795,S2-133110262,S2-288262528,S2-922725407,S3-670850483,S2-844709600,S2-183683146,S2-583537485,S2-55660050,S2-821620592,S3-719973136,S3-959191728,S2-437077856,S3-85118791,S2-12516105,S2-381453553,S2-133270735,S2-536015921,S2-960959872,S3-612857236,S3-352295331,S2-439786382,S2-936297456,S2-419905370,S2-838604167,S2-417189085,S3-835812602,S2-521241320,S3-412907997,S3-975542500,S3-6826354,S2-997030171,S2-640788664,S2-208995733,S2-999751015,S2-270579589,S3-152530789,S2-498231595,S3-808428655,S2-941828890,S2-341476036,S3-401962497,S2-38112384,S2-188474350,S2-762900092,S3-428209909,S3-146754652,S2-265591149,S2-478844767,S2-977502186,S2-290752193,S2-3914789,S2-508087995,S2-631811074,S3-235455661,S3-981918235,S2-653858715,S3-445077695,S2-346652283,S2-25392184,S2-387057533,S2-910803059,S2-294753168,S2-420514719,S2-787824525,S3-657154075,S2-566672905,S2-593145404,S3-248745848
S1-993527714	S3-565876260,S3-513869711,S3-397262527,S3-568733372,S2-557237041,S2-390766383,S3-190152227,S3-193018281,S3-676083372,S2-752363850,S2-421662094,S3-376758433,S3-15485958,S2-484659524,S2-795512253,S2-28825195,S3-52464196,S2-430728799,S3-572265744,S3-256358206,S3-374917567,S3-419654153,S2-471108816,S2-701113384,S3-830820369,S3-988448411,S3-461851709,S3-156413929,S3-525630702,S2-814558932,S2-706422938,S2-975393416,S2-701210536,S2-82369450,S2-549687730,S2-769354462,S3-93750723,S2-169701381,S2-325027524,S2-118123178,S3-313019334,S3-228945092,S3-729289802,S3-468708763,S2-944801757,S3-514839284,S3-427655982,S3-197850265,S3-294262174,S2-72997553,S3-726108094,S3-45108087,S3-35885295,S2-648174625,S3-496756565,S2-459018782,S3-59112640,S2-366906301,S3-537686496,S3-243013052,S2-20298818,S3-597889796,S3-111562961,S2-223222992,S3-838538284,S3-765474468,S3-61909066,S2-702763732,S2-55431124,S3-920658684,S3-283497338,S3-582776256
S1-965555167	S2-712343515,S2-319707435,S2-273766757,S2-491696628,S3-58513531,S2-968791970,S2-666993506,S3-513059484,S3-476179409,S2-925675639,S3-665640805,S2-272337602,S3-572168000,S3-871938016,S2-801921158,S2-421212685,S2-844158922,S2-689170008,S2-248711366,S2-604072626,S3-776254706,S2-975552526,S3-479561258,S2-397569691,S2-947375356,S3-492400926,S3-385643906,S3-760808873,S2-359394330,S2-514426281,S3-640589615,S2-8864337,S3-825592879,S3-136904705,S2-588813010,S3-638929440,S2-89572020,S2-599355648,S3-539838619,S3-703834866,S3-752152926,S2-374677146,S3-797505453,S3-515825732,S3-816210277,S3-456658878,S2-632058285,S3-309446818,S2-889587153,S3-170227465,S2-919950975,S2-813086233,S2-250755722,S2-866729596,S2-762443405,S3-558566979,S3-34737707,S2-863652256,S3-580325007,S2-794115780,S3-177830630,S3-669692059,S3-17955028,S2-482665954,S3-758400452,S3-451426276,S3-984301120,S2-308073993,S2-478312353,S2-27938204,S3-983340363,S2-306905047,S3-717598108,S2-677089574,S3-715054132,S3-898778729,S2-697558578,S2-735950167
S1-151608539	S2-669512922,S2-856103258,S3-209819308,S2-835691033,S2-491703240,S3-753342448,S2-819728534,S3-850384342,S3-509927511,S3-421103964,S3-869748498,S3-201487648,S3-835902343,S2-981266260,S2-245887185,S2-573441368,S3-841303701,S2-705319605,S3-30824703,S2-862841483,S2-578011300,S2-216236637,S2-361177185,S3-226322318,S2-929907500,S2-974796269,S2-328685280,S2-260686291,S2-90835793,S3-101891714,S2-597797092,S3-106196636,S2-564999726,S2-964408894,S2-588491670,S3-92837925,S2-167528177,S3-130503761,S2-461768041,S2-934796779,S3-849101292,S2-152743419,S2-871289658,S2-557253038,S2-409357408,S2-361098007,S2-257188651,S2-220627807,S2-868510195,S2-711267664,S2-414170419,S2-650803267,S3-506879890,S2-297629478,S3-759397592,S2-602171891,S2-602152797,S2-302364911,S2-413295247,S2-635043016,S2-682024095,S3-623526198,S2-185513184,S3-248581258,S3-33315235,S2-210003694,S2-640835061,S2-872499154,S3-335287581,S3-299307922,S2-163375830,S2-670395970,S2-830470827,S2-236807174,S3-43371087,S3-524162521,S2-692386788,S3-896444759,S3-774147108,S2-788637934
S1-714672596	S2-959236067,S2-724208538,S3-586209406,S3-469005865,S2-589452459,S2-409845059,S3-72436049,S2-412103615,S3-115448409,S2-558833599,S2-619207197,S3-439802407,S2-646353252,S2-868304097,S3-562152339,S2-382074651,S2-546086259,S2-666668230,S2-290466046,S3-246576137,S3-876614027,S3-371084039,S2-287738916,S2-85230387,S3-362791941,S3-35762080,S3-551753520,S3-386169197,S3-859783672,S2-204065223,S3-349855875,S3-382970251,S2-140262533,S3-245194920,S2-811366167,S2-729768920,S2-756601361,S2-11221741,S2-78128722,S2-749092278,S3-748716759,S3-583655530,S2-591542820,S2-582909162,S3-797811359,S2-690708934,S3-177797900,S3-640211194,S3-969649464,S2-480629519,S3-916275531,S2-204948859,S3-134333432,S2-407467985,S2-146085436,S3-852507009,S2-846264451,S2-144009955,S2-887055860,S3-238481583,S2-546409229,S3-141612776,S3-282730613,S2-933336865,S3-610712761
S1-134898809	S2-520041157,S2-399400691,S2-475706495,S3-859875932,S3-585763973,S3-328943355,S2-509937094,S3-127558474,S2-163454528,S3-772806617,S2-717374654,S2-10307273,S3-629187030,S3-634120822,S2-537422507,S3-507788881,S2-370507866,S2-709004882,S3-289538942,S2-72408016,S2-758947477,S3-26712756,S2-705416280,S2-293954065,S3-772866930,S2-73900191,S2-775254406,S3-832550156,S2-472431733,S3-857273901,S2-481325776,S2-882600717,S2-674642033,S3-899597068,S2-500372250,S2-994717546,S2-131304691,S2-772343753,S2-395934077,S2-852144749,S2-648163199,S2-760508529,S3-635452487,S3-922073865,S2-458179068,S3-388872511,S3-564874596,S3-933489151,S3-620210016,S3-257000231,S3-851047342,S3-745166419,S2-46302968,S2-451003731,S3-422148977,S3-891135063,S3-142638389,S2-576488523
S1-500841209	S2-745722060,S3-396228567,S2-207063106,S2-991604604,S3-816081479,S2-183050312,S2-235976983,S2-771659054,S3-949357823,S3-194038047,S2-278568865,S2-335241811,S2-357048193,S3-886479106,S2-954365821,S3-285674461,S3-863132785,S3-870636888,S3-228391343,S3-20389771,S2-789361780,S2-12176579,S3-752834029,S2-195373941,S3-802059214,S2-400714565,S2-286515330,S3-470919309,S3-178825333,S2-824460780,S3-166453961,S2-625158084,S3-111944346,S2-597243519,S3-448721337,S2-664764813,S2-117168286,S3-313131665,S3-885655037,S3-464700755,S3-421504210,S3-152898433,S2-211308948,S3-658281338,S3-122541302,S3-71121809,S2-320139172,S2-861242079,S3-283782555,S3-229077036,S3-564758495,S2-578672612,S2-724358592,S3-65980735,S2-806124067,S3-662772837,S2-926207350,S2-913241262,S2-592551313,S3-259019265,S2-793749751,S3-283197385,S2-892253983,S3-475638450,S2-390840959,S2-826056840,S2-806329868,S3-804550468,S3-658103145,S2-952083916,S2-418658885,S3-849434759,S2-673717263,S3-127568363,S3-836358336,S3-584695621,S2-768439560,S3-285525621,S3-424948694
S1-855787505	S2-939621674,S2-377433131,S2-439786382,S2-133270735,S2-857755271,S2-385150695,S2-859754079,S2-49975588,S2-504551861,S2-136277018,S2-185170546,S2-122170914,S2-897714693,S3-500600375,S2-370175834,S2-464183193,S2-629189951,S2-78094358,S2-376218080,S2-373262251,S3-452657877,S2-532301142,S2-868242102,S2-509130817,S2-797531859,S2-948378324,S2-616111338,S3-515917721,S2-79991338,S2-42635997,S2-454847618,S2-949968073,S2-433699752,S2-91347281,S2-703034738,S2-838861846,S3-853250129,S2-469312440,S3-991423726,S2-517390671,S2-951282290,S2-417007275,S2-131763957,S3-515906556,S3-112942354,S2-381213797,S2-898599389,S3-593309908,S3-501829913,S3-996799947,S2-193067136,S3-131347113,S3-781814462,S3-166606494,S2-816508836,S2-103296406,S3-11848561,S2-727796564,S2-930839882,S3-308160209,S3-972147313,S3-839213014,S3-185194581,S2-756890612,S2-633665902,S2-557541533,S2-355336856,S3-192961807,S3-13674112,S2-454388173,S2-31257086,S3-777441725,S3-152190864,S2-237000605,S3-325884942,S3-123779645
S1-277072715	S2-244004800,S2-790293508,S2-334354664,S2-335116479,S3-346215563,S3-104821625,S3-367524706,S2-524480729,S3-101891714,S3-596483886,S2-93549767,S3-891295843,S3-955162368,S2-705319605,S3-83877165,S2-689574618,S3-974169717,S3-372197187,S3-519574946,S3-635508513,S2-805480508,S3-483519263,S3-127904788,S2-535757276,S3-39854630,S2-954205559,S3-782405440,S3-536026090,S2-626611389,S2-678940681,S2-760268909,S2-520769631,S2-346341564,S2-857250441,S3-709143333,S3-781292648,S2-847695083,S3-904865577,S3-40766644,S2-300179898,S3-649210123,S2-965389616,S2-834939286,S3-820719643,S3-319951107,S2-594722602,S3-620025574,S2-955922218,S3-552230357,S3-268134098,S2-303726261,S3-257404327,S2-243703156,S2-207900215,S3-762878761,S3-476950606,S2-578981867,S3-310015971,S2-291868119,S3-893196180,S2-918074562,S2-743305304,S2-409546504,S3-17715724,S3-222673668,S2-251752267,S3-30038847,S2-709188629,S2-772353019,S2-774775378,S2-48337240,S3-620949089,S3-387130498,S3-992638870,S2-982967148,S3-300764673
S1-269656551	S2-429647604,S2-3474475,S2-643584373,S3-535322018,S2-243445051,S2-95318203,S2-393326345,S2-634421838,S2-94785668,S2-132098743,S2-313347723,S2-294753168,S2-261566490,S3-746514208,S2-756362005,S3-984560776,S2-583375171,S2-270113589,S2-731982750,S3-942274291,S2-284652497,S3-97436279,S2-620182863,S3-398280537,S3-610043524,S2-417386837,S3-949231398,S3-332441961,S3-917038910,S2-310947827,S2-311737081,S3-28695133,S2-772679465,S2-615742370,S3-567523471,S2-93204758,S3-454470247,S3-781733238,S3-190267128,S2-430910338,S3-220024210,S2-362503507,S2-378174893,S3-576903480,S3-992725910,S3-360785204,S3-904294241,S2-327412253,S2-713946561,S3-663652167,S3-483519263,S3-785964044,S3-941234070,S2-802198494,S2-423445494,S3-216815698,S2-46266158,S2-748497852,S3-753125827,S2-604072265,S3-889875779,S2-345993950,S2-705748435,S2-563189834,S2-222661204,S3-16001336,S2-259419131,S2-807301152,S3-826983785,S2-712555235,S3-382375301,S3-211729388,S2-62955762,S2-163549432,S2-783594912,S3-899082751,S2-146781026,S3-900945129
S1-356020591	S2-594625212,S2-41468811,S3-681271552,S2-593330090,S2-817141568,S2-52897342,S2-756557381,S3-379284933,S3-683857915,S3-513449712,S2-131647303,S2-675338643,S2-918105213,S2-225350159,S3-177746021,S2-645819987,S2-980743302,S2-76382003,S2-112367897,S2-778124450,S3-974363392,S2-373967213,S2-759160109,S2-464667255,S3-402844066,S3-594449383,S2-634504463,S2-570057266,S2-494710355,S2-134405471,S2-153330537,S3-991164209,S2-750677464,S3-608495623,S3-236477640,S3-266114170,S2-149822384,S2-126761070,S2-639373844,S2-939501813,S2-414790508,S2-543007266,S3-798174717,S2-76951470,S3-551030540,S2-826868298,S3-109380096,S2-578987912,S3-173470073,S2-226388134,S3-884097763,S2-851344341,S2-365146592,S3-468708763,S3-280438562,S3-36991865,S3-214990669,S2-184737623,S3-17714702,S2-311868409,S3-409998509,S3-484004526,S3-218335406,S2-987659709,S2-946182361,S2-934911551,S3-43428103,S3-114044421,S2-771906288,S2-511376005,S2-71948771,S3-79369164
S1-627144525	S2-807288684,S2-794309360,S3-249006488,S2-833055569,S2-578952480,S3-300678052,S2-285482274,S2-134405648,S2-981505082,S2-956655346,S2-769355739,S2-187171602,S3-11463434,S3-192495901,S2-124263291,S3-167205608,S2-463914306,S2-677757521,S3-774208099,S2-571027021,S3-718557794,S2-434045596,S2-454547723,S2-701356490,S2-400028835,S2-547444939,S3-213941631,S3-321269025,S2-943919199,S2-271205523,S2-125975177,S2-491327048,S3-465934118,S2-44162524,S3-903095084,S3-26712756,S2-659885682,S3-81996617,S3-782019250,S3-352590211,S2-384167895,S2-464667255,S3-561230128,S2-634504463,S3-491354048,S2-833741325,S3-157205645,S2-225500382,S3-845113700,S2-575374815,S3-626713324,S3-57328121,S3-502883557,S3-674061062,S2-295121153,S3-444058366,S3-861887644,S3-983424467,S3-309626271,S3-943109373,S3-185433954,S3-323496999,S2-921383329,S2-720823918,S2-292955368,S2-334928044,S3-137644322
S1-514155563	S3-758150412,S3-457645040,S3-87180704,S2-430018838,S2-922859157,S3-694524525,S2-230916825,S2-104482773,S2-358523592,S2-476567032,S2-849901788,S2-681565072,S3-571199306,S2-347330149,S3-528447019,S2-192855848,S3-555286550,S3-768474733,S2-981221006,S2-665051185,S3-394218633,S2-307895059,S3-458595684,S2-306411438,S2-960037045,S3-931827686,S3-654274312,S2-179508305,S2-564651803,S2-872871985,S3-456462681,S2-658014465,S2-211136353,S3-18532307,S3-42114892,S2-405222082,S2-83562306,S2-690983591,S2-477052365,S2-959071314,S3-239795702,S2-771703296,S2-300268528,S3-67355855,S3-129768137,S3-662758812,S2-72476189,S3-781401026,S2-262889485,S2-543871817,S3-337284919,S3-229936726,S3-504816419,S2-235466217,S2-614551324,S3-690591851,S3-337204648,S2-841338302,S2-632648259,S2-976784888,S2-811727412,S3-901102742,S3-648534188,S3-375250254,S2-826868298
S1-942221484	S3-556636218,S3-92245407,S2-893815140,S2-508602797,S2-733743614,S3-57554529,S3-111150809,S2-182743306,S3-285250811,S3-564271531,S2-581223239,S2-131472362,S2-448720779,S3-830017134,S3-901487412,S3-864168787,S2-672381387,S2-699778678,S3-672473459,S2-403433940,S2-680255056,S2-552212465,S2-23752133,S2-867908464,S2-772356331,S2-372693544,S2-104884245,S2-966560033,S3-637842781,S2-808166134,S2-878310935,S2-44666065,S2-758912046,S2-213550532,S2-982088229,S3-160441920,S2-754021268,S2-213896172,S3-882023339,S2-524442597,S2-644850388,S3-262976887,S3-899170393,S3-36630038,S2-856950705,S3-270803698,S3-950217252,S3-208577176,S2-139638068,S2-481178815,S3-295768141,S2-185660724,S3-249868810,S3-356541626,S2-908082542,S2-969694515,S3-652654064,S2-914904844,S2-768849361,S2-79115247,S3-310992634,S2-631941946,S2-494415388,S3-73092007,S3-685669374,S2-647640576,S3-181414603,S3-451642542,S3-947459164,S3-761224949,S2-613046808,S3-642956138,S3-414972364,S2-678362777,S3-951606626,S3-955991590,S2-384330461,S2-38173387,S3-120776314,S3-328580065
S1-966462381	S2-927293183,S2-376652633,S2-733438521,S2-710629140,S3-364992398,S3-242051209,S2-365167281,S2-785171733,S2-816205839,S2-896102199,S2-558630771,S2-676486141,S3-745008740,S2-405852552,S2-367663348,S2-530330935,S2-144152685,S2-821893822,S2-693145762,S3-167658441,S2-797406459,S2-891142270,S2-774576625,S3-128868318,S2-84830309,S2-186703584,S2-85324764,S2-31044701,S2-33172182,S2-558664572,S2-672810684,S2-831913614,S2-565073472,S2-38502035,S3-731544918,S2-14639877,S3-942277224,S2-296933351,S2-734833318,S2-6989163,S3-23114906,S2-643584373,S2-175751444,S3-743353918,S3-296290549,S3-161869359,S3-240735488,S2-683350099,S3-678052206,S2-954486837,S3-398914738,S2-991173575,S2-156971689,S2-556615279,S2-232586567,S3-984791036,S3-440056884,S2-258069548,S3-556655185,S2-355755070,S2-735623776,S3-707261685,S3-103850732,S3-411120601,S3-394257782,S3-516295751,S2-652137498,S2-103857129,S2-667620522,S3-985371852,S2-188795378,S2-337572515,S3-180954748,S2-237184800
S1-681392030	S2-904218423,S3-269509733,S3-252400128,S2-252989755,S3-965519036,S2-777852452,S2-595648399,S3-222310642,S2-563821149,S2-400714565,S3-997257396,S2-245819314,S2-949345693,S3-199017966,S2-799159782,S2-495793419,S3-892577471,S2-423837579,S3-831988468,S2-612587983,S3-917109012,S3-589089722,S2-67322799,S2-795166346,S3-887580850,S2-201089624,S2-505987024,S3-34252124,S3-71503410,S3-730655231,S3-389879517,S3-332361882,S2-254411741,S2-283100870,S3-562251470,S2-915202445,S3-175915897,S3-899267046,S2-97406596,S2-209200464,S3-486237423,S2-385870280,S2-483921688,S2-222900232,S2-281832582,S2-6505501,S3-120776314,S2-555593257,S2-933093889,S3-807339727,S2-636735401,S3-414826626,S3-147481269,S3-194161328,S2-394362178,S3-1590592,S3-586440066,S2-840513052,S3-629526913,S2-572607165,S3-621565675,S2-955293779,S2-208754757,S2-168413389,S2-572850205,S3-178951123,S3-200550392,S3-693578227,S3-101066411,S2-93891477,S3-33872812
S1-492467148	S2-87502829,S3-706185976,S3-290139812,S3-843610096,S3-412034068,S3-445606212,S3-160839018,S3-977593797,S3-620350741,S3-171037095,S3-164641549,S2-908566664,S2-712343515,S2-993827792,S3-760808873,S3-958928073,S3-636625096,S3-751560068,S3-842789011,S3-449767587,S2-486806523,S2-954237935,S2-815090963,S2-161781122,S3-772927660,S3-284173365,S2-131337640,S2-190103839,S2-28576949,S2-949104942,S3-772806617,S3-484444209,S2-571027021,S2-478379552,S2-988716466,S3-383555287,S3-738784046,S2-611448468,S2-555983033,S2-163214010,S3-17955028,S3-994545656,S3-607757348,S2-27938204,S2-611201507,S3-178421278,S3-669692059,S2-308073993,S3-515825732,S2-306905047,S3-34737707,S3-580325007,S2-677089574,S3-344681418,S3-797505453,S3-3713076,S3-442301546,S3-322128613,S3-170227465,S2-762443405,S3-636803677,S3-177830630,S2-717368863,S3-984301120,S2-632058285,S2-837615087,S3-164289844,S2-813086233,S3-242372917,S2-250755722,S2-42376972,S2-376939341,S2-919950975,S3-302638216
S1-791867209	S2-151493351,S2-372159254,S3-194330583,S3-24096050,S3-908024390,S3-602622459,S3-221766363,S2-222195168,S2-446700518,S2-614348283,S3-848687088,S3-124409600,S2-941654320,S3-763078161,S3-525701350,S3-110583986,S2-922052082,S2-799122968,S2-643117947,S3-928142216,S2-461838984,S3-919536874,S3-552863038,S3-804663053,S2-720325875,S3-102168045,S3-269124649,S3-898969927,S2-995695120,S3-428931798,S2-740276642,S2-983353309,S2-59333572,S2-127473583,S2-547415476,S3-640507824,S2-976736766,S3-217025565,S2-633501952,S2-286020093,S3-569338351,S2-260424250,S2-106637971,S3-758419979,S3-508834162,S3-489196101,S2-60167420,S2-936893839,S3-462074405,S2-515829880,S3-196724213,S3-108558103,S2-867796043,S2-503888062,S2-72591393,S2-941126528,S2-373557599,S2-532353401,S3-362473163,S3-391942647,S2-386856198,S3-96345817,S3-628730631,S2-312349548,S3-888015732,S2-638929694,S2-270668686,S3-695893851,S2-833414826,S2-810134050,S2-36616552,S2-114336096,S2-360582844,S3-198775873,S2-273020422,S3-303915789
S1-951599976	S3-107514005,S2-466291404,S2-103194364,S2-958380385,S2-173348332,S2-132906535,S2-485991519,S3-149419596,S2-27031605,S2-98909116,S2-57718998,S3-722138228,S3-836784491,S2-239683458,S3-720531480,S3-20405732,S2-766853595,S3-337022057,S3-952993418,S2-709183260,S3-180076882,S2-749150045,S3-956337684,S2-105259898,S2-116108106,S2-620474049,S2-915215358,S2-921785201,S3-946575812,S2-196921610,S2-492031103,S2-904743343,S2-4685664,S3-657554962,S3-117310155,S3-973824549,S2-540981835,S2-364146512,S3-952859086,S2-916631929,S3-386031697,S3-275103194,S2-445040511,S2-364349922,S3-608914442,S2-728166595,S2-457321092,S3-427753845,S3-477839721,S3-633955131,S2-327738915,S2-217920730,S3-373634286,S3-635275159,S2-311629946,S2-135930761,S3-891897787,S3-628562721,S2-28695883,S2-248800034,S3-756572673,S3-917524688,S2-654590133,S3-797937383,S3-984677897,S3-957086851,S3-914756733,S2-658931316,S3-782019250,S3-296246968
S1-315450523	S3-538461805,S2-824864160,S3-540834721,S3-302636705,S2-854293372,S3-787194521,S2-964249489,S2-884135049,S3-913532283,S3-439043205,S3-646783715,S2-855633517,S2-912823376,S2-521688982,S3-59971944,S2-210601194,S3-485124793,S2-564112793,S2-671649180,S3-415122355,S3-133538008,S2-615299695,S3-577510868,S2-690720298,S2-320211875,S3-236385912,S2-287028156,S3-316999615,S2-941190662,S3-416117385,S2-875242013,S2-959009198,S3-906745557,S3-689224761,S2-720823918,S2-989980443,S2-631599603,S2-598487338,S2-588200300,S3-907272755,S2-627360379,S3-96703249,S2-601296699,S2-87449321,S2-1342502,S3-44661932,S2-101417735,S3-634380382,S2-192774038,S2-468773059,S3-417056789,S2-535571129,S3-837809926,S3-414957496,S3-935413036,S2-779798528,S2-353286604,S2-195483441,S3-738616552,S2-535154938,S2-710133999,S2-362772997,S2-512834037,S3-974211568,S3-104868844,S2-894768766,S3-503939530,S2-921586557,S3-731504592,S2-879392749,S2-742123199,S2-805779492,S3-907842082,S2-676661435,S3-373686673,S2-641336928,S2-192862353,S2-716653534,S3-568559263,S2-123802401
S1-666876590	S2-937072190,S2-994633972,S2-355761663,S2-414628095,S2-158399201,S3-815882205,S3-410477423,S2-373262251,S3-36128443,S2-125854340,S2-774851698,S2-439786382,S3-950660541,S2-278376019,S3-595279293,S2-606077666,S2-251764558,S3-837573909,S2-857755271,S2-133270735,S2-91347281,S2-42635997,S2-195272627,S2-117521956,S2-859754079,S2-966149854,S2-79991338,S3-771746675,S2-49975588,S3-325851644,S2-802941686,S3-500600375,S3-613085634,S3-745188159,S2-678397994,S2-656530182,S2-981205510,S3-562783379,S2-464183193,S2-61436897,S3-671431144,S2-281711826,S2-16423658,S3-750723099,S3-187346147,S3-432441682,S3-630184262,S3-540327505,S3-654934042,S2-899215772,S3-335329623,S2-514153094,S2-486572799,S3-786824233,S3-782900218,S3-22034367,S3-603534315,S3-403724993,S2-398889114,S3-90976994,S2-188474350,S3-415365056,S3-381652652,S2-669432376,S3-562460845,S3-834707962,S3-672606076,S2-493250458,S3-310706352,S2-958554600,S2-430060563,S2-838861846,S2-727104995,S3-991314229,S2-484861843,S2-460064158,S2-971491700,S2-816119025,S2-529927600
S1-913301865	S3-674828879,S3-881540994,S2-678446632,S2-156814930,S2-837324305,S2-882915480,S3-929868019,S2-577177177,S3-264028168,S2-675178649,S3-132090076,S3-626669989,S2-284501015,S2-213264834,S2-971315158,S2-330649182,S2-472320169,S3-789619595,S2-894087016,S2-671800689,S3-83968542,S3-641585715,S2-575140281,S2-300364350,S2-797380328,S3-878140649,S3-671475762,S3-287033338,S3-901792554,S2-483022418,S3-863870468,S3-206472726,S3-456376115,S2-626457403,S2-983169833,S2-504527920,S2-653279340,S2-558818013,S3-188986894,S2-789114315,S2-829823549,S2-341726694,S3-310450053,S2-905814412,S3-462558214,S2-20456380,S3-739506170,S2-360664217,S3-704488374,S2-602771038,S2-274167062,S2-756851853,S3-580494386,S2-365761987,S3-346252532,S2-12796093,S2-513182626,S2-973391175,S2-893853066,S2-942809953,S2-724042225,S2-265438976,S2-706238826,S2-708094646,S3-795667598,S2-102309877,S2-826360573,S3-463626481,S3-743039174,S3-575641579,S3-460045321,S2-426144370,S3-402925234,S2-954040084,S2-731215113,S2-677777592,S2-273060628,S2-395804945,S2-477465011,S2-364143834
S1-216181354	S2-146797073,S2-569860965,S3-963964496,S2-877479417,S3-949231398,S3-454470247,S3-781733238,S3-332441961,S3-137488563,S2-444445874,S3-535322018,S3-539654779,S3-637842242,S3-326931900,S3-476950606,S3-942274291,S2-294753168,S3-368052167,S3-468984095,S3-429802199,S2-583375171,S3-73610575,S2-772679465,S3-522831337,S3-398280537,S3-605157544,S3-14144922,S2-663666938,S2-429647604,S2-566487687,S2-324753106,S2-513622283,S3-367210121,S2-594355870,S2-376218080,S3-732351946,S3-859268022,S3-171499226,S3-419645866,S2-59402799,S2-858434244,S2-915150941,S3-140091780,S2-696932,S2-647844092,S2-324430030,S3-698592979,S3-830582082,S2-200207008,S2-906620714,S2-782823783,S3-369903443,S2-384889673,S2-133110262,S3-574716551,S2-393629406,S2-410424874,S2-835201023,S3-188588389,S2-909064291,S3-724709525,S3-960809373,S3-454413362,S3-977086194,S3-478057775,S3-971152355,S3-352188588,S3-370257539,S2-307447477,S2-440400231,S3-114048328,S2-864475923,S3-603410948,S2-591649583,S2-699733797,S3-814590488,S2-911658880,S3-356720966,S3-860821345,S3-744842122
S1-454111437	S2-866973157,S3-131889054,S3-423780304,S2-521607400,S2-683543981,S3-415467938,S2-69730118,S3-839886025,S2-227919796,S3-119777326,S2-777793443,S2-439954450,S2-976398248,S2-811096678,S2-827362320,S2-704733115,S2-165416638,S2-369242155,S2-609813665,S2-564777969,S3-436753363,S2-576312763,S3-664802217,S3-190862826,S3-10903789,S3-77789877,S2-379681725,S2-405852552,S2-453295786,S2-542437660,S3-320668506,S2-904899367,S2-193843454,S3-990707716,S2-346216089,S2-148829004,S2-169597264,S2-340084555,S2-29853434,S2-356538635,S3-705051292,S2-999751015,S2-655077376,S2-861414287,S2-605701830,S2-377809075,S3-24439712,S2-997030171,S3-331155248,S2-309620484,S3-401962497,S3-852345545,S2-191866478,S3-896872183,S2-920706546,S2-328559856,S3-827638395,S2-635819759,S3-508314824,S3-514445546,S2-865286567,S2-50695556,S3-891120469,S2-927458565,S3-908600313,S2-363897400,S3-445077695,S3-886783014,S2-947133868,S3-141091621,S3-903015579,S2-830436713
S1-960158214	S3-118215615,S3-788787211,S2-547552096,S2-167741701,S2-913814221,S3-628558982,S2-845372583,S3-693507259,S2-800239837,S2-413021156,S2-475170125,S2-841933804,S3-716727930,S3-620046221,S3-946323575,S2-230424122,S3-746110253,S2-381589500,S3-220080021,S2-907395422,S2-92959536,S2-126464482,S3-13039089,S3-778962596,S2-176647000,S3-574711844,S3-413103989,S2-883825428,S3-664791067,S2-598588474,S2-477730535,S2-230318461,S3-963404620,S2-610110921,S3-631893679,S3-514327405,S2-720292592,S2-902293015,S3-658505762,S3-672995760,S3-129040955,S3-413181797,S2-44918948,S3-334430580,S2-838951760,S3-356960823,S3-277340470,S3-834924261,S2-648770543,S2-264484931,S3-79946341,S3-837558160,S3-662166307,S2-202810144,S2-510931175,S2-185623974,S3-553183996,S2-98871125,S3-838944192,S2-405314585,S3-176053661,S3-162964373,S2-440381905,S3-218478811,S3-126123208,S2-772964316,S2-473007113,S2-782801850
S1-743171772	S2-834773587,S2-197364539,S2-522156889,S2-418085058,S2-368774893,S2-804045537,S3-875003630,S3-798182641,S2-446433638,S3-440922741,S2-42250188,S2-370293234,S2-550158359,S2-368129427,S3-773062845,S2-807570296,S2-544993889,S3-741979340,S3-167613789,S3-994782079,S2-520700259,S3-670669831,S3-77867037,S2-843937862,S3-528882942,S3-569358372,S2-701577168,S2-614588117,S2-764174050,S3-396240758,S2-550763752,S2-748051335,S3-485222128,S2-656570542,S2-16274385,S2-293001435,S2-888022139,S3-186495396,S3-523960321,S3-881890590,S2-498724162,S3-521208960,S3-297823770,S3-761706870,S3-679368070,S2-299335327,S2-639432049,S2-35608353,S3-52354438,S3-121124088,S2-57072054,S2-351822798,S3-749362049,S3-434622685,S3-899568570,S3-996297070,S3-488847849,S3-64704523,S3-875568914,S3-290815733,S3-122459425,S2-55586458,S3-288216766,S2-618616165,S3-230645592,S3-326946929
S1-965549055	S2-598903790,S2-979225530,S2-68570795,S2-33859629,S2-513743270,S2-428128275,S3-936658975,S2-485213030,S3-361984124,S2-454977828,S3-981907668,S3-681564149,S2-692224370,S3-168049593,S3-409077381,S2-586995358,S3-231697906,S3-534754699,S2-198805884,S2-395489902,S2-868087865,S2-840112181,S3-455373073,S3-732975762,S2-779589177,S3-279394709,S2-769945165,S2-569515778,S2-871071444,S2-738963843,S2-903994704,S3-77514552,S2-597108417,S3-729289802,S3-476341689,S2-122367876,S3-335128845,S2-293821304,S2-708733355,S2-642802354,S3-451748541,S2-450847341,S3-215595067,S3-392104071,S3-411179366,S3-793944116,S2-690532976,S3-773459318,S3-5597383,S2-850203462,S3-776069634,S2-917950737,S2-673717263,S2-266604924,S3-318025344,S3-532479968,S2-721443742,S2-808944390,S2-634770470,S2-318546967,S2-740831664,S3-627643775,S2-475524221,S2-710133999,S3-616866873,S2-628018639,S2-876107799,S3-586205176,S2-60948475,S3-778374264,S2-441192663,S2-13858056,S3-230409571,S2-761973445,S3-789923863,S2-431280729
S1-947119891	S2-243138095,S2-403406101,S2-310251108,S2-306611386,S3-356089561,S2-994296522,S3-264339572,S2-832504220,S3-395753334,S3-10944569,S2-634927127,S3-637013816,S2-137750272,S2-102039611,S2-714623338,S2-887931841,S2-247595002,S3-204595455,S3-618685301,S2-894749036,S2-494297274,S2-860298474,S2-375035645,S2-463543324,S2-7281724,S2-185083635,S3-841970979,S2-664375008,S3-119119131,S2-758210318,S2-933085923,S2-481720298,S2-147590589,S2-71207926,S2-317732873,S2-271687013,S2-542233298,S3-751445967,S3-854419539,S3-306897876,S2-988714426,S2-339610900,S2-655848451,S3-822764134,S3-116646037,S3-444781328,S2-750677464,S3-496985775,S2-177333698,S3-135056785,S3-313620211,S3-693437343,S2-894313135,S2-406304024,S2-794549290,S3-856331014,S3-808208730,S2-679521809,S3-673104553,S2-38301252,S3-132270701,S2-735364622,S3-369752465,S3-107281597,S2-394257658,S3-202884502,S2-736343246,S3-185187214,S3-804193171,S3-924671340,S2-778964854,S3-977323322,S3-260998217,S3-409984544
S1-511561869	S2-478183673,S2-725807101,S2-398889114,S2-21967462,S3-429402153,S3-522021872,S2-947758414,S3-692231270,S2-184538225,S3-893103713,S2-600115417,S2-774426640,S2-383148775,S3-224530253,S3-44132772,S2-377790326,S3-706530105,S3-729806324,S3-884562966,S3-913640678,S2-148435905,S2-562884138,S3-83872824,S2-422398104,S2-221379524,S3-36671169,S3-451526773,S2-603978285,S3-848296911,S2-654583269,S3-740193994,S2-143563693,S2-333718241,S3-538558250,S2-666690906,S3-850428491,S2-101441526,S2-686218274,S3-307761309,S2-293444864,S2-904009571,S3-836083070,S3-795973989,S2-915769300,S2-850046906,S3-661934263,S3-47035394,S2-574530624,S3-947882124,S2-789940564,S2-665553562,S2-181600483,S3-209819308,S3-1897397,S3-592191977,S3-975997048,S2-211198150,S2-526412482,S3-849089486,S2-446517823,S3-469663707,S3-440614619,S2-259477709,S3-101358361,S3-76550766,S3-741559976,S2-377526941,S2-484772010,S3-776598091,S2-799015934,S3-268754508
S1-302710833	S2-766853595,S3-180076882,S3-417788389,S2-57718998,S2-27031605,S2-485991519,S3-946575812,S3-337022057,S2-105259898,S2-749150045,S2-620474049,S3-722138228,S2-709183260,S2-904743343,S2-98909116,S2-842281516,S2-427947632,S3-967167103,S3-234304199,S3-723782835,S3-987782660,S2-833900025,S2-662221399,S2-802999298,S2-296371420,S3-976237098,S2-303388367,S3-332804359,S3-176339077,S3-126702578,S2-736010823,S2-234084042,S3-158647161,S2-106408832,S3-835400406,S3-396636859,S3-566356177,S3-6994759,S2-557486904,S3-307554574,S3-650052284,S3-219285826,S2-516350,S2-637753619,S3-460769767,S3-451937502,S3-755013434,S2-142963156,S3-835966412,S3-580923884,S2-620809133,S2-869997549,S3-138443272,S3-100473025,S2-559740726,S2-20487623,S3-908560844,S2-869942991,S2-165765238,S3-272664717,S2-222239433,S3-661663172,S2-973403209,S2-696094904,S3-170320707,S3-76507541,S3-493037052,S3-121166527,S2-289025762,S2-131264573,S2-585973304,S3-888856135
S1-888660595	S2-606077666,S2-439786382,S2-802198494,S2-857755271,S2-563787218,S3-213955752,S3-134020914,S2-466263961,S2-133270735,S2-960750480,S2-101919056,S2-859754079,S2-768390863,S3-957830439,S2-215169300,S2-423654377,S2-124354007,S3-293502732,S3-802450176,S2-49975588,S2-976730217,S2-370175834,S2-897714693,S2-868242102,S2-948378324,S2-488319175,S2-353638829,S2-341476036,S2-659432679,S2-771685137,S2-454847618,S2-433699752,S2-638684729,S3-952023289,S2-956912354,S3-156911345,S2-219425885,S3-931219163,S2-607642800,S3-536796089,S2-855831597,S2-988553608,S3-536760404,S3-362905828,S2-245109618,S2-594630623,S2-838861846,S3-783631819,S3-65954707,S3-733470679,S3-769172660,S3-647537069,S3-544627543,S2-531501988,S2-457905264,S2-317374397,S3-926527365,S3-574114935,S3-39767214,S2-765265626,S3-734883432,S3-797597796,S2-630020405,S3-129283069,S2-276808955,S2-189066909,S2-122674932,S2-880324550,S3-598999080,S3-545041651,S2-315322903,S3-62255730,S2-584595791,S2-722400387,S3-901565695,S3-558217494
S1-684656443	S3-281499454,S3-298201053,S3-376921384,S3-983485498,S3-70967762,S3-149357904,S3-964076444,S3-70230145,S2-295909711,S2-875308609,S3-245519481,S2-198257464,S3-544290542,S3-130386239,S2-1311030,S2-487886803,S3-293958767,S3-574863847,S2-478352157,S2-753002679,S2-765729956,S3-996515449,S2-916455411,S2-415463120,S2-876621019,S3-426609346,S3-415579908,S2-425845390,S2-707214565,S2-75752139,S2-353096605,S3-783457187,S3-980295698,S3-401338916,S3-241485539,S3-802982515,S2-850973276,S2-666251389,S3-922856253,S2-44617838,S2-778583863,S2-479495798,S3-925310335,S3-203948842,S2-814955870,S2-930867842,S3-847790890,S3-721333570,S2-711514278,S3-419447747,S3-752924725,S3-73113721,S3-731412858,S2-964292853,S3-202608236,S2-62076916,S2-178021199,S3-51925342,S3-526509160,S3-917432837,S3-620286426,S3-901565695,S3-179787180,S3-117703263,S2-738229447,S3-700873379,S2-862759276,S3-792606740,S2-886359416,S2-745673827,S3-54546407,S3-678736644,S3-867791791,S2-666372480
S1-279914306	S2-542496478,S2-766683655,S3-828129932,S2-954259326,S2-541570442,S2-653459371,S3-77854249,S3-753378300,S2-722331138,S2-85355042,S3-474213127,S2-417013477,S2-756557381,S3-141836988,S3-683857915,S2-984861544,S3-879532817,S3-940525809,S3-150842200,S2-681990551,S2-900963319,S2-977030657,S2-720016892,S2-297138958,S3-449034214,S3-569801519,S2-428909881,S2-232001114,S3-437036154,S2-310092090,S3-943765305,S2-516030205,S3-95490072,S3-590840063,S3-972578283,S3-159170060,S2-222608711,S3-402738811,S2-792256323,S2-1820162,S3-849454973,S3-99690053,S2-981835045,S2-943191667,S2-735254538,S3-341129772,S3-732243643,S2-887723547,S2-333497398,S2-891638142,S2-371121437,S2-214749166,S2-64051496,S2-438481264,S3-250698365,S2-421572812,S2-87932682,S2-256061053,S3-88379412,S3-867093061,S3-474615595,S3-712484577,S2-535421798,S2-315122042,S2-221085194,S2-652473215,S2-133079500,S3-389792500,S2-379970503
S1-294547159	S2-466605494,S3-222883210,S2-477057587,S2-491719252,S2-118016291,S3-202128919,S2-177683074,S3-408518922,S2-511106943,S3-306656842,S3-148334252,S2-445846380,S2-974985965,S3-402137119,S2-850544105,S3-787034946,S3-356199106,S2-126003092,S2-395499046,S3-961418694,S2-933571447,S2-157931999,S2-1240778,S3-604369676,S2-788608995,S3-358431629,S3-310659457,S3-784460369,S3-314731639,S2-538936239,S3-488609335,S2-429059121,S2-578991888,S2-581496112,S2-125034015,S2-729041067,S2-212967391,S2-467185031,S2-846858864,S2-135707728,S3-167328110,S3-536524497,S2-551679176,S3-453642636,S2-708229171,S3-323133005,S3-290664485,S3-81309234,S2-573593280,S3-603040209,S3-67536983,S3-71422225,S3-196809331,S3-578617882,S3-958128661,S2-244581429,S2-840537112,S3-80323204,S2-600229451,S2-656472695,S2-112482670,S3-979838610,S2-388212979,S2-151583137,S3-295269301,S3-71989301,S3-120973852,S3-936920543,S2-169894394,S2-661724330,S2-279522103,S2-656536767
S1-208973592	S2-64494419,S2-211105880,S2-276169296,S3-663938352,S2-458684012,S2-672516320,S2-172322594,S2-602525424,S2-75100863,S2-890134138,S2-556053150,S2-215820134,S2-687521137,S3-586722450,S3-595024707,S2-897810862,S2-504538558,S2-390967256,S2-712222053,S2-538680925,S3-6965579,S2-845973569,S3-669068505,S2-562605092,S2-839908195,S3-77225939,S2-976466718,S3-376333874,S2-397065527,S2-983353309,S2-749368685,S2-424407698,S2-899306764,S2-350762938,S3-699519525,S2-319907194,S2-870925457,S2-756162315,S2-459061465,S2-766754161,S3-823065051,S2-612093693,S2-506941575,S3-810267966,S2-849890737,S2-295095925,S2-929993769,S2-420152152,S2-394324148,S2-250415265,S2-867491103,S2-590227135,S2-276626074,S2-779197401,S2-121433699,S2-561629536,S2-582458634,S2-625786247,S3-593650768,S2-566655641,S2-444585102,S3-868372377,S2-255852747,S2-836875648,S3-633032599,S2-515796690,S2-431337716,S2-682553949,S2-316798869,S2-568413806,S2-46794115,S2-309926538,S2-715796537,S2-413608186,S2-842580585
S1-859252896	S3-884861558,S3-19433299,S2-578718206,S2-511587865,S2-772952440,S2-138068334,S2-604564398,S3-750511957,S3-387563975,S2-59900544,S3-139227407,S2-622840253,S3-182710057,S3-454887528,S2-929441823,S2-436332034,S2-69236262,S2-940954835,S3-385531710,S2-680477816,S2-792697978,S2-837615087,S2-567477819,S2-788704650,S3-949340716,S2-432301242,S2-327889768,S2-99260087,S3-712737042,S2-685617505,S2-385606345,S2-256236598,S3-409753746,S2-691378567,S2-606954109,S3-285964201,S2-847642452,S3-454082545,S2-658050018,S2-831064278,S2-237375796,S2-945583457,S2-496567278,S3-14314164,S3-520377103,S2-109889328,S2-55378143,S3-984897726,S2-678063249,S3-451356305,S3-770573140,S3-574922905,S2-215101171,S3-331067590,S2-691956246,S2-930522717,S3-864255814,S2-665849985,S3-397237093,S3-248802685,S2-987231071,S3-473654146,S3-39275186,S3-482544121,S3-484799688,S2-219775662,S2-468782642
S1-630223771	S2-200200363,S2-341476036,S3-893787123,S2-871358534,S2-356719931,S2-431346739,S2-515581965,S2-140961326,S2-439786382,S2-107651401,S2-509764556,S3-127881067,S2-857755271,S3-302912324,S2-133270735,S2-616111338,S3-946591687,S2-859754079,S2-268215000,S2-467149347,S2-926069490,S3-656142449,S2-389868405,S3-711600788,S2-568612668,S2-307119673,S3-517086353,S3-767336454,S2-454847618,S2-868242102,S2-980786220,S3-931219163,S2-897714693,S2-517390671,S2-49975588,S2-494717429,S3-615900852,S2-523476248,S2-797531859,S2-638684729,S3-403724993,S2-254369727,S2-849332419,S3-876496827,S2-508665532,S2-353165166,S3-265647663,S2-795261579,S3-629429451,S2-607946610,S2-60474665,S2-361731375,S2-304238279,S2-309819640,S3-333239669,S3-207018248,S2-911905811,S3-504533745,S2-157987020,S2-241086103,S2-913033756,S2-941828890,S2-516030727,S2-138118490,S2-843717112,S2-838861846,S2-927447584,S2-352121573,S3-113687455,S2-517957550
S1-223600564	S2-851280786,S2-390754900,S2-120498114,S2-388542289,S2-448517406,S3-192220018,S3-944584359,S3-645009021,S3-859639996,S3-918922262,S3-303258990,S2-653631863,S3-298924165,S3-703350161,S2-896696403,S2-455257457,S3-837632222,S2-781135577,S2-287364514,S2-441938596,S3-608173427,S2-329620947,S2-214717915,S2-782049803,S3-132281000,S3-147606215,S3-286715376,S3-745203872,S3-484021562,S3-361763454,S3-363963987,S3-449057087,S2-704449115,S3-161407933,S3-289273205,S3-440056884,S2-68452364,S2-254739149,S2-790339230,S2-984455857,S3-733188944,S3-854056671,S3-777937227,S2-152480745,S2-290727820,S3-235777340,S2-235398491,S2-845027076,S3-945500336,S3-321107635,S2-655077376,S2-703515912,S3-801239092,S3-218976909,S2-631544331,S2-855048394,S3-820003230,S3-554589110,S3-859264677,S3-664716893,S2-259904588,S3-174713586,S3-805146789,S3-524217047,S2-818768037,S3-911257472,S3-271865155,S3-394359340,S2-602152797,S3-867084788,S3-891120469,S3-362853940,S3-195313561,S3-833810569,S3-520785397,S3-313148512
S1-72918323	S2-53406801,S2-811799202,S2-861273511,S3-276633992,S2-84848327,S2-141369082,S3-293947402,S3-948089755,S2-434061227,S2-859819539,S3-27716195,S2-100073794,S2-337462823,S2-502416225,S3-251297062,S3-101349689,S3-224424752,S2-512442444,S2-666971517,S2-659685525,S2-70140928,S2-286881176,S3-328749011,S2-867647036,S2-9004241,S2-978539656,S2-127063550,S2-823218942,S2-733348440,S2-354439624,S2-76382003,S2-133231514,S3-113789055,S2-793873011,S2-703366028,S2-34692136,S3-795557862,S2-356738680,S3-910231447,S2-577707037,S3-991099247,S2-126103359,S3-576009751,S3-367017196,S3-798174717,S2-415851576,S2-525099787,S2-687568056,S2-152027419,S2-87479797,S2-774140668,S3-378548845,S3-552070970,S2-672714236,S2-724144734,S3-912059056,S3-989703784,S3-165017733,S3-425135701,S2-323765241,S2-127518469,S2-640361421,S3-326194839,S3-394795839,S2-668804731,S2-71948771,S3-355011517,S2-808100278,S2-200438254,S2-540205713,S2-917792823,S2-116041187,S3-11891703,S2-339884517,S2-904427510,S3-905839028,S3-246816427,S2-584696844
S1-754175313	S2-148508078,S2-926003911,S2-633573619,S2-44549169,S3-950043411,S3-758636537,S2-419154195,S2-905524748,S3-847647581,S2-633968124,S3-582285509,S2-898599389,S3-170291721,S2-494430593,S2-697129727,S2-489088581,S2-859848018,S2-419111400,S2-370391129,S2-32921581,S2-656397915,S2-904833346,S3-427889315,S2-644290298,S2-959836376,S2-729671636,S2-340948199,S2-71621081,S2-921206525,S2-454540421,S2-230875572,S2-108313987,S3-118169863,S2-709626608,S2-675076934,S3-882733945,S2-426212190,S2-368846644,S2-816055452,S2-286076418,S3-435552245,S2-579981433,S2-561199640,S2-311414612,S2-395271825,S3-79289625,S2-378029789,S2-261849952,S2-962180990,S3-731918750,S3-243963900,S2-866559282,S2-61908140,S3-564418113,S3-363150121,S2-617029514,S2-554314129,S3-826596613,S3-626119253,S3-496220770,S2-174136981,S2-247572689,S3-511283541,S2-326494649,S3-749233325,S3-178135121,S3-751968978,S3-867954903,S2-367097323,S2-998386064,S2-573082517,S2-291923318,S3-814353564,S3-773233630,S2-48627872,S3-136619913
S1-970518712	S2-855143599,S2-649938200,S2-682651194,S2-319294609,S3-240255725,S2-391213168,S3-914942312,S2-350422499,S2-435586161,S2-829165493,S2-899279699,S3-809365183,S2-295564788,S2-154823506,S3-330457348,S2-765069766,S2-861961603,S3-565528166,S2-99330547,S2-98281723,S3-910465695,S3-784986936,S2-405322100,S3-85640250,S2-153742450,S3-783582748,S3-120271122,S2-398812725,S3-3403139,S3-84129461,S3-504602593,S3-360077266,S3-870101799,S2-918436340,S3-891901989,S2-486836244,S3-966681755,S2-453636635,S3-516535101,S3-754616327,S3-805783007,S3-401100222,S2-9407365,S3-220104755,S3-758063564,S2-991589426,S3-363953136,S2-634451062,S3-167885956,S3-584848851,S3-279620386,S3-859670812,S2-763108962,S2-765615274,S2-928435424,S3-269034856,S2-293441687,S3-382613146,S2-976523853,S2-56035640,S3-199235279,S2-695773809,S2-720067206,S3-115914112,S2-543957884,S3-202911003,S3-466433338,S3-460701378,S3-897505664,S3-272881556
S1-366329737	S3-175183145,S2-708727646,S2-12066427,S3-324607124,S2-967937124,S2-690666650,S2-818303488,S2-846178894,S3-29795188,S3-763940657,S3-511647418,S3-692038601,S2-217445093,S2-263244436,S3-490880308,S3-648102632,S2-757793146,S2-982088229,S3-578143206,S2-790425886,S2-644850388,S2-264144866,S2-213550532,S2-424537185,S2-682267568,S2-605538607,S2-926365725,S2-108603996,S2-456068831,S2-29607785,S2-825954032,S3-693882651,S3-992341899,S2-843503740,S2-348909854,S2-448720779,S3-237871718,S2-847055518,S2-397133859,S2-164274633,S3-126026824,S2-650334980,S3-886276672,S2-17933853,S3-779874815,S2-771172197,S2-201040866,S3-521765842,S2-234381814,S3-125334350,S2-111888725,S2-838966683,S2-866901020,S2-628011193,S2-545006290,S3-637707053,S3-625734934,S2-455124754,S3-797967887,S2-974629320,S2-573785986,S3-317784311,S2-576580892,S2-821234111,S3-881104314,S3-846912573,S3-927968447,S3-304501038,S2-64929843,S3-709963397,S2-927023028
S1-708796012	S3-245362729,S2-312010791,S2-986957778,S2-638860948,S2-256724644,S3-125472804,S3-995643034,S2-872381738,S2-602551443,S2-444713074,S2-379034382,S2-697040637,S2-348485625,S2-439055724,S2-145940720,S2-554478897,S2-722379434,S2-224007191,S2-899696171,S2-396087853,S3-440531245,S2-92582087,S3-421697631,S2-505041498,S3-323127877,S2-108041730,S2-235786647,S2-82663661,S2-833550351,S2-327829035,S3-781984067,S3-552087168,S3-914405950,S2-172760717,S2-520168735,S2-259537920,S2-119198667,S2-162443366,S2-890580309,S3-334660600,S2-715084686,S3-566924109,S3-626313827,S2-733523894,S2-96786214,S2-488667724,S3-352523352,S3-57368797,S2-807544591,S3-710668078,S3-173237254,S3-520651014,S3-364778628,S2-578129330,S2-401337280,S2-573062674,S2-522027353,S3-789642375,S2-845806476,S3-880580317,S2-184650944,S2-402146164,S2-933692206,S3-626590753,S2-321660864,S2-566194399,S3-285658676
S1-935703127	S3-209396331,S3-264046324,S2-507732660,S3-103934760,S3-836219124,S3-803136267,S2-215134403,S2-631672166,S3-211425138,S3-694923557,S3-249906236,S2-908673939,S3-280613736,S3-462074405,S3-523865980,S2-406285430,S3-583142487,S2-193995593,S2-5446196,S2-300849593,S3-489079048,S2-125247238,S2-618663818,S2-442261226,S2-932712895,S3-392943495,S2-921636402,S3-202050002,S2-149698494,S3-792918528,S2-909847334,S3-502561775,S3-299078705,S3-762546839,S3-292278773,S3-314079525,S2-780250102,S2-792561944,S3-566987984,S2-135397436,S3-942350966,S2-381289740,S2-261851121,S3-683008637,S2-194307610,S3-505205763,S3-239676376,S2-759637809,S2-351316781,S3-860310373,S3-232666751,S3-96265355,S3-5094068,S3-855341463,S3-448551908,S3-597275991,S2-9960409,S2-328731921,S2-946812175,S2-163791989,S2-506371758,S2-515342067,S2-781358249,S2-427609646,S2-713294063,S2-781915431,S3-552070970,S2-558451748,S2-63675741,S2-389205277,S2-56910936,S2-265603128,S2-802141782,S3-57464016,S3-776553942,S3-801684546,S3-201012703,S2-594771962,S3-491089048,S2-731957850
S1-981414798	S3-875342922,S3-656356159,S3-981741118,S2-917950737,S2-158921481,S2-613658458,S2-17646782,S2-449671151,S3-447383654,S2-647021266,S2-694388941,S2-136121441,S2-921583999,S3-619776102,S2-239313462,S2-418436703,S3-227047435,S3-490012659,S2-880422318,S2-131269559,S2-164645182,S3-516448783,S2-634978597,S2-588344444,S3-798291721,S2-159119430,S2-362449790,S3-419715371,S3-358569763,S2-859768058,S2-934812140,S2-290466046,S3-720486952,S2-867659365,S3-978202392,S2-464136995,S3-973758970,S3-949340716,S2-445145941,S2-28480927,S2-307241724,S3-511542463,S3-861124211,S2-936024452,S2-871308802,S3-928882590,S3-6012362,S3-825208927,S3-771548807,S3-667499378,S2-606794970,S2-236222569,S3-657766722,S3-246728112,S2-581648789,S2-385515037,S2-893222499,S2-116041187,S3-480752472,S3-730967234,S3-84788014,S3-940228072,S3-604361098,S3-670880462,S3-738412341,S2-826868298,S2-671885302,S3-607880358,S2-801577236,S2-154682950,S3-263214398,S2-210665033,S2-219745734,S2-793187205
S1-424529930	S2-653441852,S2-645571797,S2-46093451,S2-448798973,S3-294262174,S2-200409231,S3-927195884,S3-101104433,S2-575405640,S3-221122676,S2-930943301,S2-46926215,S3-124995,S2-937109222,S2-901341721,S3-320623609,S3-287026919,S2-103596022,S2-127624822,S2-899446261,S3-53291923,S2-635961204,S3-791460119,S3-85105171,S2-631693427,S2-542355547,S3-78097183,S3-739992873,S3-664962901,S2-903132026,S2-249802986,S2-939501813,S3-289566539,S3-584580086,S2-899465795,S3-539468482,S3-649015130,S3-253676716,S2-677144808,S2-129143281,S3-680417067,S3-165105219,S3-956380427,S3-2807417,S2-537284479,S3-600942462,S3-161961299,S2-839287382,S2-572522554,S3-95492421,S3-671663261,S2-865269679,S3-341908127,S3-624714831,S3-842789011,S3-618116518,S2-630966217,S2-157683888,S3-963515635,S2-728820629,S2-789191810,S2-415537409,S2-735051971,S2-373095169,S3-505296768,S3-674955462,S2-95691233,S2-569674209,S3-674705950
S1-912508322	S3-646771015,S3-620025574,S3-224530253,S3-72401735,S3-530203642,S2-629988924,S3-177171747,S2-995303883,S2-404792945,S2-238464493,S2-612061875,S3-463500256,S2-866001141,S3-420627038,S3-647665338,S3-8989874,S2-266336463,S2-722170954,S3-879925191,S3-833886483,S2-559844539,S3-648046496,S3-465816574,S2-959549116,S3-717379548,S2-830436713,S3-774729528,S2-599450774,S2-203259804,S3-298744432,S2-936557811,S3-175096965,S3-437027889,S2-333794564,S3-83872824,S2-398529564,S3-729806324,S2-46233278,S3-552672878,S3-836083070,S2-137895639,S2-423915641,S2-49405337,S2-906113528,S2-594722602,S3-838743255,S2-891473360,S2-138864892,S3-399681293,S2-1365339,S3-797726592,S2-473097749,S2-852768851,S3-93779174,S2-966971224,S2-918074562,S3-269586322,S2-195660368,S3-620949089,S3-857772960,S3-741559976,S2-25933575,S2-59655111,S2-416300157,S2-153087367,S3-64715462,S2-253869093,S3-534602750,S3-222464878,S2-980290221,S2-283823250,S2-997253638,S3-543013357
S1-846028981	S3-363555581,S2-170000301,S3-838178240,S3-671319075,S2-157299406,S3-156227321,S3-940228072,S3-97234554,S2-299258785,S2-271934902,S2-776758394,S3-419654153,S3-106393815,S3-562710507,S2-382487412,S2-439170866,S2-692356310,S3-749500960,S2-974728151,S2-585438511,S3-496255918,S2-280468346,S2-473789898,S3-414854538,S2-815324978,S3-826692342,S3-379159450,S2-969384157,S3-269336371,S3-12577411,S2-145724297,S2-146108265,S2-240889460,S2-886247443,S2-822377517,S3-145134185,S2-81661580,S2-451072836,S2-254035613,S3-199619283,S3-925501750,S3-61909066,S3-167443124,S3-34218585,S2-768946792,S3-424531526,S3-838538284,S3-998927129,S3-840287722,S2-282629268,S3-23803375,S3-157482003,S2-2050840,S3-804320691,S3-708110431,S3-820577834,S2-236212510,S3-88275925,S3-79102929,S3-729289802,S3-863864793,S2-418875536,S3-706185976,S3-219345195,S3-359145226,S3-240553590,S3-991097723,S3-96384047,S3-880580317,S3-149092724,S2-564697996,S3-826446103,S3-161027714,S2-304513888
S1-318218643	S2-692915753,S2-742864982,S3-768831938,S2-682295338,S2-473558232,S3-511917869,S2-497025062,S2-305994046,S2-198744575,S2-493689623,S2-737533360,S2-807598019,S2-863270404,S2-474346550,S2-79035894,S2-884414078,S3-15180747,S2-104476918,S2-163126966,S2-522433697,S2-642164498,S3-336043170,S2-234929684,S2-107117525,S2-102869680,S2-447095477,S2-775919161,S2-706026534,S3-727469014,S3-4015118,S2-762258672,S2-298147176,S3-897038161,S2-4212061,S2-166459669,S3-369318427,S2-257697496,S2-470179718,S2-234773038,S2-472675182,S3-25142872,S2-65778837,S3-524470011,S2-570934739,S2-938602259,S2-806763914,S3-478040819,S2-838012558,S2-683014569,S3-79369164,S3-16108834,S2-606108952,S2-952504100,S3-7100686,S2-515342067,S2-184309677,S3-794985537,S3-170097389,S3-986898381,S2-484902074,S3-124972296,S3-670681131,S3-367948062,S2-66288890,S2-788395227,S2-421162180,S3-883792499,S3-75410051,S3-560866415,S3-282269666,S3-434918504,S3-319633665,S2-446386340,S3-380135093,S3-662842024,S2-839703163,S3-343758842,S2-888357058,S2-595309892,S3-352344468
S1-970972284	S2-894052984,S3-9506807,S3-765146706,S2-528449606,S3-913439176,S3-261668341,S2-332609743,S3-535127634,S3-876023096,S3-223670730,S2-396870007,S3-387342994,S2-468042160,S3-645246519,S3-383933681,S3-42755606,S3-694122661,S3-675762651,S3-47467967,S2-699928990,S3-192761906,S2-45536771,S3-747703234,S3-209235387,S3-955302903,S2-182378373,S3-588319927,S2-613726767,S3-527071780,S3-383829037,S2-325176208,S2-246415447,S3-998316420,S3-247224963,S2-619229774,S2-4448372,S2-806659005,S2-669779093,S2-480402860,S3-452635114,S2-508328321,S2-119898959,S2-514450201,S3-251851982,S2-198264730,S2-475608730,S3-158072516,S2-991014361,S3-454772850,S2-149341037,S3-244335334,S2-225828741,S3-582971513,S2-673054837,S2-27579102,S2-523283977,S2-537772410,S3-572604892,S2-213501555,S2-737239660,S2-872213594,S3-595429613,S2-526712678,S3-427323314,S2-209933880,S2-673711388,S2-273542250,S2-438837118,S2-660010027,S2-768056427,S2-808414800,S3-443679252,S3-547868100,S2-748490383,S2-208780876,S2-345538799,S3-690376437,S3-683043624,S2-527644026,S3-1977697
S1-435587816	S2-987926453,S3-949554713,S2-810682091,S3-894109785,S2-779133264,S3-671677140,S3-464309063,S2-793187205,S2-246236733,S3-757533817,S3-151225152,S3-607699169,S2-756220817,S3-50030693,S2-33138397,S2-101689872,S3-629791162,S3-191683145,S2-817302823,S2-447137768,S3-432578754,S3-427011342,S2-877118600,S2-296799954,S3-371855684,S3-661119368,S3-767880096,S2-222343222,S3-118712572,S3-606183225,S3-850622462,S3-315442890,S2-867140952,S3-782288470,S2-654385809,S3-695300062,S3-197907468,S2-304266707,S3-661708652,S3-766813269,S2-420318338,S3-438863640,S2-718533662,S3-342940517,S2-419437472,S3-246417404,S2-62463224,S3-352945212,S3-515070218,S3-59538818,S2-776198411,S2-107912829,S2-917423405,S2-488042918,S2-328971585,S2-12077113,S3-77845650,S2-136309331,S3-68159077,S2-386189938,S2-574981129,S3-215701707,S2-472811124,S3-427855563,S2-864100535,S3-955004783,S3-143950067,S2-510293809,S2-30363106,S2-527851119,S2-171673064,S2-985950918,S3-865797162,S2-159057096
S1-544301808	S3-554089509,S2-517503876,S2-667626408,S3-51582894,S2-431387186,S2-547894097,S2-52425118,S2-11653091,S3-703216998,S2-773103009,S3-133538008,S2-602171384,S3-311808308,S3-526943532,S3-235742689,S3-307823820,S3-584956378,S2-817302823,S3-176040459,S2-706168001,S2-235114098,S2-184741808,S3-491891340,S3-921070597,S2-289352064,S2-944580298,S3-486627598,S3-872984389,S3-300452373,S2-82438992,S3-554680520,S2-390358164,S2-830516467,S3-857402779,S2-26395860,S2-617467150,S3-485074589,S2-403451816,S2-793863336,S2-970008317,S3-171513087,S2-392531905,S3-209593279,S3-906638569,S3-559433434,S3-715313252,S2-780153696,S2-168848975,S2-964052436,S3-618597369,S3-654960748,S3-264501295,S3-378005143,S2-110717930,S3-445184638,S3-295234846,S2-95126803,S2-380437583,S3-855328569,S2-749686532,S3-575844115,S2-294301957,S3-597935764,S3-262515305,S3-488814085,S3-655133524,S3-202533994,S2-374649875,S3-88312924,S3-892145439,S2-777054100,S2-750513165,S3-773288368,S3-620101611
S1-20267366	S2-88391972,S2-338704620,S2-316728650,S3-613345076,S3-768397733,S2-51629080,S2-353205003,S2-489809409,S3-711093569,S2-468674662,S2-438191278,S2-99346623,S2-492571082,S2-370635933,S2-395152180,S3-162004312,S3-145754209,S2-536174758,S2-253412037,S2-865386312,S2-727779637,S3-543478376,S2-340397246,S3-806604568,S2-280477222,S3-423868740,S2-119438507,S3-946323575,S2-835632071,S3-778943307,S2-475655270,S2-381747268,S3-130553160,S2-224250724,S2-334535708,S3-392123952,S3-801977543,S3-244806079,S2-164840161,S3-637360144,S3-499996691,S3-799425815,S3-243873033,S3-597566651,S2-984522490,S3-814664039,S2-297655729,S3-796235025,S2-659500003,S3-614416573,S2-290759547,S2-661269276,S2-277236290,S2-91301340,S2-767109874,S3-961103858,S2-950035920,S2-134770421,S2-26893074,S3-370018966,S2-472915844,S3-710849249,S2-558726365,S2-834738396,S2-379888538,S3-829603380,S3-778374264,S2-197514971,S2-390579151,S2-46186660,S2-284286140,S3-396047656,S3-810675086,S3-972759339,S3-534187375,S3-598438595,S2-205935593,S2-151813416,S2-377957995,S2-375093745
S1-379918793	S3-52024470,S2-359670368,S2-548580277,S2-272007112,S2-94453784,S2-787936112,S2-457321092,S3-668100303,S2-475208284,S2-959298728,S2-848773534,S2-683490362,S3-140696646,S2-334535708,S3-469692713,S3-789164562,S3-553709376,S2-791690867,S2-641228149,S2-595942048,S3-699504268,S3-437305379,S2-742812958,S3-340622083,S2-633468077,S3-43966370,S3-434550796,S2-614220387,S3-686023876,S2-288936479,S3-968810664,S2-514325491,S3-883992390,S2-30065227,S3-679402596,S2-640361421,S2-239044181,S3-69171474,S2-510571275,S2-566943724,S2-779736884,S3-150670420,S2-45016975,S2-941126528,S2-838635486,S2-878738240,S2-266604924,S2-810951129,S2-793965607,S3-911440718,S2-745014512,S2-796397567,S2-995134427,S2-612192848,S2-387549670,S2-308994390,S3-868088189,S3-730410509,S2-116953520,S3-473386451,S3-886649027,S2-874603968,S2-45093264,S2-506794829,S2-657277120,S3-346363668,S2-210721120
S1-106221717	S3-818977020,S2-338902521,S3-691377841,S3-654073837,S2-650803267,S3-640322796,S3-285117605,S2-910364562,S3-467538300,S2-269166658,S2-229031559,S3-878552259,S3-101844140,S2-927109390,S2-189066909,S2-266883711,S3-775644071,S2-689808691,S2-399688440,S3-319858057,S2-746334859,S2-75989170,S2-988220084,S2-106043223,S3-600948863,S2-968783946,S2-732285657,S3-485162371,S3-949824629,S2-233440946,S2-823195976,S2-164785562,S3-64743185,S2-180823670,S2-984065398,S2-676769255,S2-59447312,S2-656500546,S3-221907561,S2-307473114,S2-105871347,S3-947976230,S2-523657543,S3-660513714,S3-876091142,S3-278218540,S3-486508953,S2-10146154,S2-601724955,S2-398772727,S3-674769471,S3-819973239,S2-707005249,S3-796355619,S2-777376781,S3-804047716,S3-837057042,S2-856253835,S3-936344337,S3-224211277,S2-151540736,S2-20312957,S3-296147484,S3-661839166,S2-286891768,S2-678744266,S2-534997558,S3-957137582,S3-469311834,S2-336423036,S2-602771038,S3-416585247,S2-810481748
S1-800482427	S3-926615659,S2-199896581,S3-552868353,S2-264022860,S2-629706300,S3-558201160,S3-608486206,S3-840150743,S2-400718321,S3-953075301,S2-738487840,S2-109549368,S2-803599426,S3-125835278,S3-352188272,S2-539985797,S2-207426857,S3-757005636,S3-748253046,S3-436845086,S3-441298878,S3-22699957,S3-228327477,S3-84517735,S3-804617538,S2-596520145,S2-482488446,S3-207716359,S3-637439980,S2-977310269,S2-363333317,S3-804659784,S2-610009187,S2-295714526,S2-576703377,S2-643271638,S3-151503392,S3-993441140,S3-4906745,S2-858423651,S3-538215821,S3-304074495,S2-338853492,S2-633207783,S3-316551541,S3-383205854,S3-356245179,S2-311361978,S3-247836691,S2-93537619,S3-651944985,S2-943287676,S3-694532064,S3-423078936,S3-543039654,S2-886247443,S2-938561651,S2-652497457,S3-845435263,S2-16598221,S3-305799963
S1-846529766	S3-718129582,S3-233295649,S3-649460113,S2-699676510,S3-461769740,S3-950932149,S3-564663563,S2-68233407,S2-542526410,S3-214827448,S3-434585978,S3-405137970,S3-544784208,S3-868372377,S3-911312162,S3-410441292,S3-452035681,S3-399487839,S3-530497743,S3-449649257,S2-650733279,S2-555724821,S2-52122084,S2-693972255,S3-303967564,S3-62112180,S3-141175460,S3-581125869,S3-257913840,S3-843251921,S3-573736912,S3-989623759,S3-770573140,S3-549738344,S3-689237179,S3-303191199,S2-950499373,S3-120023664,S2-982322804,S3-231311659,S3-394124343,S3-942062117,S3-442173215,S2-37649273,S3-531313261,S2-352383953,S2-665464216,S2-480821739,S2-86710286,S2-198305044,S2-152264568,S2-793597031,S3-896089718,S3-145578968,S2-55327464,S2-773414526,S2-942219557,S2-164086509,S3-530136718,S3-13757641,S2-402146164,S2-566627479,S2-410342697,S2-810480474,S2-180454816,S3-617395103,S2-425167314,S3-44002552,S2-526057016,S2-978598550,S2-445149265,S3-36372625,S2-717520985,S2-63398509,S2-551480898,S3-661586320,S3-542428866,S3-904034811,S3-279995572,S3-160161972
S1-761874846	S2-592634064,S3-998454751,S2-94553071,S2-790340837,S3-384801600,S2-452774318,S2-578442147,S3-794046138,S2-634978597,S2-268440438,S2-847252788,S2-130460888,S3-793622152,S2-401461610,S2-11949604,S2-364141007,S2-645600826,S3-561918785,S3-662702096,S2-422080443,S2-375389076,S2-317615334,S2-535691520,S3-911287192,S3-703676130,S3-23068853,S3-78077049,S3-670139239,S3-340081628,S3-940385879,S3-492235374,S3-533724050,S2-40478498,S2-268357445,S2-569585207,S3-447835568,S2-39079223,S2-28740732,S3-211874454,S2-11983041,S3-687064455,S2-365689232,S3-236479238,S2-923613371,S2-153744174,S2-221796576,S2-977937528,S2-255178941,S3-239654351,S2-677289558,S2-6878444,S2-554582702,S3-940418737,S2-321540574,S2-240988942,S3-632830284,S3-212751555,S3-681591864,S2-108540727,S2-875837291,S2-40903337,S2-820228144,S3-190676151,S3-801833142,S2-628509139,S3-80956009,S2-648126659,S2-827743391,S2-488885029,S3-41653237,S3-251052402,S2-456422657
S1-703200453	S3-319667968,S3-199492270,S3-52525908,S2-863921522,S2-796066062,S2-699273779,S2-737856554,S2-193399156,S3-434035253,S2-364402152,S2-388400441,S2-902521122,S3-914216057,S3-156624027,S2-916475560,S2-726761613,S3-8528430,S2-451040451,S3-185808197,S3-985804198,S2-203299682,S2-108626091,S2-308520060,S3-538148274,S2-127649829,S2-529021449,S2-602571564,S3-768543681,S2-566177842,S3-359282372,S2-796457039,S3-570025911,S2-253274647,S2-532353666,S2-304102421,S2-45348129,S2-449109120,S2-606077666,S2-372930762,S3-155813354,S2-435512062,S3-925190699,S3-998294478,S2-143123717,S3-199458019,S2-730346689,S3-745376778,S3-137418449,S2-831466682,S2-132913467,S3-343772805,S3-160181071,S2-311299344,S3-986500464,S2-579954529,S2-669003739,S3-550424247,S2-708879540,S3-623617051,S3-68656196,S3-698039405,S2-758796661,S2-708427682,S3-574179397,S3-249493840,S2-455019945,S3-221068343,S3-714841881,S3-796116654,S2-305506065,S2-892909897,S2-496924809,S3-459408612,S2-889810114
S1-746273151	S3-538882911,S2-769594899,S2-535762772,S2-466578701,S2-189416137,S2-600682376,S2-632455531,S3-542835308,S3-560254322,S3-849610360,S2-384595291,S2-881246122,S2-531415680,S3-722880270,S3-885111183,S2-574579190,S2-103820926,S2-939561153,S2-778888972,S3-455904231,S2-821913042,S3-439300505,S2-773663894,S3-76945936,S3-8379299,S2-972109364,S3-948729725,S3-571354224,S2-310613953,S3-90398591,S2-690510971,S2-225100350,S2-893312150,S3-272994470,S2-839796208,S2-863250621,S2-418311879,S3-449621035,S2-195865543,S2-860846465,S2-16079282,S3-828752691,S2-282245771,S2-104840992,S2-194589103,S2-790947608,S2-287028156,S3-701434083,S3-711400412,S3-562278986,S2-902694207,S2-125850020,S2-400067282,S2-874812413,S3-283992701,S2-371975350,S3-531158646,S3-630156578,S2-27986137,S3-142938215,S2-707823545,S2-243036598,S3-845728695
S1-432962984	S2-646594637,S2-750473552,S3-468492674,S2-945471595,S2-219998868,S3-473989449,S3-552589696,S3-50753483,S2-154682950,S2-913240757,S2-200948254,S2-191844168,S2-970832912,S2-490477729,S3-327978038,S2-617102321,S3-829098205,S3-147917999,S2-199141707,S2-923748120,S2-357356903,S2-891727301,S2-153744174,S2-817239278,S3-207537003,S3-808445445,S3-478166451,S2-96973637,S2-864272363,S2-88589147,S3-141568658,S2-878065826,S2-484000484,S3-548002348,S3-482498869,S3-370459448,S3-142833824,S3-594602406,S3-652594397,S2-588408211,S2-374624287,S3-754065952,S3-82304919,S3-680750249,S3-506139735,S3-430271747,S2-525099787,S3-59504831,S2-199371086,S2-745119505,S2-473531552,S2-572701611,S2-882907234,S2-570477703,S3-158650066,S2-130102078,S2-171380499,S2-289964561,S3-456033744,S2-976784888,S2-794115780,S3-309904244,S3-62453369,S2-892367472,S2-20487623,S2-497567945,S2-318546967,S2-832052225,S2-736136155,S3-575772610,S2-777230179,S3-90558953,S2-641754750
S1-500552277	S2-503380899,S2-697538435,S2-23059455,S2-255381665,S3-577137366,S3-916573867,S2-939955874,S3-999335322,S2-588246207,S2-400614296,S3-893127329,S2-293493447,S2-129143281,S2-213843009,S2-914129701,S2-206446251,S3-753251092,S2-776285729,S2-384292544,S3-856667057,S3-972779597,S2-397051777,S2-724540422,S3-937845539,S3-661169830,S2-677361078,S3-802396516,S3-971569365,S3-25063214,S3-407721057,S2-868621317,S3-711189905,S3-614230897,S3-38436593,S3-109380096,S3-794370641,S2-795940286,S2-291488555,S2-673003653,S2-316941553,S2-709723899,S2-465620299,S3-369118519,S2-442689738,S2-798835151,S2-179570114,S2-605873987,S2-181133326,S2-198578428,S2-950624709,S3-138092810,S2-175973267,S2-298066218,S3-840903316,S2-170618511,S2-305769260,S2-564246707,S3-823728949,S3-454878424,S2-287861135,S3-289677596,S2-858450684,S3-901187467,S2-488042918,S2-456234113,S3-297398360,S2-185376998,S3-816532092,S3-815530531,S3-874226973,S2-89810380
S1-446787657	S2-347767217,S3-628353620,S2-489809409,S2-228492684,S2-75907054,S2-434061227,S2-690112842,S2-203995129,S2-505660668,S3-304981167,S3-877187347,S2-418440040,S3-457017970,S2-217933559,S2-413531751,S2-560211624,S3-631948468,S2-390358164,S2-607729024,S2-89702757,S2-744719382,S3-658302515,S3-141962450,S2-666043575,S3-991371241,S3-589386453,S3-472095820,S3-494659836,S2-206991486,S2-105827476,S2-128499773,S2-430894860,S3-449382330,S3-871276323,S3-340337483,S3-51385561,S2-23222505,S3-22414039,S3-715319334,S2-201826651,S2-985797194,S2-359670368,S3-476877208,S2-772997011,S3-642432486,S3-158179652,S3-482476518,S3-913532283,S2-919215435,S3-61667923,S2-857150604,S2-565703063,S2-595503042,S3-657943763,S2-333834345,S3-950790378,S3-647786487,S2-540981835,S2-230546497,S3-481975770,S2-81448330,S2-204961535,S2-943376574,S2-941126528,S3-80839141,S3-437819298,S3-504951107,S2-372902301,S2-153331897
S1-505869859	S3-391106106,S3-987704104,S3-551403580,S2-70515375,S3-410945410,S3-4086513,S3-217178260,S3-873905347,S3-577472264,S3-52236204,S2-429314580,S2-970032924,S2-607423444,S3-753125827,S3-8782083,S2-672736825,S3-987031930,S3-510164984,S3-476771290,S2-436663188,S2-426824642,S3-571345128,S3-394300515,S3-727559342,S3-523600965,S3-636690699,S3-225764876,S3-492761719,S2-585514100,S2-384332158,S2-432864005,S2-965538871,S3-447686166,S3-312660810,S3-964593140,S3-806666926,S2-873571889,S3-285665661,S3-66765060,S3-896772808,S3-853417833,S3-408212372,S3-837325352,S3-621396295,S3-324606836,S3-258652851,S3-822390044,S2-475961407,S2-531826116,S3-850459988,S2-728131264,S2-622551916,S3-922300461,S2-87010681,S2-75129136,S2-81360334,S2-719261543,S2-326695573,S2-938323682,S2-870188276,S2-55271495,S3-66497666,S3-178331542,S2-344767729,S2-974126678,S3-471996515,S2-395396363,S3-632494964,S2-865286567,S3-835705153,S2-508857969,S3-963081970,S2-592853552,S2-156750656,S2-361759747,S2-830591140,S2-755745587,S3-989018191,S3-17152697,S2-87494893
S1-862092661	S2-600299095,S3-542742708,S2-442144356,S3-751794169,S2-378707035,S2-893828884,S3-910432492,S2-639448100,S2-623395514,S2-993003422,S2-576250992,S3-589799067,S2-500085661,S2-479893171,S2-605493518,S2-372878967,S3-440750834,S2-919469842,S2-835761598,S2-547025066,S2-464291399,S2-166107288,S2-941878534,S3-838476368,S2-120559373,S3-30179036,S2-888767595,S2-633542186,S2-234084042,S3-997948700,S3-670353766,S3-952058248,S2-432301242,S3-287182320,S2-308523024,S2-316342125,S2-258903708,S2-57529012,S2-263930722,S2-686025517,S2-262451254,S3-978045230,S2-516127274,S2-213723020,S2-939908187,S2-611542257,S3-513500497,S3-719715315,S2-225767594,S2-243493214,S2-354641474,S3-5134482,S2-922845607,S2-996204704,S2-727275341,S3-801131946,S2-19022389,S3-118973043,S2-589492301,S2-614935870,S3-482498869,S2-454714477,S3-562579373,S2-590419249,S3-91987621,S2-675443652,S3-996423936,S2-244581429,S3-735664023,S2-474056246,S3-544120209,S2-848909665,S2-812224540,S2-384106242,S3-310579943,S3-137550362,S3-314146061,S3-980209760,S3-540124546,S2-717243095
S1-53323215	S3-965711233,S3-751456121,S3-967140195,S3-276376723,S3-152747573,S2-663906477,S2-817214327,S2-45071914,S3-534489725,S2-505328569,S3-774345900,S3-962039728,S3-259989502,S2-941961291,S3-750093551,S3-805783007,S2-537966434,S3-860821345,S2-690564239,S2-319519042,S3-356328247,S3-805023613,S3-524969528,S2-224962421,S2-141427427,S3-403795931,S2-521483083,S3-440468063,S3-260972330,S2-774802693,S2-465642879,S2-219201040,S3-907815043,S3-127344332,S3-377912860,S2-219071662,S3-421438703,S2-739711364,S3-889875675,S2-873522729,S2-277669170,S3-996706485,S3-32246920,S3-896259179,S3-315993616,S2-713926622,S2-883437993,S3-11672588,S3-977086194,S3-603410948,S2-802768114,S2-91908767,S3-401962497,S2-109905092,S2-788371257,S3-298744432,S3-217085103,S3-228877953,S3-519584884,S3-113928595,S3-911257472,S2-746214135,S2-909051889,S3-16045459,S3-717915068,S3-86119339,S2-371312178,S2-745866415,S2-779614645
S1-814475089	S2-898649100,S2-893828884,S2-161217540,S3-889176340,S2-284585076,S3-290249617,S3-454169329,S2-468147176,S2-339695790,S2-168870589,S2-388371145,S3-839333479,S2-511625798,S2-965535868,S3-562475333,S2-649346453,S3-112648149,S2-57529012,S3-120768733,S2-750252709,S2-172433668,S2-682106060,S2-890476046,S2-690532976,S2-677792561,S2-645776945,S3-368084820,S3-936567343,S2-570512018,S2-434742723,S2-525862775,S2-655931020,S2-659123316,S2-566458591,S2-145582255,S3-808302686,S2-181962832,S3-923137437,S3-521465920,S2-950112893,S2-513257633,S3-995246766,S3-338271448,S3-482816603,S2-261149695,S3-681830113,S2-12310612,S3-461997836,S3-780508834,S2-564433190,S3-88092400,S3-877405895,S3-424192344,S3-114892385,S2-397789829,S2-747943345,S3-558213339,S3-825121040,S3-799506416,S2-919222317,S2-320403512,S2-151364780,S2-843672629,S2-267640017,S2-251808682
S1-451077707	S2-669202712,S2-392491078,S2-895363993,S2-563100624,S3-470653445,S2-109860534,S3-495614838,S3-773266618,S2-365324422,S2-770747815,S2-637773566,S3-790685207,S3-986082484,S3-482824704,S2-884371582,S2-557408632,S2-340522011,S2-433680239,S2-328693472,S3-495689371,S2-777164404,S3-722486521,S2-848125449,S2-726045392,S2-248809787,S3-928626449,S2-969276559,S3-715193452,S2-761644899,S2-364146447,S3-700019154,S2-494966281,S2-11775502,S3-230524638,S2-698019235,S3-562724870,S2-170092902,S3-296431933,S2-526148590,S2-569967225,S3-702487376,S2-758796661,S2-706360388,S3-711415647,S2-409818790,S2-202910951,S2-926115434,S2-128766509,S3-90522604,S2-829023427,S3-443679252,S2-944701584,S2-821281691,S2-783435102,S2-489103612,S3-684156557,S2-768327585,S2-751389924,S2-635569075,S2-14004517,S2-188284584,S3-545105780,S3-745376778,S2-588230860,S3-163931948,S2-853305894,S2-64693641,S2-754007500,S2-613046808,S2-827408282,S2-55950496,S3-720876363,S2-907396823,S2-7281724
S1-448166395	S2-589049536,S2-762443405,S3-510494393,S3-625525987,S3-826943273,S3-716216413,S3-207950330,S2-397175355,S3-987366837,S2-898346697,S3-39103845,S3-637307723,S3-657766722,S3-404183632,S2-811642459,S2-415182544,S2-360921144,S3-791716293,S2-813054624,S3-514256575,S2-370635933,S3-890074162,S3-166069742,S3-550975295,S2-500282728,S2-606496697,S2-648511627,S2-695329127,S2-727779637,S2-613120214,S2-208731539,S3-53047439,S3-71120317,S2-202662780,S2-187171602,S2-997803118,S2-280490008,S2-79458736,S3-527980140,S3-115644013,S3-822125683,S2-701690270,S2-424625771,S3-311325199,S2-442438622,S2-212886221,S3-843869570,S2-740659913,S2-39860674,S2-228246917,S2-40299716,S2-248601429,S3-570524464,S2-227990415,S2-482434854,S2-574098751,S2-241464589,S2-696383120,S2-615355227,S2-456234113,S2-77224307,S2-499962923,S2-785365739,S2-166936748,S2-950624709,S2-483049092,S2-280309152,S2-647418204,S3-628969228,S2-749318396,S2-909835828,S2-824783934,S2-832504717,S2-173058270,S3-224532909,S2-345538799,S3-690376437,S2-527644026,S3-1977697,S2-549143741
S1-940115232	S2-203876372,S3-397850436,S2-987447310,S3-455163655,S3-518510062,S3-842956483,S2-722239453,S2-664146070,S2-278706261,S2-951870962,S3-442470138,S2-472881141,S3-898040613,S3-633444556,S3-567506414,S3-997605894,S2-527472861,S2-537916231,S2-793922647,S3-854077551,S2-307507697,S2-317617373,S3-819454535,S3-103572818,S2-537014007,S2-825643327,S2-590423527,S2-800061263,S2-63189732,S3-418860439,S2-836302885,S3-666862150,S3-776411171,S3-792638412,S3-544627543,S2-351610431,S3-591236250,S2-56631800,S3-509956667,S3-694708224,S2-877482973,S2-842734240,S2-877522479,S2-758078885,S3-597380049,S2-443929330,S3-855971520,S2-321024271,S2-661781569,S2-969888131,S2-145395131,S2-743127438,S2-98109517,S2-968997475,S2-459481005,S3-219553262,S2-246302490,S2-467042748,S2-803938950,S2-605587529,S2-376652633,S3-568466602,S3-847651555,S3-132961307,S2-655761480,S2-296906853,S2-288008768,S3-836827391,S2-52621928,S2-607996454,S2-237999378,S2-196683874,S2-76471330,S3-939254795,S2-242344285,S2-404743089,S2-21064159,S3-826223549,S2-560018050,S2-180716263
S1-472232440	S2-566963953,S2-621216422,S2-149421134,S3-751274759,S2-49633502,S3-170356654,S2-588411762,S3-199011439,S2-170134099,S2-531774058,S3-292314372,S3-88927812,S2-476437527,S3-375392477,S2-672399493,S2-612084741,S2-85598366,S2-31103063,S2-185984569,S2-441765868,S2-822162334,S3-121986850,S2-127624822,S2-193586650,S3-485317167,S3-388826916,S3-674526695,S2-264085348,S3-145169487,S3-532939006,S3-310165697,S3-533563063,S3-124726981,S2-163544682,S3-873969802,S3-614615975,S3-674608832,S2-881896367,S2-30945408,S3-207220815,S3-680676175,S3-244855703,S3-886719039,S2-802880289,S2-954982330,S2-653796664,S3-123602480,S3-861124211,S2-873254087,S2-498385742,S2-447643251,S3-646781577,S3-654610970,S3-974167979,S2-229069988,S2-218528188,S2-732543368,S2-834638344,S2-474977290,S3-451937502,S2-410056618,S2-356781591,S2-243692253,S2-857850092,S2-565036362,S3-478363819,S3-304702980,S2-297689675,S3-600568526,S2-546605177,S2-861267083,S2-508450748,S2-993127328
S1-800915873	S3-554534275,S2-689541353,S2-321036622,S2-554374028,S3-824871944,S3-796215358,S3-831226768,S2-872534648,S3-864160319,S2-131488214,S3-882313490,S2-265287021,S2-575861766,S2-181770557,S3-427647262,S3-77878473,S3-277577604,S2-272756604,S2-31215914,S3-435807891,S2-621267029,S3-244169247,S2-512624429,S2-936595492,S2-130797961,S3-339398590,S3-952844723,S3-587276781,S2-15087343,S2-976186040,S2-607283719,S2-711989435,S2-768357914,S2-477936301,S3-199363700,S3-412998156,S3-820940672,S3-33210577,S2-848582954,S3-349584500,S3-175462574,S2-530231872,S2-631283192,S3-865880948,S3-841215382,S2-208731539,S2-577731258,S2-568849849,S2-787566415,S3-23585980,S2-72084456,S3-254519762,S2-82724388,S2-233800372,S3-646499635,S3-238515599,S2-769354462,S2-426945415,S3-364263072,S3-980422125,S3-680676175,S2-131729703,S3-545038868,S2-208432546,S3-421965738,S2-653796664,S3-396228567,S3-466035547,S3-506347678,S3-866394364
S1-21084577	S2-124299928,S2-997578786,S3-284723719,S2-596882278,S2-481155141,S2-897680704,S2-97506029,S3-927660716,S3-965119673,S3-380826131,S3-96491764,S3-534783457,S3-921871366,S2-396171132,S3-303878846,S3-928956262,S2-971326435,S3-115030612,S3-342228539,S2-321393766,S3-778382512,S3-852875745,S3-504183980,S2-133416083,S2-305639639,S2-727289052,S2-715709631,S3-812853416,S2-507274256,S3-782959497,S2-646191267,S2-608629354,S2-254508771,S2-785986172,S2-331916901,S3-62810269,S3-565557220,S2-22248420,S2-375255796,S2-916065851,S2-852992653,S2-162742040,S2-859419530,S3-698578588,S2-867140952,S2-963857673,S3-827858909,S2-515829880,S3-228853644,S3-427518701,S2-260424250,S2-68483150,S3-716968961,S2-524849355,S2-848935472,S3-686023876,S3-585230351,S3-362473163,S3-336786044,S2-373557599,S2-142203640,S3-508834162,S3-489196101,S2-815890566,S3-890255388,S3-639761294,S2-648252836,S2-647027085,S2-248578795,S3-73676398
S1-978421811	S3-518877982,S3-254141785,S2-879980104,S2-64436784,S2-127859903,S2-158743113,S3-676674557,S3-982047784,S2-183956953,S2-873164808,S2-787156895,S3-177746021,S2-124956078,S2-705469915,S2-515840575,S2-440331380,S3-476257627,S2-454761179,S3-233401059,S2-473446164,S3-325253741,S3-848602708,S2-142401542,S3-984874356,S2-880662813,S3-717290535,S3-142443963,S3-531161998,S2-948547280,S2-639830175,S2-204074527,S2-815037725,S3-295073912,S2-827878473,S2-311155477,S2-841041361,S2-789664214,S3-365464812,S3-89755332,S2-12434856,S3-92942538,S3-564283273,S2-259655871,S3-967104556,S2-101077577,S2-788540339,S2-844841084,S2-307557575,S3-899583090,S2-504762115,S3-66596634,S2-746242586,S3-520177780,S2-465428947,S2-91616724,S3-801897899,S3-356807952,S2-740142004,S2-693459767,S2-512987103,S3-819205125,S2-396200738,S2-988231069,S3-509622946,S3-610765406,S3-590313890,S2-536320317
S1-19400879	S2-257080020,S3-532525739,S2-518293598,S3-531816228,S2-820761727,S3-729520785,S3-926572062,S2-946122921,S2-509237883,S2-622440649,S3-762206436,S2-319544446,S3-771772512,S2-903786303,S3-413031296,S3-262783474,S2-818555762,S3-981247549,S3-609849121,S3-96891642,S2-148844362,S3-900174292,S2-762595900,S2-697778301,S2-606544273,S3-275869916,S3-801897899,S2-156423863,S3-386387963,S3-339146480,S3-291695952,S3-222520307,S3-398915272,S2-249546926,S3-324379056,S2-976576895,S2-49913694,S3-98028224,S3-69438667,S3-221016319,S3-590720004,S3-357195386,S3-113150128,S3-860375239,S3-864343612,S3-90895624,S2-524821584,S2-877661076,S2-22315267,S3-351642241,S3-229988428,S3-244298168,S3-903713633,S3-531335107,S3-601228002
S1-332410345	S3-267297448,S2-126113089,S3-825002811,S2-439786382,S2-857755271,S2-133270735,S3-170680860,S2-859754079,S2-185170546,S3-575525905,S2-49975588,S2-670644834,S2-868242102,S3-364674213,S2-897714693,S3-818011726,S2-751140686,S2-454847618,S3-715438783,S2-248219147,S2-638684729,S2-629189951,S2-433699752,S2-972485350,S3-640691361,S2-496176042,S2-616111338,S2-523476248,S2-833254021,S3-331068268,S3-855406183,S2-872031061,S3-997274101,S2-444499759,S2-43051021,S2-986178595,S3-768060526,S3-594795887,S3-577472264,S3-628430783,S3-258652851,S2-373134817,S2-315694448,S2-475961407,S3-847567355,S3-408212372,S2-827376942,S3-908166433,S3-242869823,S3-58973096,S3-566053310,S2-872471175,S3-839484581,S3-378976509,S2-531826116,S3-637757607,S2-310833413,S2-344120854,S2-913038433,S3-564842449,S3-548168069,S2-843717112,S3-204977478,S3-491981683,S2-770847663,S3-504064242,S2-933789693,S3-544047761,S3-448014765,S2-81360334,S3-58413809,S2-308104017
S1-617455147	S2-801915833,S2-745843779,S2-953395235,S2-98606663,S2-494606846,S2-704767803,S2-917085037,S3-572381589,S3-283793707,S2-458247556,S2-648045851,S3-557279356,S3-625714924,S3-518099218,S2-785002585,S2-429661233,S2-469479692,S2-304266707,S3-694708589,S2-796144393,S2-521688982,S2-19370241,S3-655835458,S2-334790059,S3-727898564,S2-605486490,S3-752706079,S2-587839085,S3-297102932,S3-122151188,S2-152211893,S2-828388778,S3-24662437,S2-613554112,S2-434618903,S2-495775355,S3-834282519,S2-625786635,S2-322800405,S2-909469770,S3-571852860,S2-170129202,S3-632602280,S2-693307120,S3-131036934,S3-823065051,S2-379155109,S2-25714222,S2-578987912,S3-332442975,S2-318546967,S3-100921498,S2-328784801,S2-740831664,S2-247788920,S2-515342067,S2-614713174,S3-305799963,S2-614691434,S3-193977855,S3-90601454,S3-699409335,S2-539942826,S3-823573413,S2-859269096,S3-889849097,S2-411395943,S3-455335487,S2-948987511,S3-351224016,S2-891866247,S3-502164621,S2-425167314,S3-205805325
S1-477458226	S3-526509160,S2-420253722,S3-996167023,S2-766536822,S2-928620819,S2-164785562,S3-273644591,S2-249997299,S2-681568197,S2-290655819,S2-596843805,S2-364774015,S2-878928576,S2-472356666,S2-806300439,S3-583934704,S2-5540165,S2-569185594,S2-465889177,S2-164682702,S2-736697077,S2-965389616,S2-762899428,S3-88830600,S2-30466066,S2-629543845,S3-908481154,S3-440468063,S2-498071695,S2-953092038,S3-909650961,S3-402458345,S2-633816997,S3-127344332,S2-673651545,S2-881304050,S2-212070794,S3-377912860,S3-725210884,S2-235983757,S2-673321272,S2-414916719,S2-623456618,S2-514164775,S2-680622941,S2-925305852,S2-816951226,S3-297823770,S2-299869061,S2-750307030,S3-203346034,S3-10380923,S2-551537406,S2-383069541,S2-558325326,S2-147659466,S2-246426291,S3-430836697,S2-816989315,S3-267531438,S2-596850209,S2-938607487,S2-130355038,S3-310450053,S3-633166268,S2-835349895,S3-815940888,S2-55586458,S2-649687413,S2-688260780,S2-636625504,S3-206518201,S2-148237785,S2-782032185,S2-54754522,S3-676887531,S2-870441228,S3-269794850
S1-173971969	S3-328300472,S3-47523244,S2-182378373,S2-496466546,S2-20334058,S2-552565714,S2-859725922,S3-138014890,S2-552430781,S3-381652652,S3-183984110,S3-190267128,S3-11229528,S2-971601521,S2-342852557,S2-478002350,S2-284511717,S2-699928990,S2-589702801,S2-310476627,S2-45536771,S2-861961603,S3-192761906,S2-331461725,S3-533981091,S3-269830465,S2-781555026,S2-254518053,S3-505124100,S2-676645099,S2-453636635,S3-718551038,S2-90324650,S2-313713818,S2-327522800,S2-199425487,S2-848645265,S3-247048635,S2-95236532,S3-206515549,S2-247163144,S3-772077421,S2-281832297,S3-844117197,S3-753653868,S2-978095463,S2-362503507,S2-713946561,S2-873177396,S3-423033146,S2-345993950,S2-705748435,S3-533139704,S2-227187547,S3-189379123,S3-747219975,S2-560300733,S2-136208372,S2-164497843,S2-97997258,S2-372377764,S2-641385678,S3-100069339,S2-445158190,S2-802198494,S3-830806629,S2-717673286,S3-822854148,S2-76595366,S2-828508860,S2-566443534,S3-663652167
S1-907635568	S2-813299167,S3-897604932,S2-76633775,S3-563661448,S2-918755324,S2-410885270,S3-106424810,S3-466079662,S2-263120954,S3-80905131,S3-178135121,S3-927235653,S2-222226412,S3-957261878,S3-121850702,S2-120401934,S3-772757626,S2-848175214,S2-790245385,S2-816969439,S2-672736825,S2-593321530,S2-290466046,S3-175855965,S2-464136995,S2-490513785,S2-566149557,S3-675334042,S2-362449790,S2-976504304,S2-503433233,S2-291350345,S2-535498418,S2-500404747,S2-35786559,S2-413264876,S2-490448223,S3-822359728,S2-369619702,S2-731428748,S3-689191660,S3-798291721,S3-302408550,S3-524134520,S3-57268277,S3-915225553,S2-476886880,S3-806288877,S2-762719636,S2-440241880,S3-659489375,S3-690718272,S2-934037681,S2-69674030,S2-547859055,S3-25348106,S3-178246690,S2-968677134,S2-321602655,S3-640644109,S3-913887521,S3-241426256,S3-610459068,S3-870067566,S2-477353479,S3-397824278,S3-791707965,S3-10724444,S2-907082770,S2-39193230,S2-332046690
S1-374959431	S2-131313631,S2-367329406,S3-561446246,S3-326844976,S2-896995717,S3-182057335,S2-677255764,S3-464929036,S2-251915758,S2-195181884,S2-253690725,S2-422621056,S2-474977290,S3-125463115,S2-624645403,S3-478740633,S2-96787943,S2-915791840,S2-756814875,S3-931954535,S2-452450283,S3-675188169,S2-196186427,S3-204015401,S2-270322597,S3-444525486,S2-118215506,S2-762138912,S3-677120145,S3-648940714,S3-9039888,S3-563404100,S3-594601084,S3-697589920,S3-481830666,S3-820792401,S2-388253121,S3-365323447,S3-218426671,S3-105153242,S2-122376374,S2-535571129,S3-959939517,S2-652473215,S2-328120437,S2-820372596,S3-308585935,S3-475237437,S3-699873296,S3-563709941,S2-236659402,S3-729267832,S3-214151267,S2-503708237,S3-131156968,S3-4626783,S2-769292880,S2-163963287,S2-970108649,S3-572654508,S3-281806377,S3-756590899,S3-315390010,S2-180996143,S2-844042194,S3-41842064,S2-698911011,S3-921465516,S2-459107455,S3-511693494,S3-272050575,S2-960400516
S1-596450212	S2-816355882,S2-684124998,S3-8646349,S2-773638828,S3-550796803,S3-834162703,S3-209934539,S2-652148770,S2-665463193,S3-166231793,S2-698841556,S3-995210712,S3-718986243,S2-552487507,S2-872637162,S3-261315806,S2-877598413,S2-64012041,S2-495793419,S2-209200464,S2-930187248,S2-132583569,S3-871692159,S2-676865554,S3-389879517,S2-555998876,S2-400714565,S2-964217210,S2-175449694,S2-19393564,S3-467225098,S2-325872877,S2-211812429,S2-318164389,S3-243520795,S3-908633281,S3-245560320,S2-457819883,S3-412760988,S3-473555160,S2-550167953,S3-526209842,S2-702646757,S2-409546504,S2-22700931,S2-6505501,S2-631410361,S2-722569778,S2-86353843,S3-892467622,S2-167006115,S3-752636033,S3-589089722,S3-393849242,S2-709026541,S2-735830595,S2-863921522,S2-489103612,S3-745376778,S2-456933896,S2-93445744,S2-802947478,S2-607811695,S3-762696584,S3-871489833,S3-764293362,S2-551695932,S3-511469117,S2-954942261,S2-75608025,S3-973048160,S2-977564977,S2-16898701,S3-860855788,S2-294891323,S2-944765512,S2-433356897,S2-230035498,S2-248027122,S2-667295957
S1-464797359	S2-427346802,S2-574357374,S3-665188968,S2-13779976,S2-40474661,S2-307258325,S2-306635245,S2-871260688,S2-489004332,S2-45074111,S2-571340986,S2-236860886,S2-898512456,S2-310766551,S3-97622617,S2-975688791,S2-964319654,S2-96225031,S3-896408933,S2-940168186,S2-744087962,S2-484908664,S2-569937222,S2-135715049,S3-329402037,S2-511417083,S2-814575086,S3-253718798,S2-383724202,S2-622879631,S2-938632060,S2-390167188,S3-464575978,S3-780752754,S2-66256582,S3-928218568,S3-748390967,S3-469639288,S3-741683325,S2-951116142,S2-371168439,S3-423800625,S3-121712118,S3-882268741,S3-1988068,S2-16045559,S2-854701431,S3-664577720,S3-520188468,S3-257977734,S2-725206393,S2-839335978,S3-849553414,S3-728848964,S3-63698503,S2-138434987,S3-659558197,S3-607880358,S2-534352483,S3-985896402,S3-870624900,S2-105259898,S3-806957410,S2-457901082,S2-430894860,S2-105273366,S3-477250159,S2-498596750,S2-719994251,S2-434399076,S2-940616869,S3-869721512,S3-297209349,S2-506407741
S1-804300777	S3-644979463,S3-900153524,S2-949636022,S2-463474561,S2-477657350,S3-308352856,S2-199309396,S2-163183036,S3-92624949,S2-766546763,S2-930882610,S3-95057795,S2-280626539,S3-411328104,S2-967937124,S3-597011393,S2-181834912,S3-828996696,S2-306233830,S2-426324794,S2-405232012,S2-633219059,S3-468775048,S2-591910395,S2-635173983,S3-627362615,S3-474250308,S2-487005531,S3-895567106,S2-817052104,S3-195867122,S3-32362055,S2-989998989,S3-852901841,S3-68737801,S2-699778678,S3-133936349,S2-864135069,S2-360639409,S2-448720779,S2-941641598,S3-942361157,S3-94415865,S2-132098743,S2-841168819,S2-359386938,S3-821147559,S3-767239080,S3-533139704,S2-748497852,S2-554094203,S3-728318597,S2-97997258,S2-136292696,S3-807684694,S2-362503507,S2-330665624,S2-62955762,S2-133239838,S2-76595366,S2-445741919,S3-451526773,S2-181335140,S3-521966906,S2-308808169,S3-711235567,S2-378174893,S2-566443534,S2-802198494,S3-822854148,S3-994805260
S1-305440895	S3-549734769,S2-707591030,S2-331461725,S3-943432186,S2-475677123,S2-30267133,S2-994641532,S2-680738451,S2-154268491,S3-615596422,S2-104703057,S2-638476933,S3-533457306,S2-633034151,S2-299222109,S2-319248713,S3-505487874,S2-49058518,S3-501384174,S2-380743763,S3-344183576,S2-163454152,S2-382626419,S2-39933201,S3-210565598,S3-29270703,S2-627749705,S2-998672506,S3-952534265,S2-300247037,S2-870017579,S3-52457151,S2-310476627,S2-427473980,S3-877961234,S2-725294001,S2-425266798,S3-261924523,S2-385376983,S2-944388984,S3-391272133,S3-430377063,S3-43503038,S3-842045928,S2-880658133,S3-817944744,S2-579344454,S3-952833215,S3-359586101,S3-824631075,S2-379944295,S3-672758711,S2-908908482,S2-483921688,S2-323335225,S2-523181855,S2-728531294,S3-209315258,S2-571922317,S2-157160776,S2-912585455,S2-528205184,S2-209578683,S2-606756929,S2-816448098,S2-177088130,S2-279697971,S2-54538385
S1-145606139	S3-915141752,S2-353872072,S3-460769767,S3-831464500,S3-135533426,S3-997378084,S2-407662799,S2-720472417,S3-522155890,S2-531945751,S3-417373558,S2-766825000,S3-120900965,S2-901902642,S2-291638083,S3-796215358,S3-532517329,S3-295482205,S2-809518575,S3-864160319,S2-658756966,S3-9805725,S2-428482154,S2-853595597,S3-297700556,S3-882313490,S3-791181542,S3-231901427,S3-747448856,S2-414971379,S2-836802685,S3-831226768,S2-508189457,S2-448622071,S2-554374028,S2-598177562,S2-650496474,S2-575861766,S2-684906759,S2-872534648,S3-879459665,S3-131330791,S2-359665605,S2-20458509,S2-743638650,S2-546426576,S2-526510188,S2-162960714,S3-763659601,S3-434550796,S3-54056762,S2-778812617,S2-536038693,S2-210721120,S3-23332698,S3-868088189,S2-559305781,S3-409675514,S2-761910827,S2-648390200,S3-754862750,S2-279120261,S3-309592899,S2-442696967,S2-11983041,S2-705728120,S2-550147914,S3-870506309,S3-223301131,S3-206519992,S3-15424481,S3-658500258,S2-615820733,S2-458483340,S3-370979246,S3-232690237
S1-368348061	S3-316363684,S3-443267796,S3-175855965,S3-397185646,S2-535154938,S3-300199283,S2-290466046,S2-464136995,S3-894720519,S2-362449790,S2-376197592,S2-179327629,S3-769186906,S2-816969439,S2-51977302,S3-559146252,S2-580566062,S2-943978912,S3-821511965,S3-215965899,S3-653092368,S2-288004005,S2-995196937,S3-462242924,S3-37180132,S3-109335189,S2-945603285,S3-897604932,S2-400233186,S2-342454750,S2-670264767,S3-750373438,S2-527586168,S2-825422275,S2-918755324,S3-413660841,S3-988448411,S3-150769002,S2-820126526,S3-21526845,S3-533746016,S3-327426828,S3-611047017,S2-638665720,S2-227021092,S3-667473543,S2-959725981,S2-569067915,S2-55812014,S3-978399510,S3-111562961,S2-854445861,S2-535571129,S2-394324148,S2-783704558,S2-428827939,S3-799428003,S2-327415674,S2-71948771,S2-984642202,S2-195421748,S2-59405676,S2-247871764,S3-561059469,S3-863750397,S3-196518213,S3-440694295,S3-672382618,S2-433856366,S2-793187205,S2-86175773,S2-447950520,S3-214686230,S2-859674456
S1-46716098	S2-239142590,S2-972882903,S2-378579994,S3-953587322,S2-205192244,S2-482448268,S2-190130365,S2-712303318,S2-470630217,S2-450626551,S3-827027366,S2-230389967,S2-105439983,S2-606354334,S3-483869715,S2-186858249,S2-965452390,S3-956594942,S2-438085957,S2-627450128,S3-732207078,S2-465921588,S3-294737054,S2-426784242,S3-643405329,S3-822577797,S2-688336889,S3-493939381,S3-828387375,S3-807735821,S3-384200205,S3-357088215,S2-973292523,S2-52703697,S3-742613308,S2-210619739,S3-597320700,S2-703599539,S2-135791682,S2-690459899,S3-853890992,S2-381992754,S2-846342151,S2-134821973,S3-553175393,S2-386029990,S2-620016564,S3-471842786,S3-793944116,S3-285904046,S3-756133237,S3-696667546,S2-279990014,S2-195483441,S3-986160035,S2-417725545,S2-744236248,S2-72087358,S2-209976884,S3-572768463,S2-665068467,S2-656615407,S3-185662233,S2-46287253,S3-121950053,S3-787657361,S3-391699042,S3-174940043,S2-836964481,S2-746589130,S2-405107932,S2-929185151
S1-557464657	S3-6012362,S2-561226892,S2-826433758,S2-59135590,S2-810951129,S3-273211199,S2-51477351,S2-674565629,S3-332694205,S2-260993171,S2-824359905,S2-125508095,S2-20487623,S3-651043998,S2-995388972,S3-166435660,S2-986714176,S2-993210814,S3-183222344,S3-88791682,S3-697137587,S2-352524823,S2-967182168,S3-825940917,S3-422846427,S2-55356916,S3-572118849,S2-201622152,S3-199530407,S3-920755845,S3-173579539,S2-828109318,S2-208279499,S2-286196062,S2-478609132,S2-406972328,S3-905267143,S3-505420737,S2-582563950,S3-43110930,S2-76120909,S3-857228142,S2-266604924,S2-523193316,S2-429661233,S2-768958764,S3-616085784,S2-839335978,S2-471521279,S3-703850169,S3-562166675,S2-298971264,S2-87103967,S3-294737865,S3-378996742,S2-564663076,S3-590960944,S2-826868298,S3-93704936,S2-575166296,S2-785928793,S3-904503593,S3-939057194,S3-932265162,S2-832052225,S2-863107900,S3-69171474,S3-26551225,S2-727122409,S2-276695646,S3-825208927,S2-307241724
S1-8092452	S3-183988476,S3-562920468,S3-397018406,S3-442301546,S3-110510395,S3-172796510,S3-208504253,S3-762145269,S3-601501838,S3-845235713,S2-369243589,S3-989417325,S2-834979860,S2-602902836,S2-153467410,S3-750511957,S2-427568551,S2-566147672,S3-551271002,S3-543471938,S2-545906582,S2-145204119,S2-70698601,S3-601846176,S2-539773793,S2-183085307,S3-975638447,S2-200908414,S3-980949237,S3-460552522,S3-763578545,S2-539968136,S3-178672838,S2-536845301,S2-888873504,S2-573252221,S2-225963418,S2-552498011,S2-149780376,S2-723275051,S2-696679067,S3-310460844,S3-973646597,S3-991950839,S3-904915098,S3-564387704,S2-406063706,S3-859229358,S2-170543852,S3-877270207,S2-310920009,S2-753657867,S2-862291746,S2-748395276,S2-883003219,S3-758813945,S2-226306885,S2-82942050,S2-883955706,S2-853799526,S3-473169703,S3-557080246,S3-377235247,S3-896667134,S2-187389404,S3-80503029,S3-967409887,S2-310766551,S2-620446219,S3-821867025,S2-734097198,S3-515241928
S1-216511119	S2-859848018,S2-174136981,S3-255977428,S2-573082517,S2-717904370,S2-215471766,S2-872213594,S3-523114383,S3-501834686,S2-269921800,S2-77382200,S2-44549169,S2-928435424,S2-673979826,S3-847647581,S3-582285509,S2-667620522,S2-443793575,S2-898599389,S2-905524748,S2-633968124,S3-676484507,S2-538404976,S2-148508078,S3-523695838,S2-494430593,S3-170291721,S2-904833346,S3-990475607,S2-590355096,S2-926003911,S3-734562251,S3-427889315,S2-286076418,S2-32921581,S3-118169863,S2-489088581,S2-729671636,S2-816055452,S2-368846644,S2-904009571,S3-948635321,S2-484772010,S3-468955020,S3-76550766,S2-55680295,S3-469663707,S3-47035394,S2-181600483,S3-137115726,S2-259477709,S2-666781884,S3-853521904,S2-685226178,S2-591531076,S2-200213194,S2-135344931,S2-377526941,S2-674152955,S3-989067557,S2-656397915,S3-871674970,S2-789940564,S3-496220770,S2-307634941,S3-2605934,S2-130840422,S2-430432800,S3-748097700,S3-9132781,S3-184260861,S2-566672905
S1-499302167	S3-228143659,S2-430419009,S2-313048014,S2-718273209,S2-199862545,S3-473983292,S2-199258806,S2-122853057,S2-44617838,S2-759033466,S2-817371882,S2-274530060,S2-912288547,S2-242382648,S3-938151280,S2-613451296,S2-834353592,S3-359543023,S2-598020651,S2-723221488,S2-782524249,S3-809724606,S3-232507139,S3-449581658,S3-781180619,S2-464136995,S2-718211251,S2-525004910,S2-917032712,S2-946853749,S3-643444893,S3-782842685,S2-433680239,S2-311025756,S3-247375994,S2-105346261,S2-683462445,S3-780902787,S2-810915319,S3-511589805,S3-248726647,S2-737239660,S3-557859802,S2-210159695,S3-476989261,S2-574122485,S2-20456380,S2-166524494,S3-471225114,S2-934439011,S3-8278230,S3-917235120,S2-857404707,S2-894833381,S2-514164145,S3-862165029,S2-213807488,S3-493173037,S3-303140866,S2-331062724,S3-50429107,S2-109064076,S3-161648109,S2-24755221,S3-298201053,S3-975314257,S3-205063248,S2-590952589,S3-376392291,S3-743663647,S2-966958910,S2-300771253
S1-56985694	S3-310979422,S3-485472794,S3-962206969,S3-165564719,S3-118966641,S3-369275889,S2-135097605,S2-395804945,S3-271887757,S3-90144979,S2-574530757,S3-360381459,S2-319702142,S3-168182935,S3-636911998,S3-255874202,S3-984984583,S2-579981433,S2-8049549,S3-304333185,S3-854140238,S3-670903078,S2-200626985,S3-737779184,S2-517759778,S3-553102403,S3-177139615,S3-404484908,S2-957582437,S3-118063010,S3-721699173,S3-335828235,S3-692796179,S3-676725143,S2-819744334,S3-364576457,S3-536357654,S3-346576136,S3-905615103,S3-994213020,S2-181600483,S2-904009571,S2-915769300,S2-484772010,S3-748097700,S3-47035394,S2-668588671,S2-655087081,S3-849089486,S3-76550766,S2-55680295,S2-243915375,S2-666781884,S2-789940564,S3-53178265,S3-795973989,S2-163839305,S2-130840422,S2-305426949,S2-370892711,S2-141427427,S3-432790523,S3-162262127,S3-508487570,S2-605437177,S2-994706353,S2-377526941,S3-184260861,S3-196200700,S2-605814075,S3-505904539,S2-720475048,S3-380803083,S3-112436878,S3-412529530,S2-184695630,S3-501994128,S3-60298585,S3-254124703,S2-135428477
S1-417526535	S3-211961935,S2-373494966,S2-316236643,S2-580023525,S2-480576553,S3-142880081,S3-597906725,S2-845638237,S2-248782105,S3-376758433,S3-305972444,S3-156413929,S3-427677076,S3-230042982,S2-584841197,S2-76133101,S2-746709159,S2-352872829,S3-473735570,S2-421662094,S3-480943811,S2-264776657,S2-349821189,S2-194820358,S2-674544095,S2-557237041,S3-932144395,S2-567400134,S2-753631166,S2-407500309,S2-706422938,S2-139640486,S2-39617527,S3-703784870,S3-106209321,S2-123691096,S2-600433897,S2-126861995,S3-881736970,S2-438751412,S2-760242484,S3-954953041,S3-374987209,S2-928351065,S2-661664283,S2-579566857,S2-593972570,S3-506631453,S2-546884424,S2-479724493,S2-413045958,S2-302301399,S2-749863395,S2-969235989,S3-948323362,S3-440902104,S3-134173636,S2-269084113,S3-238513739,S2-366028770,S3-994352786,S2-520447085,S3-3365963,S2-847252788,S2-972257980,S2-908745311,S2-936749315,S3-551030540,S3-930756236,S3-718038637,S3-218956342,S2-428566042,S3-558205830,S2-22326392
S1-382435344	S2-992638911,S3-205353312,S2-108583276,S2-328773938,S2-13963616,S3-519497142,S2-494655227,S2-420777299,S2-192566893,S2-585053686,S3-965119673,S3-345149510,S2-512369708,S2-494427848,S3-349883052,S3-98007898,S3-618126362,S2-575953609,S2-215173585,S3-877953948,S2-122498745,S2-820739985,S2-305360818,S3-128177244,S3-514041989,S2-744336411,S3-292257863,S2-394116005,S2-483538525,S3-490012659,S2-600433503,S2-310251108,S3-611626315,S2-774873879,S3-570726077,S3-549318997,S2-807286254,S2-199148484,S2-956811797,S2-265754056,S2-478151070,S3-183688700,S3-100746948,S2-399946430,S2-108078608,S3-701630960,S3-741650509,S3-597275991,S2-184737623,S3-624248080,S2-784742941,S2-183967309,S2-426755542,S2-667165747,S2-194307610,S2-854445861,S3-610069462,S2-604096197,S2-730591467,S2-437124125,S3-79369164,S2-201268318,S2-388376138,S2-228247073,S3-647786487,S2-6467307,S2-540981835,S2-856059764,S2-769945165,S2-27607600,S2-678360983,S2-239035791,S3-158650066
S1-927651996	S2-454847618,S2-476737109,S2-970037864,S2-909960255,S2-190032726,S2-314926539,S2-376199111,S3-574830068,S2-968252585,S2-92900333,S3-636444609,S2-835433661,S2-675348100,S2-870107592,S2-424524873,S2-506682497,S3-353015247,S2-822482083,S3-592407666,S2-292807436,S2-531501988,S3-720956936,S2-111472287,S3-296389641,S3-816681830,S3-886208211,S2-439786382,S3-776649938,S2-243486155,S3-974428649,S2-203282739,S3-318493784,S2-14990565,S2-364259213,S2-252717389,S2-895797947,S2-336358047,S2-749152090,S3-250398729,S2-133270735,S2-527671382,S2-993785410,S3-876557562,S3-266830489,S3-891618576,S3-543348168,S3-471360794,S3-581726295,S3-807812617,S3-567548155,S2-353252966,S2-201040866,S2-111888725,S2-618606811,S2-262998583,S3-812671275,S3-489913201,S3-30660442,S2-460058923,S3-228378967,S3-754350847,S2-680814047,S3-601955275,S3-873025620,S2-520065071,S2-7331264,S3-904112781,S3-334496660,S2-682005802,S2-322753932,S3-678800841,S3-186674742,S3-922443604,S2-228869624
S1-613598143	S2-96508179,S3-517447424,S2-496575097,S2-638467985,S3-140443434,S2-782931675,S3-801533028,S3-870572036,S2-289510194,S2-186134051,S2-963460450,S3-602478593,S3-368317788,S3-198556413,S2-170129202,S2-208910231,S3-182960874,S3-450496899,S2-45099840,S2-993098565,S2-114315780,S2-572701611,S2-656156729,S2-230507277,S2-813752973,S2-64321994,S3-96222358,S2-696217563,S2-305908130,S2-149421134,S3-738238165,S2-537046055,S2-463914634,S2-328120437,S2-867687512,S2-10891223,S3-351179638,S2-313647084,S3-365773943,S3-291129471,S2-962882456,S2-420152152,S2-632900676,S2-394324148,S2-139857118,S2-640246325,S2-706766961,S2-326572636,S2-568413806,S2-994823585,S2-971853880,S2-290954922,S2-592551313,S2-496341011,S2-989656041,S2-32578355,S2-211308948,S3-495470801,S2-842580585,S2-413608186,S2-970016569,S2-779197401,S2-590227135,S2-576999220,S3-842800123,S2-276626074,S2-417849143,S2-41714063,S2-309926538,S3-549497837,S2-352383953,S2-186308575,S3-481316186,S3-960510592
S1-6232617	S3-858867791,S2-1411324,S3-103168501,S3-220787782,S2-205621531,S3-253028260,S2-63261077,S3-434237247,S3-400581431,S3-869744140,S2-160354482,S2-438698035,S2-87963492,S2-168208586,S2-67543387,S2-73377040,S2-590622585,S3-640485933,S2-590725331,S2-992439117,S2-469218224,S2-897930527,S2-406868807,S3-605846378,S2-302441534,S2-294062437,S2-217328793,S2-943554600,S3-105011573,S2-923613371,S2-811159456,S3-876420945,S2-407175475,S2-360406295,S2-948597895,S3-640444769,S2-233984219,S2-561416780,S3-57816469,S2-762585007,S2-887677243,S2-893108988,S2-76500698,S3-471642037,S2-43723004,S2-723293439,S3-531909500,S3-2973402,S3-483143165,S3-126841804,S2-728055261,S2-565594347,S2-609618216,S3-486246215,S2-28135445,S3-435995885,S2-452660683,S2-827534980,S2-865706404,S3-146728827,S2-449671151,S2-725206393,S2-589653289,S3-944768043,S3-238997554,S3-280438562,S2-219665952,S3-314079525,S3-216694389,S3-596768841
S1-491925427	S3-367946608,S2-151493351,S2-372159254,S3-24096050,S3-908024390,S3-602622459,S3-221766363,S3-848687088,S3-194330583,S2-461838984,S2-446700518,S2-614348283,S3-885425286,S3-217025565,S2-941654320,S2-983353309,S2-922052082,S2-222195168,S3-898969927,S2-903695528,S3-919536874,S2-740276642,S2-169984147,S3-804663053,S2-720325875,S2-59333572,S2-633501952,S2-553201776,S3-467431436,S2-643117947,S2-949133216,S3-552863038,S2-808096475,S2-345171896,S2-995695120,S3-928142216,S2-506327346,S2-127473583,S2-196921610,S3-640507824,S3-268928209,S3-29351172,S3-117133981,S2-328679242,S2-535421798,S3-636247403,S3-59112640,S2-605203906,S2-139988921,S3-939542416,S3-756738713,S3-177580055,S3-852219845,S2-223340488,S2-508702969,S3-963595805,S3-39202199,S2-275960899,S3-133572120,S2-250344380,S3-15485958,S3-685871683,S3-805777308,S3-901284256,S3-940027522,S3-235312327,S2-984922464,S3-910485632,S3-5257305,S3-247174001,S3-393836488,S2-411474408,S2-159715242,S2-861242079,S2-66256582
S1-378164861	S3-49644510,S3-764565144,S3-27899482,S3-727024248,S2-404808832,S3-42114892,S3-915595050,S3-305202253,S2-5170241,S3-966309133,S3-296988916,S2-194790315,S2-303451162,S2-14347570,S2-761711898,S2-819415402,S2-580526090,S3-900905443,S3-874539641,S3-74908364,S3-837215006,S2-32350390,S2-166492842,S2-461400888,S2-818669966,S3-597956126,S2-976274862,S2-522933880,S3-34204785,S3-848812730,S2-516172592,S2-611451201,S2-160201561,S2-985114164,S3-16234900,S2-449622014,S2-1820162,S2-292248144,S2-756344460,S3-909897894,S2-770746819,S3-133572120,S3-146434603,S3-129185090,S2-386366146,S3-719847578,S3-630118701,S2-318977909,S3-450440228,S3-197569200,S3-729590827,S3-271774606,S3-867832883,S2-528367458,S2-868816108,S3-163977197,S3-197850265,S3-620109961,S3-174087678,S3-419654153,S3-219116956,S3-69263588,S3-970013316,S3-605882384,S3-611041957,S3-528162314,S2-954635741,S2-265678208,S3-691592204,S3-908311340
S1-622231151	S2-452680042,S2-897637525,S2-538613837,S2-449149086,S2-310284738,S3-430143082,S2-23798630,S2-145387520,S2-423803251,S3-300479779,S2-294943561,S2-221294317,S2-397854253,S2-972148060,S3-958930106,S3-376704188,S3-905923318,S2-489702903,S2-97550363,S2-463494071,S3-458943356,S2-398241068,S2-252970660,S2-735311594,S3-468793187,S3-474985943,S2-266294850,S2-929429251,S2-922171657,S3-285844481,S3-272599201,S3-423057650,S2-303598466,S2-581787641,S3-703436131,S2-458860562,S2-699650823,S2-103376190,S3-354550334,S2-907395422,S2-197382865,S2-952581224,S2-29822582,S2-839252781,S2-134998200,S3-946109659,S3-143209667,S2-480002867,S2-267714454,S2-491376508,S2-922093620,S2-116060655,S3-209677795,S3-431538521,S2-803596169,S3-316385547,S3-35254891,S2-236500045,S3-729526569,S3-942119133,S3-196518213,S3-456997582,S2-984642202,S3-897399198,S3-660756657,S3-249515769,S3-393836488,S3-133975401,S3-587537283,S3-522840983,S3-317804950,S3-160148303
S1-639096068	S3-493817951,S2-109860534,S3-773266618,S2-167126249,S3-997589941,S3-790685207,S2-770747815,S2-958651557,S3-162534731,S2-884371582,S3-583428593,S3-295879531,S2-220546681,S3-986082484,S2-297556229,S2-328693472,S3-830030963,S3-964645700,S3-766749320,S2-248809787,S2-453699827,S3-495689371,S2-848125449,S2-969276559,S3-19208526,S2-657612909,S3-399906334,S2-281081993,S2-480012656,S2-118267125,S3-82291398,S3-662643717,S3-499797239,S3-230524638,S3-267687037,S3-619115665,S2-569967225,S3-832880286,S3-207223221,S3-103444748,S2-461439471,S2-474986829,S3-631906242,S3-294315446,S2-291084280,S2-918186021,S2-900186392,S2-846746205,S3-741817473,S2-414061856,S3-605354188,S3-574804555,S2-883021956,S2-971353836,S3-327232247,S3-883192297,S2-979085903,S3-129235769,S2-223123751,S3-7027282,S3-943270448,S2-66036729,S2-426160031,S3-832571965,S3-529295370,S3-668267169,S3-137157083,S3-497678036,S3-952995781,S3-301207029,S3-912662044,S3-995505566,S2-178839954,S3-1678300,S2-229362661,S2-560075304,S3-52389143,S3-518380273,S3-830064376,S3-582971513
S1-269039848	S3-711598451,S3-243888478,S3-532851394,S2-96979646,S2-522207505,S2-230109873,S2-849819552,S2-190273831,S2-852216084,S2-70506128,S2-593080732,S2-177607993,S3-419821397,S2-101266568,S3-130050947,S2-237459247,S2-74154365,S3-230833115,S3-103181839,S2-896461087,S2-488186065,S2-569636721,S2-698894881,S2-357901444,S2-505812513,S2-393705126,S2-303682581,S2-20393024,S3-273431605,S3-32123112,S2-193517415,S2-808293831,S2-430929964,S3-82238622,S2-32646815,S2-692209141,S3-543865220,S2-170082458,S2-339853392,S2-526876910,S2-70698601,S2-239142590,S3-213458259,S2-462603325,S3-681901307,S3-777703134,S2-241273177,S3-445918100,S3-9160228,S2-823181742,S3-916667240,S3-35826234,S2-857993643,S2-456007091,S2-38830683,S2-466214280,S3-910672957,S2-33426944,S3-662351808,S3-281134328,S2-627450128,S2-403887208,S2-327453740,S3-392756892,S3-378928993,S3-673223808,S3-655391795,S3-288599252
S1-408835967	S3-233166833,S2-555658425,S3-187866795,S2-193188453,S3-674993886,S3-899693463,S2-246818196,S3-929723822,S3-867745530,S3-766464064,S2-501809454,S2-231695215,S2-249209933,S2-857720786,S2-245096815,S2-878213762,S2-669804692,S3-23349588,S3-820003230,S2-326239792,S3-200900814,S2-435354386,S2-45071914,S3-266869225,S3-581718562,S2-505328569,S3-427226005,S2-209933880,S2-852977673,S2-487167643,S3-962039728,S3-405568131,S2-169467607,S3-814722980,S3-321013904,S3-774345900,S3-542801956,S2-61943466,S2-81845902,S2-145851590,S2-192926861,S2-361260123,S2-431480388,S2-754010566,S3-544968865,S3-312660810,S3-46956620,S2-907018183,S3-244718006,S2-432057893,S3-206243548,S3-208242759,S2-128510932,S3-80636867,S2-615399596,S3-259122644,S3-947459164,S3-828245930,S3-494114230,S3-87907581,S3-798235758,S2-362993903,S2-154545267,S2-76483638,S2-222791096,S2-490621987,S2-969694515,S3-614300694,S3-352487898,S2-139638068,S3-546752218,S3-779860806,S3-217178260,S2-31730446,S2-633681499
S1-111673633	S2-196204984,S2-869241997,S2-816989315,S2-514405060,S3-60787735,S2-271969506,S3-476345890,S3-352593736,S2-176565908,S2-693296247,S3-23624019,S2-948543967,S2-843074723,S3-320623609,S2-681427074,S2-700846348,S3-412738664,S3-715835358,S3-247906821,S3-701672958,S2-682178941,S3-716169189,S3-611992999,S2-221482573,S3-750054452,S3-836767209,S2-252828645,S3-423625466,S2-128664955,S3-819835467,S2-279776099,S3-484692538,S2-382421154,S3-786746062,S2-369044739,S2-255486589,S2-146397993,S2-628604073,S2-173894194,S3-552608458,S2-98527511,S2-891272346,S3-979083338,S2-609292694,S2-592241135,S2-754376080,S2-380572049,S3-441188460,S2-249997299,S2-6689270,S2-372127244,S3-284954585,S3-899305617,S2-75521386,S2-657774634,S2-806300439,S2-324933050,S2-149173342,S2-500544510,S2-441422968,S2-826516454,S2-834138257,S2-819424059,S2-75708841,S2-767497735,S2-455209026,S3-731545450,S2-540354739,S2-903442324,S2-565901570,S2-282074875,S3-474959939,S2-331103665,S2-699733797,S3-645655098,S2-911658880,S3-418561531,S3-823716595,S2-381186324,S3-664745663
S1-460845609	S2-571873122,S2-806334545,S2-487220590,S2-380211857,S2-384250584,S2-757604247,S2-638282892,S3-712818637,S3-242267690,S3-651093772,S3-538210759,S3-282960968,S2-400222753,S2-264940990,S3-927142889,S3-440653471,S2-20892761,S2-179179765,S2-710602722,S2-44151562,S2-196370555,S3-419633719,S2-801339480,S2-306843143,S2-785910980,S2-819637932,S2-203588809,S2-569729398,S3-743973922,S2-779072102,S2-180454816,S2-191186951,S2-538742745,S3-899283566,S2-405896331,S2-375093745,S2-424327410,S2-716183213,S2-814617660,S2-583111097,S2-258383556,S2-48319977,S3-239634779,S2-695982,S2-609334836,S3-7668592,S3-280499764,S3-681855201,S3-654782943,S3-419250282,S2-889620646,S3-363555581,S2-752287438,S3-560296040,S3-28875595,S2-86391114,S3-13516765,S3-860031800,S3-363292915,S3-46842125,S2-371999426,S2-823569314,S3-159226142,S2-76120909,S2-608976064,S3-785636015,S2-728351000,S3-688770121,S2-195197665,S3-676608088,S2-617160508
S1-17506850	S3-990707716,S2-369242155,S2-777793443,S2-920839173,S3-988152229,S2-846708060,S2-347143135,S3-77789877,S2-827362320,S2-704733115,S2-976398248,S3-853913331,S3-10903789,S3-555712720,S3-119777326,S3-664802217,S2-227919796,S2-576312763,S2-542437660,S2-148829004,S3-200652778,S2-379681725,S3-790403381,S2-816243530,S3-418783598,S3-436753363,S2-356538635,S3-311602997,S3-423780304,S2-866973157,S3-267884865,S2-611460372,S2-222540081,S2-346216089,S3-497508886,S2-927703095,S2-193843454,S3-740542333,S3-91050383,S3-839886025,S2-541852327,S2-237439909,S3-686475557,S3-608057460,S2-612912448,S3-50429107,S3-269651064,S2-489103612,S3-180760583,S2-693256682,S2-698245094,S3-248726647,S3-303140866,S3-331765879,S3-511346408,S2-991014361,S2-638311910,S2-50449113,S2-701652210,S2-266189518,S3-252219965,S2-993348946,S2-423837579,S2-574122485,S2-15389972,S2-892707397,S3-557859802,S2-603203634,S3-684156557
S1-68201540	S2-26203030,S3-168182935,S3-670903078,S3-737779184,S3-118063010,S2-745764598,S2-461439471,S3-421244006,S3-165564719,S3-369275889,S3-310979422,S2-135097605,S3-271887757,S3-90144979,S2-574530757,S3-360381459,S2-200626985,S3-636911998,S2-319702142,S3-255874202,S3-304333185,S2-8049549,S2-579981433,S3-854140238,S3-553102403,S3-177139615,S2-517759778,S3-984984583,S2-957582437,S3-721699173,S3-404484908,S3-692796179,S3-335828235,S3-994213020,S2-50151525,S3-536357654,S3-905615103,S3-485472794,S3-364576457,S3-676725143,S2-74052241,S2-677803094,S2-595741625,S2-770933981,S2-887168250,S3-879437475,S3-610953994,S2-750442394,S2-924718908,S2-159570331,S3-650745475,S3-499116273,S2-151242144,S2-517957550,S2-756402328,S2-338306766,S2-379661479,S2-82777533,S2-378820746,S3-255292903,S2-494311438,S2-224952653,S3-536037219,S3-687656597,S2-200700441,S2-951429204,S2-270443450,S3-869109487,S3-388294428,S2-857044147,S3-610608651
S1-831843558	S2-42992785,S2-941210049,S2-721315674,S2-147732531,S2-155152013,S3-502454744,S2-943898191,S3-233837071,S2-161718066,S3-580201445,S3-180109633,S2-116801628,S2-752754847,S3-52909670,S3-665397159,S3-75689772,S2-946585696,S2-767018785,S2-580815414,S2-943764934,S3-949515699,S2-674450265,S2-556383672,S2-75731599,S2-192036277,S3-321591359,S2-772551822,S3-494869351,S2-261600606,S2-144785112,S2-650216158,S3-854080512,S3-281840756,S2-510293809,S3-929246324,S3-761604903,S2-392609321,S2-808694908,S3-716680636,S2-991791475,S3-461792631,S2-674565629,S2-247053630,S2-792199015,S3-716935934,S3-636192045,S2-783405187,S3-415122355,S3-443604458,S3-523056334,S3-492762370,S3-236552798,S3-914989658,S3-382955629,S2-742954770,S2-341786209,S3-312932448,S2-144839551,S2-43225557,S3-412565805,S3-546369011,S2-477841083,S2-632418570,S3-32897060,S2-308398652,S3-384990186,S3-330161275,S3-294512845,S2-309793463,S3-138039634,S2-401664412,S3-913004794,S3-774455916,S3-194075665,S2-989972294
S1-63266922	S3-39588184,S3-385028169,S2-384829851,S2-719060955,S3-663328449,S2-219745734,S2-142962200,S3-738359879,S3-155041843,S3-59780223,S3-981978389,S2-560605402,S2-462811931,S3-280011427,S3-13328811,S3-490221479,S2-413464764,S3-4005706,S3-280187297,S3-423437861,S3-878356771,S2-959518463,S3-291725549,S3-138402567,S2-381005044,S2-332541981,S3-506768408,S2-321036622,S3-100648869,S3-151724424,S2-777230179,S3-999338098,S2-63484705,S2-806069321,S2-144757916,S3-451715552,S2-443995965,S3-645464337,S2-514284196,S3-705615961,S3-958924542,S2-558065406,S2-555932934,S2-781773626,S2-720782740,S3-514205558,S2-66259612,S3-943711249,S2-802226501,S2-790115153,S3-435125539,S3-775800683,S2-680159084,S3-613801808,S3-156413685,S2-711932797,S3-564246876,S2-252964920,S2-148968056,S3-706274705,S2-67955551,S2-798045509,S3-365773943,S2-56582840,S3-670759545,S3-197668394,S2-51363526,S2-762168138,S2-402649035,S2-76209786,S2-664375008,S2-462269246,S2-759992864,S3-453034037,S3-110606880,S3-523445957,S3-284072218,S3-150670420,S3-19208526,S2-473403182
S1-304785953	S2-572640114,S3-977989909,S2-534907896,S3-551768273,S2-782150232,S3-693666687,S2-926996577,S2-137913114,S3-621535159,S3-546770159,S3-70408880,S3-138240809,S3-57914560,S2-589492301,S3-671635564,S3-464350091,S3-33569364,S3-693742751,S2-685027145,S3-992461118,S2-866357967,S3-798397977,S3-661497985,S2-353326035,S2-205489507,S2-153838435,S2-116610616,S2-6552120,S2-431726193,S2-448548244,S2-997578786,S2-46930157,S2-676090867,S3-776111762,S2-538847250,S2-307706451,S2-158046780,S2-481240106,S2-838788490,S2-395520340,S2-298405093,S3-261271601,S3-207373609,S2-22846917,S2-210797820,S3-222883210,S3-791247921,S3-153319929,S2-716766071,S2-98242970,S2-406949624,S2-743791425,S2-7729730,S2-538025285,S2-896083532,S3-946830691,S3-576979668,S2-199669656,S2-266254581,S2-226555054,S3-22699957,S2-394219198,S3-907455825,S2-484290919,S2-747794125,S3-279320155,S2-7424072,S3-577141304,S2-150628247,S3-261696532
S1-740254254	S2-195865543,S3-76945936,S2-863250621,S3-571354224,S2-466578701,S2-418311879,S2-388165075,S2-538255489,S3-876181190,S3-590967550,S3-722880270,S3-538882911,S3-439300505,S2-972109364,S3-90398591,S2-769594899,S2-535762772,S2-103820926,S2-600682376,S3-885111183,S2-695804853,S2-632455531,S2-939561153,S2-574579190,S2-778888972,S2-839796208,S2-53223513,S2-573094730,S3-763456529,S3-283992701,S3-73889033,S2-789413423,S3-455904231,S2-881246122,S3-505241519,S2-821913042,S2-100025125,S2-189416137,S2-585801078,S2-416532201,S3-924671340,S2-80894318,S3-327376554,S2-691068482,S2-971746850,S2-991285925,S2-555033883,S3-443278699,S3-975618319,S3-550088579,S2-390323075,S3-727029284,S3-907170178,S3-519027126,S2-420061925,S2-447033408,S3-326290087,S2-915810219,S2-218771556,S3-326437815,S3-434587970,S2-456957169,S2-904858604,S3-936824366,S2-709103318
S1-836203525	S2-674156164,S2-704449115,S2-4039140,S3-16906411,S2-330793449,S3-661533856,S3-788525228,S2-908077193,S2-441938596,S3-44513075,S2-388542289,S2-933864043,S2-851280786,S3-505904539,S3-368039759,S3-549531669,S3-85216198,S3-155827261,S2-533185918,S3-817268834,S2-827740014,S3-192220018,S3-881899727,S3-88312239,S2-406758983,S3-289273205,S2-365876998,S3-371707322,S3-120973010,S3-267972946,S3-303258990,S2-335195201,S3-559857129,S2-896696403,S2-859313583,S2-46603140,S3-549104235,S2-301148637,S2-993221227,S3-495159935,S3-989032376,S2-206832281,S3-392855736,S3-472551666,S2-460356932,S2-666272282,S3-590725865,S3-78543333,S3-534197790,S3-184922229,S2-641813638,S2-964460922,S3-754881863,S2-120498114,S3-733188944,S3-989555403,S2-295564788,S3-343870456,S3-815433270,S3-805146789,S3-447941084,S2-652247214,S2-453765228,S2-870438880,S2-611065813,S3-130723912,S2-625086170,S2-398674109,S2-596110281,S3-284723560,S3-141471721,S2-508328321,S2-738096625,S2-697216253,S2-979085903
S1-465739288	S2-569534268,S2-199309396,S2-766546763,S3-597011393,S3-92624949,S3-95057795,S2-930882610,S2-487005531,S3-627362615,S2-864135069,S2-989998989,S2-578011300,S3-752409718,S3-895567106,S3-133936349,S3-195867122,S3-888739376,S2-34525680,S3-893252275,S3-19587203,S2-564999726,S2-260686291,S2-687568056,S2-633219059,S2-806215046,S2-964408894,S3-247396825,S3-49753912,S3-920810636,S3-76448730,S2-772168729,S3-83849430,S3-852901841,S2-97997258,S3-170180695,S3-603338246,S3-334322296,S3-35272343,S2-558991865,S2-907560895,S2-875915758,S2-93710001,S2-106413714,S2-842580585,S2-929441823,S2-390967256,S2-60220510,S2-98888714,S2-961078976,S2-869427180,S3-751145839,S3-927138491,S2-760498351,S2-505187682,S2-34476952,S3-25110901,S2-415851576,S3-436776091,S2-153744174,S2-83244314,S2-861242079,S3-617586423,S2-598621186,S2-477794244,S3-957238087,S2-792370232,S3-429032499,S2-39596321,S3-356360499,S3-488757624,S3-791704829,S2-344670770,S2-691007671,S2-417849143
S1-111065528	S3-342798897,S3-806984784,S2-425477759,S3-176736733,S3-736939902,S3-899688620,S2-685098733,S3-232381879,S2-949631024,S2-142271329,S2-664658178,S2-298598465,S2-913595486,S2-856431415,S2-216945512,S3-466250533,S2-726637307,S2-513106959,S2-877319286,S2-654090724,S2-597841308,S3-614161266,S2-256926185,S3-41382535,S2-550680273,S2-611065813,S3-122548788,S3-512729737,S3-629300813,S3-90762742,S3-594525323,S2-217546795,S3-740824073,S2-843243358,S2-59065267,S3-348612147,S2-768716535,S2-854275816,S3-550530811,S2-701044977,S3-978482438,S3-937091033,S3-242036935,S3-105142973,S3-784080699,S3-609500573,S3-54403874,S3-295659218,S3-385778980,S3-543800169,S3-639229044,S3-735174194,S3-367160402,S3-683529926,S3-884323137,S3-247106369,S3-143707962,S3-483454248,S2-487464467,S3-540007241,S3-622680541,S3-749155637,S3-783100240,S3-990847903,S3-953642310,S2-268638596,S3-477463856,S3-46960808,S3-968483077,S3-199789230,S3-981444357,S2-783862779,S3-397262527
S1-545601093	S2-389481871,S2-555051090,S2-495925546,S3-130475353,S2-556370559,S2-516792906,S2-666370160,S2-847639364,S2-826391540,S3-676735670,S2-760535604,S2-530544248,S3-61667923,S2-427230552,S3-452605056,S2-421761461,S2-476685017,S3-66429991,S3-425925630,S2-463685651,S2-724358592,S3-84175742,S2-54045892,S3-580487492,S3-2313324,S2-109233517,S2-342006176,S2-597142483,S3-589100429,S2-880151387,S2-253262956,S2-6041538,S3-743121882,S3-251639959,S2-702640808,S3-639330795,S3-350371626,S3-849510511,S3-437617024,S3-206259690,S3-214270952,S2-232788938,S3-260410829,S3-282476865,S3-105142973,S2-579330620,S3-540362719,S2-604036850,S3-334285350,S3-795557862,S2-684291028,S2-865197822,S2-853540501,S2-614212862,S2-967974285,S2-93415794,S2-468956394,S2-590227135,S2-213470723,S3-751145839,S3-566949525,S2-127518469,S2-217471447,S3-395502191,S3-322457511,S3-798605737,S2-902392436,S2-307224611,S3-605196919,S3-31784973,S2-535304511,S3-391504652,S2-684203603,S2-210844755
S1-988516196	S2-182935297,S2-212673890,S2-412567471,S2-798982674,S2-967274663,S2-218815033,S3-760915770,S2-507683651,S2-538287323,S2-173774743,S2-368783888,S3-821274601,S2-572789452,S2-839865010,S3-204387025,S2-222555951,S2-428886994,S2-6467307,S2-115367365,S2-62837207,S2-635803796,S3-621057968,S2-472239472,S2-954439746,S2-450266205,S2-102039611,S3-844731956,S3-699489064,S3-983831508,S2-5190986,S2-421115291,S2-261144736,S2-850667789,S2-557401026,S2-21794839,S3-749077451,S3-386169197,S2-356781591,S3-622552067,S3-718559338,S2-165535019,S2-508374208,S2-464470231,S2-410013422,S3-194493515,S3-476474599,S2-829980962,S3-279145234,S3-265715613,S2-224509678,S3-491354048,S2-50757250,S3-1335727,S3-277330403,S2-570560297,S3-464746244,S3-227175748,S2-242055718,S2-920938332,S3-49133482,S3-941881576,S3-685406356,S3-846066823,S2-87023924,S2-452914600,S2-13738043,S3-327989806,S2-238341006,S2-8661228,S3-104341758,S2-603854302,S2-356847907,S3-637539205
S1-612217752	S3-857678700,S2-915917694,S2-519463693,S2-886027246,S2-149356677,S3-29685636,S2-155306351,S2-689617966,S2-445160962,S3-94624380,S2-359684479,S2-72748307,S3-909973798,S2-793614403,S2-231685180,S2-697586803,S2-691503250,S2-464888387,S2-174291570,S2-117683690,S2-470979370,S2-409816349,S2-624103933,S2-211726274,S2-121647868,S2-935366262,S3-942335984,S3-57305837,S2-822566947,S2-66259612,S3-915095848,S2-837220461,S2-646783465,S3-260341711,S2-586997982,S2-93977217,S2-966856274,S2-476199841,S3-454183630,S2-92265599,S3-968796490,S3-859730197,S2-474576725,S2-680540548,S2-109955360,S3-571966422,S2-965929591,S3-31506561,S2-352909992,S3-92888029,S3-672957728,S3-804672766,S2-752949161,S3-309530784,S3-620519840,S2-689767417,S3-685451370,S2-173348332,S3-649843887,S2-478459734,S3-643632941,S2-540475101,S2-878098302,S2-943260898,S2-883286956,S3-9131914,S2-367270705,S3-465564027,S2-602695064,S2-747666710,S3-233122014,S3-134386987,S2-480821739,S2-406418739,S2-160381723
S1-846542666	S3-863221263,S2-253412037,S3-640092156,S2-135231548,S2-353205003,S2-688698968,S3-517447424,S2-147575817,S2-592332833,S2-295246920,S3-5094068,S2-258525477,S2-949452844,S2-452973108,S3-64343607,S2-780829254,S2-519066234,S2-630944869,S2-492571082,S3-117281835,S2-911691342,S2-437594136,S2-597101612,S2-656156729,S2-208910231,S3-351179638,S2-93546747,S2-177897269,S2-931350000,S2-305908130,S2-626841990,S3-806604568,S3-946323575,S2-313647084,S2-438191278,S2-867687512,S2-328120437,S2-438397589,S2-139020025,S2-813752973,S3-673166228,S2-9790030,S2-854293372,S2-871271894,S3-822359728,S2-843415575,S2-551382900,S3-342628870,S3-417791113,S3-859657767,S3-706003667,S2-602682809,S2-277914519,S3-143595739,S2-381923140,S2-865716565,S2-205841526,S3-428931798,S2-34053023,S3-206645778,S3-500236934,S2-281837009,S2-399538136,S2-10962430,S3-796856187,S2-146201354,S2-173666773,S3-180331160,S3-571413644,S3-650908917,S3-459365441
S1-419483044	S3-587885488,S3-389939797,S2-747538273,S2-74707362,S3-717663790,S2-732246783,S3-762158004,S2-476067012,S2-734001390,S3-792394578,S2-224262699,S2-906025908,S2-530364098,S3-889971395,S2-239123785,S2-518061805,S2-701276346,S3-648841715,S2-354229274,S2-860414494,S2-564502430,S2-993394296,S2-635868143,S2-318007431,S2-511424172,S2-793188474,S2-469280210,S2-27607600,S2-271555689,S3-134831206,S3-929542635,S3-894729772,S3-999320167,S2-501141465,S2-566613986,S2-866556280,S2-146545715,S3-457140356,S3-173670876,S2-949609589,S3-968483077,S2-901198492,S3-659255543,S3-806984784,S2-821637472,S2-281298862,S3-890861575,S2-564863846,S2-354352322,S2-807693710,S2-851344341,S2-788395227,S3-158650066,S3-202926003,S2-411252634,S2-656528270,S3-663835378,S2-588045199,S2-912118256,S3-711707527,S3-270802165,S3-640236020,S3-723704985,S3-627509884,S2-467001545,S2-376794221,S3-625234479,S3-789929510,S3-996423936,S3-96459860,S2-248020624,S3-986604156,S2-166068448,S3-971391621,S2-247585049,S3-881890590
S1-787617931	S2-330729340,S2-937509955,S2-39872851,S2-964879738,S2-918415407,S3-367459696,S2-368778443,S2-357251125,S2-240228506,S2-163555319,S2-601243626,S3-896903837,S3-19100181,S2-714882908,S3-67645109,S2-819445650,S2-232490044,S3-124271680,S2-437903902,S2-444945373,S2-146288242,S3-633062643,S3-538945304,S2-80163497,S2-928217273,S2-402146164,S3-466599305,S2-555989079,S3-184192359,S3-372230683,S3-337216879,S2-174686195,S2-644567492,S2-331525470,S2-148826554,S2-308758583,S2-654784858,S2-13498915,S3-91397216,S2-683312986,S3-412417771,S3-683032574,S3-471237975,S2-851657278,S2-559829643,S2-256926185,S2-525675587,S3-475671149,S2-332419658,S2-117041640,S2-536156506,S3-882270334,S2-720369487,S2-685204548,S3-558433129,S2-87400554,S2-450093756,S3-997525569,S3-31389340,S2-7897890,S2-981113222,S3-12049504,S2-672331806,S2-871689803,S2-524102426,S3-241660299
S1-535605149	S2-583375171,S3-579798272,S2-497985428,S3-949231398,S2-465492790,S3-137488563,S3-781733238,S3-332441961,S3-535322018,S3-454470247,S2-316141362,S3-942274291,S2-294753168,S3-539654779,S3-637842242,S3-732351946,S3-468984095,S3-367210121,S3-476950606,S2-59402799,S2-444445874,S3-169632360,S3-368052167,S2-772679465,S2-376218080,S3-419645866,S3-398280537,S3-167524931,S2-804860148,S3-140631579,S3-779014659,S3-522831337,S2-123009275,S2-699860008,S2-429647604,S3-140816836,S3-236405718,S3-465519276,S2-802835354,S3-17832507,S2-353446210,S3-313087752,S3-424455668,S2-323004664,S3-797592297,S2-32251757,S3-914295425,S2-855831597,S3-632605825,S2-703829945,S3-353093311,S2-337149027,S3-514455100,S2-341127446,S2-491262606,S2-584595791,S2-135344931,S2-313572774,S3-988392943,S3-600722800,S2-724681924,S3-900106368,S3-111886502,S2-149429211,S3-586657611,S3-70858184,S2-522998954,S2-495565633,S3-468192805,S3-717703242,S3-511647418,S3-413446229
S1-848219519	S2-4212061,S3-768831938,S2-438084037,S3-16475570,S3-511917869,S2-682295338,S2-497025062,S2-102869680,S2-104476918,S2-474346550,S2-473558232,S3-15180747,S2-198744575,S2-493689623,S2-807598019,S2-692915753,S2-655233914,S2-305994046,S2-742864982,S2-737533360,S3-336043170,S2-863270404,S3-4015118,S2-884414078,S3-727469014,S2-79035894,S2-447095477,S2-257697496,S3-633476373,S3-897038161,S2-642164498,S2-472675182,S3-369318427,S3-891970599,S2-522433697,S2-775919161,S2-706026534,S3-959787640,S2-163126966,S3-45393119,S2-326094937,S2-277776651,S2-834228481,S2-458247556,S3-664291237,S2-183967309,S2-546972423,S2-404639263,S2-445331388,S3-768860411,S2-289619787,S3-605774387,S2-31597662,S2-946182361,S2-831064278,S2-808293831,S2-782369167,S3-736622041,S2-130102078,S2-933197055,S2-923783237,S2-849987646,S2-606108952,S2-952504100,S2-338740167,S2-587974656,S2-869879385,S2-917122044,S2-188539642,S2-928901522,S2-440557155,S2-420141877,S2-212727573,S3-711911838,S3-61864001,S3-520390316,S2-212470844,S3-975441271
S1-899782554	S3-749925157,S3-904999347,S3-853451827,S3-534105789,S2-464077488,S2-9004241,S2-978539656,S3-62261894,S2-60801197,S2-133443330,S2-745144089,S2-578168596,S2-440322589,S3-27720010,S2-333458872,S2-72201423,S3-952548585,S2-758809494,S2-660189804,S2-695720803,S2-513442789,S2-170725355,S3-919445750,S3-777753225,S2-428939151,S3-719863023,S2-994725232,S2-141810104,S2-51043049,S3-932191092,S3-175787296,S3-445602498,S3-708110431,S2-799820557,S2-333782490,S2-626989118,S2-740081940,S2-442957826,S2-498590574,S2-774316610,S3-864839022,S2-36572103,S3-893205600,S3-67753424,S3-162239678,S2-29822278,S3-969469712,S3-156026868,S2-498992987,S2-56582840,S3-164116745,S2-283628368
S1-498738124	S3-226695521,S2-394645988,S2-407175475,S3-401550925,S3-73823414,S2-856157690,S3-247345100,S2-897521973,S3-124809816,S3-689689104,S2-511725487,S3-726777179,S3-79706661,S2-843738909,S2-423583694,S3-194898171,S2-143116496,S3-417219874,S3-832394517,S2-242367010,S3-537010916,S2-94420973,S2-398456093,S3-90732195,S2-427764935,S2-969468361,S3-329359902,S2-296371420,S3-62867463,S3-227844225,S3-628708596,S2-804003634,S2-417443887,S3-178736450,S3-457783990,S3-609331946,S2-267890977,S3-10765766,S3-556165845,S2-526927807,S2-157203721,S3-782675642,S3-781591567,S3-1953402,S3-741004451,S3-13047096,S2-596878321,S2-51977302,S3-751840484,S2-770231303,S2-397789829,S2-726436479,S3-39992114,S2-145204119,S3-911780569,S3-457855246,S3-77867037,S2-525390784,S3-562022073,S3-313623455,S2-173714131,S3-195404569,S2-740831697,S2-779938874,S3-28885750,S3-702403754,S3-53758355,S3-291229663
S1-748364403	S3-903812886,S3-403984101,S3-731206884,S2-913121485,S3-635594306,S2-692254603,S3-838264021,S3-913173579,S3-582776256,S3-532038011,S3-180670742,S3-296110725,S2-923754546,S3-262856919,S3-506752973,S2-790115153,S2-266104703,S2-473860513,S3-893899863,S2-775242967,S2-730865806,S3-127526499,S3-594245121,S2-452638210,S2-313255580,S3-980789789,S2-189477030,S2-409845059,S2-485121887,S2-517314935,S3-17187513,S3-274642514,S2-937624955,S2-651209953,S2-557111788,S3-40564334,S3-287391207,S2-685617505,S2-255756536,S2-973866863,S2-242414986,S3-882422437,S2-915730222,S2-850544105,S2-570639737,S3-797015637,S2-964443246,S2-535588891,S3-593152841,S2-44906773,S2-540975141,S2-51424319,S3-504653847,S3-70512447,S2-459614531,S2-434061227,S3-576337138,S3-665328177,S3-418119758,S2-344770573,S3-192868295,S2-972148060,S3-880204670,S3-507614639,S3-383790901,S2-228267434,S2-978309428,S3-106493296,S2-565703063,S3-889435533,S2-488274314,S2-979345096,S2-323067680,S3-699528998,S2-141557211
S1-622557613	S2-726939886,S2-692386788,S3-371338164,S2-431182431,S3-790657580,S2-513249775,S2-421764787,S2-447585027,S2-27779064,S3-96361993,S2-199622369,S2-616512356,S2-831726341,S2-725961273,S2-962069858,S2-538540104,S3-707855758,S2-28760871,S2-614677809,S2-122346437,S2-897761400,S2-121161777,S2-812711831,S3-157528725,S3-261337333,S2-851238110,S2-547268959,S3-726408429,S3-37609162,S2-333566101,S2-657242727,S2-208672774,S2-137904907,S2-875621751,S2-319771268,S3-6298554,S2-327653957,S2-405222871,S3-590700831,S2-620359775,S2-279166708,S2-892516406,S2-570061558,S2-498541283,S3-948348282,S3-534529439,S3-361763454,S3-948614255,S2-179461864,S3-228157744,S3-483766983,S3-32540668,S2-178839954,S2-129689784,S3-187739408,S3-413446229,S2-11360197,S3-616748255,S2-487292731,S2-704323652,S3-154517457,S2-235068130,S3-129068953,S2-68984590,S2-380483491,S2-639231137,S3-848141569,S2-117570060,S2-128570081,S2-765265626,S3-638457289,S2-280623603,S3-399250354,S2-82777533,S3-809886365
S1-155027115	S2-298914373,S3-514364767,S3-738543757,S2-994500979,S3-250655904,S3-649717239,S3-454772850,S2-774705407,S3-573532210,S3-606153222,S3-262954767,S2-448726234,S3-727870841,S3-90253582,S2-666590066,S2-675982665,S2-174298792,S3-301965225,S3-360664758,S2-431590321,S3-830392900,S2-468780590,S3-6820574,S2-501555124,S2-388406696,S2-470289124,S2-35554040,S3-597779932,S2-283541803,S3-835143504,S2-122650575,S2-854133167,S3-320995973,S3-158041116,S3-783760662,S2-711727482,S2-423246766,S2-525629316,S3-932808408,S3-649047680,S2-44446790,S3-301166242,S3-972497072,S3-647554132,S3-716893463,S2-133132935,S2-118742548,S3-222421334,S2-739603930,S3-832894036,S3-460045321,S3-755653137,S2-561353544,S2-827362320,S3-764577581,S2-209865999,S3-329248344,S3-424455668,S2-364402152,S2-877085471,S3-174713586,S2-882995826,S2-930033885,S2-336790600,S2-845469988,S3-258999640,S3-75360243,S3-577310590,S2-601494759,S2-706238826,S2-728433369,S2-550265337,S3-99610340,S3-18122482
S1-417074218	S2-468780590,S2-944634045,S2-865745597,S3-107335901,S2-816821616,S3-692038601,S2-263244436,S3-763940657,S3-648102632,S2-292203464,S3-490880308,S2-841193719,S3-578143206,S2-424537185,S2-442998147,S2-692772574,S2-747421205,S3-862063751,S3-402958681,S2-291044452,S3-132281000,S2-26881176,S3-992341899,S3-29795188,S3-67443313,S3-693882651,S3-957059794,S2-382861414,S3-794790437,S3-293458255,S3-846048432,S2-926365725,S2-164274633,S2-275439790,S3-478832844,S2-713109591,S2-31256790,S3-324607124,S2-374566713,S3-175183145,S2-201040866,S3-304501038,S3-846912573,S2-733025108,S2-759863524,S3-740232623,S2-496069716,S3-612463547,S3-543348168,S2-690666650,S3-127904788,S3-994443779,S2-402828916,S2-98445220,S2-353688026,S3-857238865,S2-386307336,S2-455124754,S3-673427735,S3-637707053,S2-385132565,S2-151688807,S3-928262424,S2-704779076,S3-812671275,S3-569969889,S2-366393391,S2-847392050,S2-512950951,S3-968572949,S2-11504316,S2-353252966
S1-63975497	S2-813957984,S2-894195814,S2-964079328,S2-875879557,S2-261600606,S2-41177696,S2-391112651,S2-98240068,S3-937680659,S2-579518191,S3-867952159,S2-895674743,S2-32188352,S2-157045477,S2-618598513,S2-653938923,S3-470119993,S2-56989690,S2-262704771,S3-545984688,S2-491362196,S2-922079165,S3-86170242,S3-256199382,S2-952108569,S3-200651519,S2-117046778,S2-901138898,S3-89963564,S3-788071661,S3-731892089,S2-189393978,S3-727177202,S3-717790586,S2-241928182,S3-670677682,S2-192178144,S3-477635720,S2-161614632,S3-648893716,S2-177552442,S2-387058606,S3-27823948,S3-318848375,S2-271689950,S3-114044421,S3-582205105,S2-248800034,S3-92190520,S3-699687953,S3-52049374,S2-717624523,S3-273593803,S3-996390920,S3-399220586,S2-730605486,S3-170097389,S3-279056307,S3-474050832,S3-91997873,S2-108078608,S3-174351076,S2-152690112,S3-806984784,S2-565021327,S3-395664893,S3-499028395,S2-357857285,S2-916224378,S3-638528984,S2-826868298,S3-746115457,S2-906888467,S2-554363351
S1-122492157	S2-654784858,S2-405740663,S3-310165697,S2-714882908,S3-67645109,S3-260303322,S2-444945373,S2-232490044,S2-819445650,S3-633062643,S3-328937205,S3-337216879,S3-538945304,S2-80163497,S3-372230683,S2-402146164,S3-184192359,S2-644567492,S2-13498915,S2-174686195,S2-683312986,S2-328784801,S2-801871438,S3-91397216,S2-745161764,S2-871689803,S2-148782506,S2-370110220,S3-693350918,S2-495933722,S2-222391309,S2-894775887,S2-721768235,S2-352909992,S2-446249773,S2-661030345,S2-714893630,S2-482733663,S3-889424536,S2-189369869,S3-552070970,S2-759637809,S2-184737623,S2-952137689,S2-570393295,S2-171129243,S2-742864982,S2-640361421,S2-525099787,S3-297723945,S2-15457640,S2-265665909,S2-673173714,S2-212727573,S3-245248269,S2-18816789,S2-727122409,S3-980422125,S2-126103359,S3-669318207,S2-146593098,S2-683014569,S3-239676376,S3-990690389,S3-116888812,S2-388376138,S3-80839141,S2-457433446,S2-20487623,S2-159933539,S2-984642202,S3-90558953,S3-319633665
S1-483281264	S3-464929036,S2-308129945,S3-125463115,S3-478740633,S3-150556967,S2-448491661,S3-727382409,S2-870369410,S2-555583596,S2-843127481,S2-762138912,S3-426355268,S2-960861760,S3-931954535,S3-677120145,S3-568037495,S2-778670727,S2-991399200,S2-62577574,S3-90524055,S2-772269040,S2-642257370,S2-728137827,S2-860414494,S3-547812352,S2-5371139,S2-467499109,S2-378055021,S2-408204806,S2-683095863,S3-739538201,S3-957418441,S3-20373051,S3-552116413,S2-850203462,S2-388253121,S2-551793398,S3-561556846,S2-66464957,S2-935611265,S2-460365312,S3-19812166,S3-296882837,S2-175029936,S2-534757753,S2-768946792,S2-53347125,S2-545906582,S2-729243912,S2-686200132,S3-904536214,S3-215588018,S3-942781577,S3-586806823,S3-880122228,S2-923823076,S2-897127429,S2-252697289,S3-562060262,S2-531112145,S3-419492811,S2-784348181,S3-254537860,S2-498424987,S2-29611581,S3-861910146,S2-18681671,S3-897845855,S2-206412787,S3-816597095,S2-10593798,S3-968447454,S3-902943062,S2-779739379,S2-151579319
S1-140525226	S3-828431171,S3-36016512,S2-467971081,S3-903324282,S2-241872199,S3-378404825,S2-463489454,S2-613971680,S3-158647161,S2-887096875,S2-634893710,S3-837558160,S3-40428618,S3-854728168,S3-147431036,S2-656851624,S3-164601885,S2-777319729,S2-300186409,S3-852614634,S3-536486905,S2-82783766,S2-741031126,S2-486417630,S3-715160116,S2-561017128,S3-747520602,S2-477346021,S3-52698791,S2-192355332,S2-623935557,S2-439888025,S2-710652107,S2-472278678,S3-384333630,S2-691989343,S3-111759952,S2-643920226,S2-837266835,S2-949348082,S2-576999220,S2-561629536,S2-573016979,S2-642792694,S2-948334651,S2-468403838,S2-754423272,S2-34422296,S2-293776580,S2-96508179,S2-915148371,S2-795352801,S2-959056517,S3-620801230,S2-300309078,S2-470362495,S2-640246325,S2-728005808,S2-12658583,S2-240567370,S2-449627697,S2-421761461,S2-452265406,S2-962882456,S3-539847215,S3-432755294,S3-772224634,S2-417849143,S2-943796086,S2-394324148,S3-384211175,S2-275384340,S2-302370442,S2-405435610,S2-57069804
S1-616755144	S2-603717216,S3-531050438,S3-448551908,S3-328330417,S2-777826651,S2-667274253,S2-48566550,S2-809287562,S3-432315802,S3-241220146,S2-683817893,S2-367775749,S2-246676918,S2-95212748,S3-910070615,S2-501461489,S2-102352925,S2-784927359,S2-928684896,S2-900398799,S2-963237343,S3-556653371,S2-74840053,S2-397600396,S3-547225527,S2-250344380,S3-984544511,S3-305178768,S2-863641602,S2-486149503,S2-471104369,S2-680711195,S2-541750887,S3-700506307,S2-985915383,S3-74230073,S2-700898833,S3-445190168,S2-579205794,S2-809506287,S2-619228060,S2-322183138,S2-794813438,S2-197837250,S2-954470784,S2-126696845,S2-124071553,S2-932424350,S3-438951846,S3-857153356,S3-325170623,S2-474234330,S3-359337318,S3-42324376,S3-677942654,S2-485979799,S2-209071227,S2-643638573,S2-476437469,S2-611265714,S3-889268461,S2-43898665,S2-604706647,S2-971418260,S3-5597383,S3-792970780,S2-43487456,S3-569006770,S3-47307644,S2-274988866,S2-191403368,S3-639709075
S1-527727380	S2-436282991,S2-938955832,S2-537012585,S3-241610515,S3-918357967,S2-968252585,S2-748545907,S2-423654377,S2-528833510,S2-82677453,S2-439786382,S3-883912304,S2-136277018,S2-422005101,S2-173066056,S2-133270735,S3-278813052,S2-837936134,S2-857755271,S2-36521609,S2-278376019,S3-557777347,S2-494717429,S2-562185065,S2-99136836,S2-129607000,S2-859754079,S2-42635997,S2-82544670,S2-187499079,S3-710669503,S2-720481070,S2-49975588,S2-396752858,S2-592423112,S2-474925043,S2-734549255,S2-201040866,S2-972485350,S2-899616853,S3-775792216,S3-741459211,S2-179428740,S2-529101052,S2-393808325,S2-863476565,S2-931860867,S3-797830010,S2-241924179,S3-752636033,S2-298914373,S3-767453164,S2-652247214,S3-624173696,S2-705196574,S2-30830908,S2-351551585,S3-789108301,S3-343346488,S2-519087156,S3-810757752,S2-937072190,S3-618188045,S3-910485632,S2-136292696,S2-724525585,S2-636761914,S2-693072766,S3-795731316,S3-656610579,S3-916154441,S3-309986784,S2-473097749,S2-508857969
S1-387694500	S2-74305894,S2-931860867,S2-428302180,S2-473097749,S2-397875130,S2-486508693,S3-86183005,S3-154077209,S2-792582896,S2-10762740,S2-832622449,S2-376925848,S2-475326292,S3-496596376,S2-678228631,S2-51873160,S2-389034100,S3-547489622,S2-544679270,S2-389380650,S2-3332574,S2-489132323,S2-478183673,S2-899215772,S3-434896093,S2-374932545,S3-992400720,S2-969898742,S2-221379524,S2-723525921,S2-614982030,S2-767323298,S2-381018004,S3-70945931,S2-576766693,S2-377790326,S2-663887828,S2-774426640,S2-260783916,S2-666690906,S3-5811158,S2-665553562,S2-333783842,S2-602574153,S2-344120854,S2-989084694,S3-896872183,S3-705554049,S3-150202850,S3-624173696,S3-781814462,S3-177841652,S2-804974535,S2-650444220,S2-813475951,S3-158247675,S2-3914789,S2-494675725,S2-393808325,S2-270586237,S2-724681924,S3-2475335,S3-462304768,S2-635618044,S3-428209909,S2-400907126,S2-927458565,S2-31737486,S2-986189127,S3-960751450,S2-436282991,S3-37821783,S3-815544308
S1-664267481	S2-670964612,S2-364223322,S2-434053393,S3-282637208,S2-301599555,S2-351566766,S2-887618326,S3-688124683,S2-275768124,S2-676718427,S3-750026852,S2-12859194,S2-977699810,S3-522651030,S2-184635390,S2-863824251,S2-357687526,S3-891102731,S2-964188523,S2-936840236,S3-30241418,S2-678502641,S3-709637786,S2-63273995,S2-306295209,S3-29631894,S2-304928850,S2-734728607,S3-361453741,S3-141434022,S2-894461536,S2-437808186,S2-872187737,S3-105959407,S3-984458627,S2-435628108,S2-84560700,S2-513203899,S2-384422297,S2-571618880,S2-611402891,S3-189596834,S2-790176691,S3-922128040,S2-980105135,S3-563971531,S2-636362528,S3-437280412,S2-47900572,S2-347133115,S2-198470059,S3-124995,S2-278761266,S2-744456545,S2-320983511,S3-534011204,S3-949715010,S3-699528998,S3-987523638,S3-543542894,S2-949631024,S2-306607257,S2-161047745,S3-263913786,S3-838249839,S2-515720102
S1-798970125	S2-972742243,S2-311155477,S3-404581647,S3-217553002,S3-914337935,S3-36944044,S3-13928012,S2-57416151,S3-256786292,S3-723303837,S2-840012431,S2-165754057,S3-543253264,S3-194842431,S2-265287021,S2-641120439,S2-356735547,S2-316510937,S3-695535384,S2-616185883,S3-293088295,S2-833741325,S2-823100174,S2-542484410,S3-18173013,S2-259456623,S3-260247545,S3-614541187,S3-87436950,S3-528392888,S3-184260861,S3-34182927,S3-973494834,S2-685786223,S3-725011573,S3-514839284,S2-55431124,S3-737350803,S2-723693171,S3-811258241,S3-755863257,S3-841523083,S3-668895772,S3-586205176,S2-41573205,S3-123556512,S3-35885295,S3-177114986,S3-823501301,S2-418658885,S2-199646863,S2-783704558,S3-67488948,S2-879690553,S3-28376225,S2-123538726,S3-348178585,S3-534011204,S3-551638572,S3-243013052,S2-585958436,S3-41666740,S2-896003071,S3-364778628,S2-92513439,S2-189089447,S3-936920543,S2-850851186,S2-121501453,S3-31691447,S2-754588191
S1-840279529	S2-127600798,S3-847993975,S3-206567680,S3-553660380,S3-449559064,S3-954921330,S2-531684146,S3-431356437,S3-208926046,S2-735844220,S3-884481463,S2-708670427,S3-490078702,S3-10043243,S3-791284569,S2-766767178,S3-560966123,S2-765946331,S3-309270119,S3-478416425,S2-290590943,S3-141289624,S3-806290783,S2-684987015,S2-757062932,S2-77235739,S3-352624027,S3-584033465,S3-582353328,S3-103089690,S3-555780911,S3-867928917,S3-117533595,S2-2276967,S2-428763857,S2-825354133,S3-899498474,S2-518061805,S3-738140724,S3-340972563,S3-59504831,S3-859237958,S2-389949711,S3-704577249,S3-939639201,S3-5094068,S2-26670373,S3-898310857,S2-115880227,S2-123409799,S2-745866052,S2-692585872,S2-895873093,S2-882907234,S3-667485033,S2-892367472,S2-699673694,S2-294777405,S3-158650066,S2-596257020,S3-960842866,S2-148355153,S2-913519525,S3-699979321,S2-825207939,S3-806984784,S3-754065952,S3-187809822,S2-111901546,S2-674077779,S2-832052225,S2-566728597,S3-715054132,S3-898778729,S2-697558578,S2-735950167
S1-624514617	S3-218335406,S2-381992754,S2-484231420,S3-998896980,S2-596158290,S3-106183691,S2-266225214,S3-645708456,S2-855633517,S3-760754793,S3-279742600,S3-645495913,S2-969263270,S3-672546444,S3-777792270,S3-206803738,S3-59971944,S2-210601194,S3-485124793,S2-671649180,S3-282479631,S2-405277031,S2-564112793,S2-162336156,S2-869706675,S3-82061077,S2-615299695,S2-939131514,S2-374773640,S3-236385912,S2-23222505,S3-322903410,S3-325470146,S3-416117385,S3-906745557,S3-291199071,S2-320641300,S3-205681873,S2-736010823,S2-412866359,S3-607880358,S3-334578050,S2-339932627,S2-184737623,S2-271485274,S2-717081077,S2-583078753,S3-463112284,S2-710531040,S2-105273366,S2-113550967,S3-912439579,S2-134998200,S2-201268318,S2-452680042,S3-342999845,S2-146593098,S2-84589759,S2-964375822,S2-801612886,S2-802130222,S2-827733776,S2-723407043,S2-674212082,S3-850110343,S2-662333551,S2-588045199,S2-813862982,S2-864082752,S2-574149905,S3-604361098,S2-857849107,S2-218534575,S2-826868298,S2-456430736,S2-598415487,S3-924709155,S3-996786611,S3-363420972,S2-384806817
S1-557783855	S3-225764876,S3-911257472,S2-906761880,S3-79776428,S3-492160910,S3-941605201,S3-354698454,S2-437570258,S3-376054066,S3-362853940,S3-36758574,S2-22190807,S3-476771290,S3-27933425,S3-312660810,S2-15275449,S3-410945410,S3-649235994,S3-225906626,S2-70247599,S2-374868939,S2-269412171,S2-582131489,S3-375692639,S2-999793401,S2-640420911,S3-52236204,S3-4086513,S3-568130593,S3-93146105,S3-945500336,S2-109905092,S3-437053870,S3-725249510,S3-873905347,S3-577472264,S2-429314580,S2-364709779,S2-135428477,S2-898236596,S2-822798491,S3-674296022,S2-717428487,S3-776918996,S2-468391282,S2-245634974,S3-248614453,S3-569565556,S2-75304066,S3-899353061,S3-891104170,S3-82569247,S3-593594840,S3-996706485,S3-569667454,S3-185608953,S2-721828148,S2-242932697,S2-316856729,S3-754385304,S3-400472079,S2-941207751,S3-977581867,S2-221008320,S2-35427816,S2-614860342
S1-187558029	S3-404018899,S3-52961525,S3-954215749,S2-581436607,S2-131852930,S3-816583993,S2-373883495,S2-732728003,S2-440564786,S2-832455188,S2-275415486,S3-821579288,S2-42670115,S2-604844140,S2-395860766,S2-16259404,S2-206972064,S2-663014996,S3-864464141,S3-271489973,S2-344134236,S2-482123618,S2-830304722,S3-740241379,S3-901066827,S2-77859449,S3-647395989,S3-984327804,S2-842463067,S2-593897467,S2-161585520,S3-531909500,S2-890405562,S3-832528462,S3-441614742,S3-660656403,S3-798104677,S2-625184740,S2-942413491,S2-732471338,S2-480146772,S3-402052963,S2-210028902,S2-868740769,S2-787833272,S2-850638234,S2-525675587,S3-1845870,S2-358852825,S2-323569447,S3-396030651,S2-892000465,S2-452594648,S2-394257658,S2-445378376,S3-905004617,S2-219065873,S3-888161437,S3-107653969,S2-914390648,S2-820739985,S2-933092030,S3-47975823,S3-421854912,S3-742777523,S3-225585774,S3-307498554,S3-442623649,S3-188063360,S2-703992488,S3-795416630,S2-602678559
S1-737635669	S2-686897435,S2-813595060,S3-899597068,S2-100836102,S2-424180459,S3-209197090,S2-535111567,S3-810640987,S3-843423764,S3-391289610,S3-912374499,S3-834360988,S2-555724821,S2-679358209,S2-471523961,S2-4479411,S2-596947984,S2-943898191,S2-402146164,S2-873759824,S3-947888421,S2-466559682,S3-144340506,S3-885381846,S2-379172382,S2-947763870,S2-376658759,S3-196161888,S3-52270676,S3-743474812,S2-714134394,S2-826542762,S3-374569355,S3-188495933,S3-16285593,S2-403506952,S2-460922459,S3-808054790,S2-771412413,S2-779998795,S2-345291048,S3-425045259,S3-666877809,S3-787437237,S3-378182277,S3-624468918,S3-785314785,S2-542719473,S2-733348440,S3-65762498,S2-400428534,S2-432218683,S3-778442848,S2-287922521,S2-39610552,S3-656708938,S3-341758829,S2-405107932,S2-181055109,S2-561416780,S2-199141707,S2-335872902,S2-634015823,S2-607620861,S3-733127623,S2-980743302,S3-436708405,S3-867928917,S2-564577234
S1-499566732	S2-330417075,S2-656152038,S2-880939624,S2-312573896,S2-625790354,S3-945227103,S2-101262358,S3-541130242,S3-424614533,S3-489048620,S3-227227109,S2-25679689,S2-964680461,S2-399093182,S2-509431761,S2-946560554,S3-502652112,S2-953243419,S2-794778590,S3-186882699,S3-605352916,S2-619412545,S2-216470228,S2-335585674,S2-421683333,S3-231469736,S2-722892096,S2-505955681,S3-518679355,S3-265939809,S2-488257251,S2-7710308,S3-455530891,S3-783799622,S3-410477423,S3-950660541,S2-456547361,S2-381821383,S2-606333445,S2-802724006,S3-332441961,S2-911750057,S3-781733238,S2-11360197,S2-606077666,S2-568882672,S2-846927809,S2-877085471,S2-433317994,S2-497985428,S2-534311451,S3-949231398,S3-545041651,S2-481114830,S3-761346458,S3-600722800,S3-746328789,S3-898040613,S2-917557484,S2-537906252,S2-855831597,S3-608216705,S2-823771611,S2-16302762,S2-678446632,S3-783631819,S2-153087367,S2-582885404,S3-982864935,S3-695659041,S2-900770605,S3-242063184,S3-268967456,S3-933023141,S3-677121608
S1-669754446	S3-209819308,S3-191827520,S2-774426640,S2-947758414,S2-831831000,S2-2107887,S2-221379524,S2-377790326,S2-600115417,S2-818736016,S2-562884138,S3-884562966,S2-422398104,S2-456933896,S2-686218274,S3-630184262,S2-478183673,S2-881799150,S2-400958216,S2-293444864,S2-909441879,S3-729806324,S2-539019770,S2-969898742,S2-383148775,S2-666690906,S2-759794091,S2-685264609,S2-38114861,S2-544679828,S2-374932545,S3-83872824,S2-856950705,S2-3332574,S3-46734980,S3-70411416,S2-248490959,S3-36671169,S3-636358389,S2-930272452,S3-956828939,S3-47035394,S3-795973989,S2-915769300,S2-789940564,S2-666781884,S2-259477709,S2-517981617,S3-605354188,S2-966971224,S3-236148201,S2-904009571,S2-665553562,S2-636160736,S2-851754490,S2-906113528,S2-2871429,S3-787949344,S2-727803781,S3-975997048,S3-934945874,S3-469663707,S3-101358361,S3-847790890,S3-836083070,S2-998672506,S2-478831502,S3-145167978,S2-836050391,S3-560133562,S3-753214082,S2-181600483,S2-655087081,S3-343384840,S2-856103258,S3-43371087,S3-774147108,S2-491703240,S3-753342448,S2-669512922
S1-356319224	S3-839101418,S2-687838231,S2-116809820,S3-838999423,S2-813718000,S2-681269914,S3-826558404,S2-407432333,S2-619874433,S2-613033114,S2-243895866,S3-723652684,S3-379786316,S2-835777106,S3-390696145,S3-519722454,S2-50801403,S3-523846555,S3-919119436,S2-234839191,S3-686917455,S2-73403413,S2-530407217,S3-960079342,S3-906108065,S2-2960739,S2-642747166,S2-99858135,S3-263464561,S2-917833380,S3-300313238,S2-896707606,S2-802999298,S2-42911706,S2-261633301,S2-874150170,S2-89406989,S2-79818405,S2-627415274,S3-357088215,S3-781629765,S2-693971778,S3-580253663,S2-781790661,S2-378933482,S3-969896080,S2-132401217,S2-320950403,S3-21385205,S2-804822084,S2-30060065,S3-175592664,S2-485991519,S2-181597994,S3-380113067,S2-403690058,S3-873046864,S2-875242013,S3-143650543,S2-820207139,S3-653677496,S3-810914478,S2-981870833,S2-536790002,S2-552708019,S3-426399975,S2-297309723,S2-208754757
S1-176550551	S2-978309428,S3-293972001,S2-700048635,S2-995591456,S2-247552236,S2-531539621,S2-587366043,S2-829983999,S2-667391262,S3-13431693,S2-335914500,S3-874137933,S2-707693018,S2-566963953,S3-197424002,S3-522790920,S2-199038641,S2-25115789,S2-836266513,S3-122518048,S3-446493852,S2-443194899,S3-276827174,S3-849906439,S3-887405393,S2-747334800,S2-723275051,S2-847254684,S2-480002867,S3-791593254,S3-257740368,S3-449542497,S3-151084129,S2-862213772,S2-997408631,S3-861458365,S2-555846632,S2-539464436,S3-462417214,S3-643104048,S2-598991538,S2-534832831,S2-285322096,S2-623847222,S2-238887989,S3-355631180,S3-415910490,S2-873318575,S2-243592801,S2-949591610,S3-870933569,S2-840267891,S3-998772416,S3-357088215,S3-699537302,S3-51206674,S2-363552218,S2-699391872,S2-482388185,S2-318627840,S3-23154172,S2-146555727,S3-779779215,S3-503161744,S3-302638216,S2-336980291,S2-63044075,S2-96304367,S2-432867252,S2-932392002,S3-520566309,S2-780738064,S2-800653250,S2-898065794,S2-647870744
S1-551688195	S2-247572689,S2-279343282,S3-499017863,S2-332054528,S2-844224833,S2-554359328,S2-386724118,S2-707082042,S2-942862170,S2-444646417,S2-816055452,S2-78456694,S2-68196002,S2-521674341,S3-949886859,S2-342852557,S2-134681447,S2-877455369,S2-386195364,S2-241155608,S2-33423524,S2-246463733,S2-446679533,S2-49714549,S2-737751822,S2-943882762,S2-148508078,S3-514623623,S2-898599389,S3-242759431,S2-662157780,S2-979987380,S2-307634941,S2-232784264,S2-37011973,S2-200213194,S3-161781223,S2-269067144,S2-260445319,S2-970352127,S2-367246556,S2-430094930,S2-489064845,S2-797771155,S2-727665,S2-905684636,S2-636160736,S2-436621421,S2-13684854,S3-719204259,S2-546309004,S2-9658542,S3-235590667,S2-969888131,S2-772588156,S2-706238826,S2-699970234,S3-988780101,S3-395173635,S2-487805187,S2-411518891,S3-435846912,S2-872213594,S2-885784754,S3-134118960,S3-771387065,S2-959456868,S2-349187858,S2-320338854,S3-372978845,S2-674315309,S2-829108318,S2-270586237,S2-866531719,S3-550009887,S2-845932241,S2-546934117,S2-97390028,S2-246576353,S3-360219250
S1-698189395	S2-866425356,S2-918576296,S3-431442130,S2-669804692,S3-629451326,S2-438969319,S2-849117792,S3-805783007,S3-218890903,S2-45071914,S2-848267453,S2-219071662,S2-739711364,S3-470633679,S3-591562140,S2-145851590,S2-505328569,S2-742941063,S2-743134992,S3-302591797,S3-865384219,S3-962039728,S2-269135965,S2-434744134,S2-554886397,S2-508923615,S3-395609911,S3-879423574,S3-774345900,S2-787411419,S2-507089204,S3-109942194,S2-429198614,S2-891050601,S3-356328247,S3-404967091,S3-869235136,S3-610522141,S3-750093551,S3-484776985,S2-189656288,S3-337398862,S3-363718240,S2-184334130,S3-145167978,S3-924401152,S2-882721207,S2-572006518,S3-655827026,S3-247079246,S3-911064052,S3-627216664,S2-369734557,S3-785579261,S2-484680744,S3-276376723,S2-146369582,S3-195313561,S2-633216604,S2-11360197,S2-270586237,S2-253076862,S3-859264677,S2-652247214,S2-764196413,S3-293668092,S3-528376909,S2-564148261,S3-909105066
S1-116737194	S3-727349114,S2-689767417,S3-872701289,S2-187034916,S2-974834039,S2-587815777,S2-976647975,S2-729427737,S3-508306090,S2-702680987,S2-732099907,S2-975127039,S3-291720242,S2-648420391,S2-603052709,S2-956957661,S2-852710622,S3-249488849,S3-223962428,S2-856170765,S2-469139563,S3-938043354,S3-235965776,S2-762128837,S2-745192253,S3-618730899,S3-945970450,S2-261729129,S2-270149705,S2-686361176,S3-10104553,S2-397618226,S2-296799954,S3-791418040,S2-45155331,S2-129207208,S3-148297707,S2-843349269,S3-145465132,S3-883336211,S3-161051554,S3-433308932,S3-215500478,S3-805678172,S2-322836083,S2-132895527,S3-859730197,S3-857046951,S2-331036957,S2-619354663,S2-777826651,S3-896736932,S3-490337480,S3-80308825,S3-375250254,S3-92888029,S2-435024845,S3-383763549,S3-968796490,S2-134458400,S2-854980259,S3-59001699,S2-87525481,S2-362079816,S2-559855687,S3-45119477,S3-287401166,S2-455541134,S2-481614555,S2-888542641,S3-302483285
S1-136894582	S2-576940946,S3-773785851,S3-332753509,S2-918939789,S2-13572735,S3-406378055,S3-986374350,S2-928159623,S3-907766504,S3-966876726,S3-982834924,S2-569967225,S3-992214198,S2-630101802,S3-21271560,S2-161328272,S2-651456206,S3-863933510,S2-657612909,S2-856654739,S3-945119221,S3-170893570,S3-73747670,S2-910978799,S3-615122577,S3-81831452,S2-761563119,S3-98460266,S3-821106527,S3-584603472,S3-495102234,S2-1942598,S2-672144096,S2-611353371,S3-495112266,S3-753270686,S3-581531924,S3-570182570,S3-921951280,S3-308979338,S3-712792294,S3-126866285,S3-206668421,S2-330334739,S3-126096567,S3-745238903,S2-62694928,S3-347533295,S3-930026015,S2-69050789,S3-950108124,S2-871653579,S3-385115343,S2-404909141,S3-648814644,S3-188615523,S3-286061988,S2-548705010,S2-607386467,S3-523245796,S3-761181928,S3-675093337,S2-922477258,S2-248833200
S1-342754370	S2-399056355,S2-108014418,S2-774426640,S2-422398104,S2-377790326,S2-947758414,S3-884562966,S3-630184262,S2-293444864,S2-562884138,S2-539019770,S2-600115417,S3-729806324,S2-221379524,S2-759794091,S2-38114861,S3-469811377,S2-383148775,S2-686218274,S3-93612826,S2-3332574,S2-516353697,S3-252214014,S2-930272452,S2-983756344,S2-555593257,S2-666690906,S2-400958216,S2-504505275,S3-46734980,S3-121013857,S2-143563693,S3-636358389,S2-468120534,S2-685264609,S3-638998853,S3-138144710,S3-902173888,S2-478183673,S2-620387115,S2-980306379,S2-185537657,S2-201089624,S2-579344454,S2-20456380,S3-798103797,S2-157160776,S3-418783598,S2-683695538,S2-114971268,S3-780902787,S2-688398048,S2-370549501,S2-904467612,S3-531402102,S3-478524206,S2-900884194,S2-954763838,S3-827068074,S2-93891477,S3-969145106,S2-885711631,S2-965399023,S2-854133167,S2-143041760,S2-208754757,S2-141860991,S2-70236447,S2-278285112,S2-579863213,S3-120776314,S2-91347281,S3-229107813,S3-379424207,S2-316020185,S3-73489423,S2-99267247,S3-538932133,S2-534237463,S2-128499773
S1-567349457	S2-714882908,S3-67645109,S2-80163497,S2-444945373,S2-232490044,S2-819445650,S3-633062643,S3-538945304,S2-402146164,S2-13498915,S2-644567492,S3-91397216,S2-370110220,S2-801871438,S3-337216879,S2-495933722,S3-184192359,S2-894775887,S3-842254184,S2-721768235,S3-666296716,S3-372230683,S2-645795271,S2-222391309,S2-174686195,S2-858017604,S2-62736893,S2-148826554,S2-683312986,S2-888289462,S2-352909992,S2-654784858,S2-635113172,S2-460301822,S2-979268936,S2-625383713,S2-333208644,S3-669318207,S2-919863801,S2-871689803,S2-541438889,S2-497958541,S2-65468025,S2-421560039,S2-803120683,S3-901605454,S2-88168760,S2-921636402,S2-258903708,S2-715243543,S2-391753417,S3-266851733,S2-236221259,S3-256220691,S2-549095163,S3-507664559,S3-237539108,S2-568464507,S2-903217288,S2-72854232,S3-55782482,S3-719871211,S2-795545317,S2-909596156,S2-412656384,S3-53943972,S2-443826541,S2-193718569,S2-442665669,S3-837256053,S3-312382426,S3-616873294,S3-352801980,S2-727122409,S3-361073401
S1-468339122	S2-845345337,S3-277847368,S2-167904201,S3-859300331,S3-691127452,S3-106189195,S2-281652082,S2-406756717,S2-388698583,S3-258182112,S2-230056530,S3-530416481,S2-815062890,S3-540365084,S2-482319341,S2-21901695,S3-845308281,S2-687398115,S3-304836705,S3-823708651,S3-651993886,S3-101290263,S2-203296597,S3-318025344,S2-701347531,S2-417013477,S2-794505453,S3-813550004,S3-332693373,S2-186477879,S3-93461294,S3-677971342,S2-305427278,S3-664383206,S2-912574662,S2-281557469,S3-346499833,S2-225767594,S2-113964806,S2-717770123,S3-622978639,S3-697515916,S3-339175203,S3-451968425,S2-905366576,S3-146205890,S3-112993742,S3-861463440,S2-765997250,S3-374427185,S3-675791109,S3-197907468,S3-732243643,S3-658112458,S2-266942307,S2-466559682,S2-854546683,S3-799359722,S3-22030093,S3-283988586,S3-122697016,S3-692891401,S2-239476537,S3-778429200,S2-231563539,S3-25240118,S2-478609132,S3-249094103
S1-615455408	S2-879468482,S2-772384068,S2-379653311,S3-480730092,S3-527717055,S3-102749969,S3-618977235,S2-568522366,S2-160939017,S3-253011594,S3-207248285,S2-50757250,S3-131330791,S3-631675523,S2-7302862,S3-780412982,S2-542355547,S3-595228662,S2-443874498,S3-526653257,S2-34092717,S2-988430985,S3-166046779,S3-719637839,S3-413201188,S3-990769953,S3-657217892,S2-227087511,S3-502425872,S3-120900965,S2-462048833,S2-306875981,S2-106812665,S2-443453980,S2-542530776,S3-857670372,S2-189729084,S2-824779626,S3-592552621,S3-75691049,S3-270147535,S2-293776580,S2-923271726,S3-293587371,S2-290954922,S2-316300222,S3-757373467,S2-54307441,S2-63398509,S2-531394798,S2-262889485,S3-436364572,S2-615345911,S2-762288502,S2-896239264,S2-802130222,S2-802141782,S2-776198411,S2-824314124,S2-985216261,S2-723367174,S2-195421748,S3-319633665,S2-5942393,S2-804454499,S3-339240806,S2-992638911,S2-705088632,S2-90657044,S2-614691434,S2-240214442,S3-878386618,S2-554680656,S2-291638083
S1-971115873	S3-75689772,S3-716680636,S3-477429580,S2-755851386,S3-52909670,S3-665397159,S2-946585696,S2-767018785,S2-943764934,S3-949515699,S2-192036277,S3-494869351,S2-772551822,S2-580815414,S2-261600606,S2-392609321,S3-761604903,S3-854080512,S2-620515800,S2-667612414,S2-185659941,S3-53275312,S2-715503529,S2-5446196,S2-558654912,S3-332379986,S2-808694908,S2-370635933,S2-404108571,S2-544187583,S2-192469422,S3-628684104,S2-502864443,S3-263518215,S2-657884367,S3-929246324,S3-432583777,S2-416452219,S2-231603712,S2-358250901,S3-961282705,S2-401664412,S3-328758263,S3-623621468,S2-428215536,S2-281156139,S2-560489513,S3-124726981,S2-127326655,S2-955680205,S2-184248265,S2-545724283,S2-748383771,S2-749652183,S3-241482182,S2-959693129,S2-97857545,S2-861886820,S2-765499214,S2-325039581,S3-580616742,S2-868203046,S3-91817379,S2-953919583,S2-707691736,S2-202484845,S3-472380216,S3-832301339,S2-506371758,S2-637449023,S2-28123618,S2-519714496
S1-260530670	S2-291353274,S3-975824073,S3-724436961,S2-666412617,S2-441899223,S2-603052709,S3-508306090,S3-799584171,S3-727034007,S3-223962428,S2-894616416,S3-663938352,S3-291720242,S3-290285288,S2-976370605,S3-249488849,S3-353236618,S2-976647975,S2-330806065,S3-938043354,S2-750225773,S3-618730899,S2-73543264,S2-732099907,S2-479857814,S2-762128837,S3-76721219,S3-375475880,S2-520841493,S2-485599345,S2-408845232,S2-648420391,S2-897669026,S3-31652768,S3-975316688,S2-61018386,S3-600815683,S2-114996032,S2-231087677,S3-190668674,S2-869879385,S2-540228886,S2-323765241,S3-101022392,S3-437041843,S2-126103359,S3-328679124,S2-153331897,S3-897259064,S3-577454593,S2-868475778,S2-53173995,S3-157026068,S2-628378031,S2-751219693,S3-23436471,S3-236794983,S2-913519525,S3-696092013,S2-47056973,S2-897621397,S3-452592906,S3-747072338,S3-897273043,S3-972779597,S2-463685651,S2-237699745,S3-43428103,S3-657943763,S3-540198925,S2-781358249,S3-897840273,S2-543007266,S3-283658765,S3-868639760,S2-72201874,S3-593842190,S2-112317631,S2-231214774,S2-476910444
S1-848777360	S2-948756503,S3-979083338,S3-248233177,S2-249997299,S3-114079312,S3-125334350,S2-766536822,S3-939120581,S3-783126833,S2-420253722,S2-928620819,S2-544476768,S2-953092038,S2-290655819,S3-114693239,S2-769049714,S2-346672085,S3-238048854,S2-878928576,S3-278218540,S2-736697077,S2-118399662,S2-781876191,S2-492641049,S2-569185594,S3-909650961,S2-364774015,S2-111237832,S2-465889177,S2-269166658,S3-453666157,S3-673437649,S2-911534301,S2-596843805,S2-736541996,S2-22060258,S2-681568197,S3-170148818,S2-933026080,S3-565264546,S2-105871347,S2-523657543,S3-876091142,S2-20312957,S3-996344923,S2-678744266,S2-608447496,S2-601724955,S3-782115782,S3-620316094,S2-3914789,S2-558325326,S3-600835328,S2-331744399,S3-796355619,S3-486508953,S2-43870919,S3-619871550,S2-818726940,S2-723525921,S2-119646361,S3-401962497,S3-379406248,S2-688196664,S2-176077370,S2-522998954,S3-371793249,S2-856253835,S2-474404665,S3-819973239,S3-128062172,S2-222333762,S2-125272768,S3-674769471,S3-222973046,S2-128722330,S2-360248970,S3-944169702,S2-375112288,S2-840637471
S1-705961596	S2-838889526,S2-411675788,S2-281900303,S3-947766569,S2-582995435,S2-232100103,S2-995668096,S2-722880181,S3-620359665,S3-706440208,S2-198357844,S3-353440247,S2-634952710,S3-763631962,S2-875537961,S3-556110998,S2-857091197,S3-882945097,S2-64388968,S3-169253738,S3-300552818,S2-895798537,S3-509281704,S2-40793981,S3-211540513,S2-513884785,S2-360326943,S2-802244673,S2-376586245,S2-100411492,S2-849117792,S2-337572515,S2-407351065,S2-118711492,S2-754264692,S2-896906344,S2-621975205,S3-516295751,S2-379910770,S2-655206055,S3-443613376,S3-562612118,S2-157987493,S2-734607199,S2-700846348,S2-661275636,S3-529169080,S3-221042789,S2-493952708,S3-248233177,S3-378976509,S3-653429506,S3-336920834,S2-22700931,S2-991014361,S2-439486038,S2-536909271,S3-180731594,S3-848040724,S3-792325072,S3-515309732,S2-413012135,S2-225828741,S2-998537564,S2-12995450,S3-435007335,S3-1897397,S2-133887588,S2-851203163,S3-248701072,S2-168721702,S3-48755040,S2-344770573,S3-167923540,S2-199924387,S3-594245121,S3-700538561,S3-747940381,S3-133180370
S1-685073108	S3-891569942,S3-305260323,S2-924896010,S2-398383048,S2-928038492,S2-153343924,S3-926758287,S2-991237670,S3-253406728,S2-871071444,S2-385506432,S3-783192254,S2-153838435,S3-259962687,S2-222042072,S2-348173686,S2-374651550,S2-521972329,S3-281547601,S2-452272583,S2-210115827,S2-529125623,S3-204678331,S2-53295831,S2-168343607,S3-187191446,S2-946317275,S3-723201403,S2-212799577,S2-121306398,S3-386540928,S2-968974774,S2-413841442,S2-781342479,S2-589555213,S3-393991528,S3-115749327,S3-208249706,S3-95215308,S3-753399,S2-699380075,S3-197427002,S2-542492616,S3-50096781,S2-866360766,S3-735766669,S2-672495061,S2-401516348,S2-410732890,S3-223161803,S2-908145635,S2-95212748,S3-670563296,S3-662096367,S2-50757250,S3-109852524,S3-891133773,S2-308971714,S3-982998598,S2-282524658,S2-375983322,S3-557824376,S3-281996514
S1-974991176	S3-25752121,S3-911223032,S3-156479269,S2-979930583,S2-621548932,S2-278021863,S3-609202978,S3-296246968,S2-21141769,S3-619352752,S3-521679218,S3-464350091,S3-17181401,S3-310746558,S3-574058897,S3-542046050,S2-866357967,S3-743184185,S3-790379186,S3-911441549,S3-98777725,S2-558527950,S3-662381017,S2-579992807,S2-531733878,S2-507963584,S2-569408802,S2-259424022,S2-309432497,S3-335125824,S2-412495599,S2-36673980,S2-36170537,S3-915392011,S2-478122065,S3-340314290,S3-560448260,S3-892924181,S3-137394762,S2-127600798,S3-459409374,S2-375543235,S3-936283719,S2-794813956,S3-266646480,S3-169638082,S2-227060998,S3-663535316,S2-770872134,S3-898080658,S2-633699921,S3-548182551,S2-713133498,S2-229539367,S2-1747136,S3-734583703,S2-947954302,S2-400428534,S2-464887178,S3-653486054,S2-273839811,S2-794813438,S3-649313503,S2-702971251,S3-343903154,S3-644479627,S3-524756735,S3-866930772,S3-223250754,S2-86122014,S3-964908380,S3-999749803,S2-484025959
S1-297525707	S2-439786382,S3-338418443,S3-93254541,S2-857755271,S3-798778043,S3-231535518,S2-972485350,S2-376583999,S2-133270735,S3-184336813,S2-420046709,S2-386302724,S2-859754079,S2-843374039,S2-511507332,S2-925713191,S2-638684729,S3-536796089,S2-460503481,S2-49975588,S2-879412891,S3-76624216,S2-546445623,S3-550309628,S2-897714693,S2-257662134,S3-435682417,S3-452421911,S3-751064840,S3-91439691,S2-488319175,S2-76403904,S2-868242102,S3-132957319,S2-91347281,S3-718590400,S3-981421662,S2-126222886,S2-998655922,S2-616111338,S2-903178968,S2-366995916,S3-255846010,S3-457239089,S2-118654969,S3-63994707,S2-724807154,S2-716473017,S3-389265541,S3-49799597,S2-79980314,S3-273876586,S2-566277101,S3-744042907,S3-974264287,S2-822482083,S3-954297652,S2-457905264,S2-399052000,S2-589108263,S2-878283648,S2-936884379,S3-264028168,S2-283541803,S2-394843915,S2-606077666,S3-932751720,S2-956677516,S3-254901612,S2-119898959,S3-36425781,S3-518099125,S2-855831597,S2-324430030,S2-857270254,S2-600385395,S2-675596020,S3-454483162
S1-764937251	S2-965538871,S2-810514631,S3-598827881,S3-363884073,S3-410945410,S3-4086513,S3-873905347,S2-429314580,S3-895905071,S3-8782083,S3-510164984,S3-52236204,S3-577472264,S3-571345128,S3-727559342,S3-476771290,S2-60183079,S3-177469391,S3-806666926,S2-367915011,S3-896772808,S3-225764876,S3-447686166,S3-312660810,S3-89755332,S3-964593140,S2-45408622,S3-887705247,S3-636690699,S3-285665661,S2-775410384,S2-293784506,S3-723581064,S3-394300515,S3-520910121,S2-229217508,S3-79776428,S2-234275670,S2-715007239,S2-796829128,S3-810911189,S2-977300706,S2-84394287,S3-847600032,S3-31944748,S2-302747131,S2-3472961,S2-53716714,S3-121597783,S2-938761003,S2-560140043,S3-809351719,S2-687639388,S2-802296395,S3-729059025,S2-848223855,S2-832223630,S2-952581224,S2-155080488,S3-531289913,S2-158869114,S2-772650502,S3-878073109,S2-275972525,S3-678014926,S2-389281152,S2-361016692,S3-611352520,S3-560111187,S2-871024553,S3-297727972,S2-923595204,S3-919424650,S3-797395128,S2-476455314,S3-146051164,S3-732411115,S2-809638673,S2-832804971,S2-867521655
S1-915022305	S2-508374208,S2-829980962,S2-597775651,S2-723346797,S3-875843349,S2-942355084,S2-916060093,S3-208747740,S2-536476681,S2-482123618,S2-351702304,S2-505750964,S3-524379126,S2-400643791,S2-300841555,S2-897095273,S2-667222355,S2-613512658,S2-420735787,S2-674211716,S3-610194635,S2-210028902,S3-947601235,S2-600907459,S2-392738866,S3-397185646,S2-649085018,S3-799226958,S3-405445870,S2-619207197,S3-340569243,S2-947463120,S2-35773169,S3-833773907,S3-453615774,S2-750478064,S2-852712598,S2-810670202,S2-312868538,S2-875681520,S2-814193727,S2-464470231,S2-65378876,S3-476474599,S3-233401059,S3-631595732,S2-124040994,S3-327989806,S3-1335727,S3-63977502,S2-163212711,S3-452374776,S3-267727561,S3-478024033,S2-804872908,S2-652176197,S2-690459899,S2-263476479,S2-292955368,S3-407363614,S3-671891516,S3-464746244,S3-779940792,S2-202780635,S2-210625117,S3-974043458,S2-625872997,S2-418049164,S3-626713324,S2-79330211,S2-410013422,S3-104341758,S3-899248239
S1-16609748	S2-350115608,S3-270357238,S2-476414610,S3-295358633,S2-327901406,S2-238363966,S3-269015864,S2-284779400,S3-464929036,S2-780719364,S2-961859453,S2-985269303,S3-284240044,S2-864692397,S2-18124353,S2-590758148,S2-861886820,S2-776363400,S2-145424029,S2-219776626,S2-237525119,S2-366213001,S2-471004725,S2-402360628,S2-919080460,S2-182485473,S2-541160022,S2-653469113,S3-125463115,S3-595884978,S3-478740633,S3-105202169,S2-373515798,S3-644329953,S2-446498872,S3-677120145,S2-339040187,S3-956975454,S3-545978483,S3-842458192,S2-447430948,S2-265603128,S2-453909888,S3-355854147,S3-814535438,S2-396328438,S3-54403874,S2-773802292,S2-102352925,S3-886445489,S3-431195246,S3-878073109,S3-315624478,S2-564663076,S2-160381723,S3-425374598,S3-448551908,S3-805777308,S3-239676376,S3-872319546,S3-616085784,S3-186805103,S3-784080699,S2-936336719,S2-366785932,S2-184650944,S2-13094447,S3-481429925,S3-972686435,S2-951324031,S3-699687953,S2-705706109,S3-92049451
S1-281051556	S2-921981666,S2-995499973,S2-32503001,S2-925773776,S2-492634609,S2-990228492,S3-465660621,S2-61785803,S2-92970911,S2-646836690,S3-430680245,S2-411345119,S2-608790110,S2-899773860,S2-831648341,S2-536392042,S2-178777487,S2-991532073,S2-472544795,S3-52423163,S3-569169594,S2-930351241,S2-565852338,S2-834908113,S2-813046015,S2-527059989,S2-866953478,S2-935611265,S2-662133926,S2-119019224,S3-402467747,S2-203763645,S3-176433305,S2-263273654,S3-386960937,S3-419718219,S2-465620299,S3-197765814,S2-790721694,S2-12637631,S3-113633367,S2-621417649,S3-960940468,S3-856843436,S3-796464759,S2-430323540,S2-134525567,S2-134770421,S2-74707362,S3-735100145,S2-671152685,S3-118446004,S3-900482290,S2-384974540,S2-106157657,S3-796235025,S2-516127274,S3-857740597,S2-835138443,S2-385788104,S2-302833544,S2-110527509,S2-950035920,S2-138422467,S3-854475598,S2-128671322,S2-707564155,S2-130795275,S3-359901165,S3-597566651,S2-652473215,S3-524689533,S3-563709941
S1-231271132	S3-244935665,S3-51639135,S3-41896035,S2-307446540,S2-601917094,S2-73710322,S3-202608236,S3-416046471,S2-372715378,S2-223924554,S2-574530624,S3-563400414,S2-221379524,S2-701955373,S3-142044846,S2-666690906,S2-631713402,S2-132315186,S2-651708958,S2-143071604,S2-826920823,S2-980380440,S2-717147800,S2-580204312,S2-603818015,S3-634982006,S2-33386440,S2-129250585,S2-207682533,S3-899170393,S3-253225599,S2-539205800,S2-936435948,S2-614982030,S3-679688981,S2-644867803,S2-454198302,S3-758202019,S2-572850205,S2-723525921,S2-764543687,S2-377433131,S3-192961807,S2-150405185,S2-557541533,S2-934796779,S2-951282290,S2-274976761,S2-199141006,S3-284980679,S2-16791478,S3-887352992,S3-131347113,S2-462816155,S2-621187256,S2-131763957,S2-381213797,S2-400714565,S2-930839882,S3-766937403,S2-426182398,S3-137206821,S2-713109591,S3-822912077,S2-529101052,S2-566676508,S3-197904884,S2-533451228,S2-790527036,S3-545913667,S2-770847663,S2-683695538,S3-112942354,S2-898599389,S2-431547534
S1-536948776	S3-638579698,S3-269667235,S2-988858746,S3-591998251,S2-238126663,S3-649587751,S2-613971680,S3-807814529,S2-133416083,S2-874254040,S2-592113355,S3-730380932,S2-23901043,S3-925717935,S3-849708458,S2-75892775,S3-978064047,S2-206244251,S2-364729065,S2-45595998,S2-996679134,S2-40664914,S3-872701289,S3-449419014,S3-7407042,S2-279664505,S3-286750919,S2-982225638,S3-15837840,S2-999360955,S3-840134675,S2-797456233,S3-422952718,S3-180997942,S3-746115457,S2-719973536,S2-238257070,S3-427302322,S3-839490044,S3-377135919,S3-406589904,S2-722257514,S2-199066227,S2-725858627,S2-876914575,S3-626455389,S2-184737623,S2-595409925,S3-294737865,S2-740081940,S2-370858063,S2-9456816,S2-683025550,S2-404639263,S2-535421798,S2-108078608,S3-124972296,S3-134326562,S2-851344341,S3-351407295,S3-929238256,S2-6467307,S2-40656832,S3-881290434,S2-664763773,S2-546554595,S2-395860766,S2-177752621,S2-622927193,S3-314079525,S2-489600685,S2-116936165,S2-194307610
S1-241686597	S3-991551565,S2-979001750,S2-896567283,S2-930372745,S3-112802170,S3-513599163,S2-715384790,S3-418483324,S3-529807556,S3-400577047,S3-130030881,S2-400248854,S3-868560435,S2-369299465,S3-330590816,S2-66513131,S2-499991134,S3-729426273,S3-895445132,S2-855284228,S2-802868502,S2-420880486,S3-754952867,S2-43570481,S3-248299783,S3-472986116,S3-433306607,S3-354361397,S2-931454291,S3-118660716,S2-483547825,S3-539200822,S2-996164548,S3-994420492,S2-985896476,S2-992390130,S2-859653213,S3-565041866,S3-958429838,S2-755882706,S2-921586557,S2-370600788,S3-237968718,S2-441993746,S2-415537409,S2-804319385,S3-787242837,S2-998211272,S2-857850092,S3-259186625,S2-354091917,S2-277858998,S2-403506952,S2-402146164,S3-704309073,S2-501620100,S2-348904259,S2-240524832,S2-927362731,S3-975374867,S2-770872134,S2-461221346,S3-457674762,S2-853660304,S2-340702911,S2-756220817,S2-929690888,S2-865413679,S3-840134675,S3-870203116,S3-761109299,S3-973629095,S2-535571129,S3-231323564,S2-562931602,S2-596165564,S2-920839173
S1-684505968	S3-250876357,S3-588266277,S2-693211953,S3-217287318,S2-839028165,S2-624641152,S3-487955323,S3-640712286,S3-620949659,S3-422022489,S2-79591333,S3-674276694,S3-411503322,S2-253048064,S3-750093551,S3-962364406,S2-45071914,S3-899842456,S3-992011891,S2-505328569,S2-851238110,S3-356328247,S3-479561856,S2-67662044,S2-478822139,S3-155572388,S2-465642879,S2-172898922,S2-176453879,S2-830424409,S2-829574058,S3-43203250,S3-195867122,S3-962039728,S3-822830488,S2-522006684,S3-466932675,S2-25579731,S2-781559793,S3-530829751,S2-439486038,S3-219641637,S3-662322026,S3-540518160,S2-813611214,S3-627216664,S3-256563680,S3-673839814,S3-898220650,S2-727779415,S3-247079246,S3-35000577,S3-536416262,S2-263350821,S3-576758130,S3-719452923,S2-371312178,S3-169505996,S3-437243930,S2-776845251,S3-218755212,S3-199458245,S3-310015971,S3-922028604,S3-318175016,S3-535587808,S2-930624797,S2-904884707,S2-928826408,S3-614712521,S3-898875445,S3-907745288,S3-743362386,S3-245575387
S1-835425265	S3-103331835,S2-422774904,S3-342574574,S3-405031348,S2-580451376,S3-751459676,S2-458086087,S3-572018958,S3-457017970,S2-258735892,S2-453482489,S3-656564323,S3-722381828,S2-309432497,S3-835548057,S2-56015451,S2-307599169,S2-595381599,S2-589708934,S2-292592054,S2-679532669,S2-57774625,S3-797611444,S2-737498247,S2-521008412,S3-812294973,S2-584558384,S3-152205588,S2-756814875,S2-784586025,S2-155102849,S2-540265081,S3-615263624,S2-939256569,S3-256358206,S2-359270022,S3-75478988,S2-734574488,S2-463758786,S3-594838266,S3-795186976,S3-468708763,S3-438401988,S3-625822739,S3-768329123,S2-622705691,S3-968483077,S3-335962883,S2-734840036,S3-908726689,S3-204230706,S2-385515037,S3-672237936,S3-965076415,S2-217920730,S3-788060316,S3-794294478,S3-962832147,S3-89963564,S3-188808323,S2-320192308,S3-46960808,S3-431902626,S3-908311340,S3-64807935,S3-427655982,S3-934767279,S3-87965512
S1-580966525	S2-31635665,S3-214982325,S2-157987493,S2-40787846,S2-446418799,S3-482169634,S2-51043937,S2-381379650,S2-554610011,S3-316635436,S3-80698113,S2-759447160,S2-978325821,S3-869803669,S2-853191124,S3-507890796,S2-867690482,S2-158767345,S3-332852828,S3-776173791,S3-884523964,S3-88185725,S2-995265148,S2-281285586,S2-677328882,S3-87941342,S2-376613927,S3-655371877,S3-811886894,S2-986113058,S3-610386045,S2-874162453,S2-300247037,S3-548914378,S2-628762262,S3-127957870,S3-432208960,S2-214158312,S2-778442191,S2-45298930,S3-978081333,S3-483907259,S3-163416241,S3-897457543,S3-38635054,S2-175351996,S2-687664060,S3-228143659,S2-808543319,S2-867654254,S2-772010362,S2-644287468,S2-44909703,S2-119898959,S3-727635639,S2-167611271,S3-981918235,S3-482849888,S2-36189361,S3-173222154,S3-761346458,S2-9723901,S3-275360323,S3-362558556,S2-287249278,S2-80386885,S2-565543920,S2-655987074,S3-524542946,S2-901109596,S2-529101052,S2-614149510,S3-702721499,S3-59670367
S1-945468839	S2-906665240,S3-733453820,S3-444671865,S2-838501970,S2-447585027,S2-439486038,S3-208140829,S3-601039249,S2-209401303,S2-498185031,S3-775818661,S2-570602711,S2-851238110,S2-296041062,S2-857310403,S2-311749563,S3-346435341,S2-327653957,S3-30660442,S3-887695528,S2-738771320,S3-600733701,S3-805783007,S3-384211175,S2-671986797,S2-983020467,S3-241142710,S2-45071914,S2-505328569,S3-533158031,S2-379118065,S3-289849242,S2-191430445,S2-633941400,S3-385112970,S3-962039728,S3-727141260,S3-26205192,S2-891050601,S2-176453879,S3-646865951,S3-40830246,S2-634421838,S3-56081360,S2-802837546,S2-469073813,S2-624641152,S2-723445212,S3-671725935,S3-470625657,S2-582904108,S2-473761277,S2-221402380,S2-556747559,S3-108216061,S2-722887792,S3-123030748,S2-184438804,S2-11360197,S2-731738095,S2-334665044,S3-743465191,S2-548693552,S2-602423628,S2-256484205,S2-740787140,S2-75129136,S2-615081941,S3-501499785,S3-674520886,S3-247079246
S1-386654734	S2-903442324,S2-569185594,S2-700846348,S3-453975312,S3-269159014,S2-452631101,S3-168253489,S2-766536822,S2-420253722,S2-249997299,S3-393108260,S2-928620819,S3-911623281,S2-56185853,S2-970843942,S2-290655819,S3-888739376,S2-878928576,S3-551114082,S2-762899428,S2-736697077,S3-476191439,S2-681568197,S3-516727609,S2-870058118,S2-364774015,S3-930196602,S2-30466066,S2-164682702,S2-746334859,S3-168268526,S2-578011300,S2-820535586,S2-235983757,S2-558325326,S2-965389616,S3-140571110,S2-527397027,S2-941705978,S2-252828645,S3-653429506,S2-267895689,S2-712638630,S3-979083338,S3-230739964,S2-214208615,S2-155952637,S3-27266894,S2-290760729,S2-21999599,S2-290752193,S2-842093370,S3-36411554,S2-561317555,S3-373976999,S2-118442065,S2-98527511,S2-841719044,S3-82244572,S3-672443801,S2-18646578,S2-563604175,S2-694969768,S2-245887185,S2-959053804,S2-752654978,S2-76420430,S3-529169080,S2-87608495,S2-650339279,S2-546934117,S3-315734162,S3-100062333,S3-385851146,S2-876047299,S3-767504564,S3-122886061,S3-769411758,S3-654077309,S3-875998770
S1-579617619	S3-447671172,S2-597591142,S2-669658925,S2-50320559,S3-155079561,S3-226781781,S3-254490394,S3-610346476,S2-734378710,S3-325940811,S3-251037558,S2-519903945,S2-874200500,S3-870484133,S3-605703742,S3-574557411,S2-871252202,S2-587945736,S2-864913262,S2-629614067,S2-471338858,S2-100025125,S2-605929562,S3-355795260,S2-890479604,S2-379339781,S2-659718754,S2-734527887,S3-183688700,S2-170651931,S3-515159749,S2-898483729,S2-444638605,S3-315198169,S2-244573233,S2-177507096,S3-268722722,S2-682304335,S3-3777534,S2-96304367,S3-146749745,S2-756200941,S3-357547024,S2-928824133,S2-525847711,S3-905313869,S3-880658725,S2-399340797,S2-771562363,S2-549293852,S3-503435156,S3-481049010,S2-662571579,S3-737679104,S2-736654053,S3-352757870,S2-61803319,S3-89576795,S2-900035338,S2-846535978,S2-113062198,S3-212929497,S3-480965619,S2-273807244,S2-756541679,S3-81212547,S3-978939556,S3-785348211,S2-814461239,S2-302989296,S3-880608794,S3-658302515,S3-504309737
S1-896836973	S2-572650198,S3-747166249,S3-667465078,S2-396659369,S3-263852168,S2-733685514,S3-825227728,S3-763550810,S3-534123824,S3-448161877,S2-540216733,S3-990769953,S3-596154478,S3-461997836,S3-146537302,S2-112823812,S2-929958538,S3-583422619,S3-983831508,S3-101941440,S3-250007374,S3-121164359,S2-674913444,S2-618133395,S2-782319833,S2-985896476,S2-490457751,S2-583514215,S2-318676811,S2-317848192,S2-597243519,S2-209086285,S2-453455590,S2-285242180,S3-10109803,S3-941320104,S2-644844275,S3-444022332,S2-3652193,S2-944065437,S3-686844477,S2-815577534,S2-243315380,S3-394723032,S3-124625391,S2-215173585,S3-856086301,S3-598094490,S2-158757260,S2-692094741,S2-90995360,S2-647772078,S2-150242280,S3-188980974,S3-140525924,S2-17349916,S2-5121581,S3-703916584,S3-420788188,S2-623900599,S2-689151299,S3-850603694,S2-247198213,S2-107425650,S3-478166451,S2-356735547,S3-344031260,S3-453277119,S3-766132500,S2-99200588,S2-912861816,S2-214473616
S1-881770296	S2-600682376,S2-807089370,S2-69934494,S2-296260411,S2-931607563,S3-985557124,S2-371975350,S2-902694207,S3-480592795,S3-140444870,S2-787431043,S3-602817262,S3-138134300,S3-134361069,S3-847639736,S2-231798424,S3-552266398,S2-779023955,S2-156930891,S3-215498283,S3-461693859,S2-570144295,S3-244806079,S2-581363601,S2-104840992,S3-602779493,S2-992919488,S2-610975361,S3-556788769,S2-780917880,S2-733794803,S2-453368719,S3-508287979,S2-17642625,S3-486197675,S2-933993678,S3-184084358,S2-245722348,S3-602996797,S3-757540946,S2-212649391,S3-264030705,S2-743995191,S2-287028156,S3-562278986,S2-843192498,S2-531415680,S3-10037767,S2-304562241,S3-624008307,S3-983769284,S3-164402840,S2-586812390,S3-63344869,S3-440043499,S2-27986137,S2-372584543,S3-682888038,S3-10831286,S2-674339526,S3-425382982,S3-849355939,S3-728129783,S3-701434083,S3-729430213
S1-504059078	S2-151283214,S2-448347163,S3-891970599,S2-704805304,S2-437213031,S2-660017999,S3-270161063,S2-718855624,S3-875843349,S2-36951559,S3-775086097,S2-300061545,S3-208747740,S2-916060093,S2-351702304,S2-7194237,S2-359710026,S2-897095273,S2-482123618,S2-124538411,S2-667222355,S2-942355084,S2-688438455,S3-524379126,S3-871727307,S2-400643791,S2-300841555,S3-530396479,S2-420735787,S2-947463120,S2-210028902,S2-613512658,S3-779692554,S3-610194635,S3-456459291,S2-949012790,S3-947601235,S2-649085018,S2-810670202,S2-505750964,S2-278665435,S2-788095179,S3-374337744,S2-520980817,S2-924934259,S3-8918312,S3-43428103,S2-453572513,S2-170905072,S2-46592479,S2-257797170,S3-23013256,S3-621962372,S3-912059056,S2-309302453,S3-199001920,S3-725875169,S3-971005208,S3-272664717,S2-6467307,S2-62300552,S2-777673414,S3-167555372,S2-548237367,S2-659984078,S2-448371615,S3-114686337,S3-82954638,S2-759079441,S3-35691553,S3-626455389,S3-897840273,S3-182022305,S3-450293450,S3-966963807
S1-828917180	S3-353236618,S3-672066862,S3-752727434,S3-942030907,S2-316952029,S2-534682798,S2-450734800,S2-682335171,S2-861267083,S2-228029393,S3-11383825,S2-71048734,S2-68645902,S2-260374775,S3-536756017,S2-398068158,S2-780019016,S3-11593469,S2-178541959,S3-323940545,S3-680417067,S2-31729064,S2-372871261,S2-60901495,S2-262944880,S2-407302830,S2-675087015,S2-229605009,S2-129439109,S3-742790447,S2-347087613,S2-279331493,S2-872871985,S3-302004614,S3-727118546,S3-402547677,S3-885680116,S3-406413261,S2-150433500,S2-610202397,S2-151111404,S2-945240904,S3-156227321,S3-435443424,S2-508450748,S2-532839205,S2-688488177,S3-918806324,S2-218528188,S3-356245179,S3-438049837,S3-480223108,S3-686973371,S3-908671742,S3-170435799,S3-965629861,S3-128168993,S3-21060124,S3-291374131,S3-531535716,S2-183171618,S3-512873193,S2-716015925,S2-108027631,S2-260726129
S1-973233920	S3-665999030,S2-865641193,S2-563626480,S2-637528523,S2-85697901,S3-780790077,S2-876122064,S3-279189205,S2-237573221,S3-624979888,S3-334019885,S2-949298860,S2-28753361,S2-895286876,S2-700165602,S2-629043871,S2-191403368,S2-232945113,S2-843071321,S2-590137443,S3-144958431,S3-421904444,S3-300964048,S2-103741825,S3-768751283,S3-327198513,S2-727779637,S3-513588068,S2-199326751,S2-409737188,S3-849928389,S2-717026173,S2-285333516,S2-210596993,S3-176339077,S2-211460758,S2-185005085,S2-265128124,S2-980261030,S2-352575092,S2-224909884,S3-764857786,S2-243146112,S3-651550068,S3-68614916,S2-421144029,S3-588845584,S2-359998995,S3-850304896,S2-186050957,S3-244088835,S2-675011301,S3-950571950,S3-604522362,S3-189366128,S3-848294964,S3-176598328,S3-320340851,S3-739941582,S3-94092330,S2-707964248,S3-333444254,S2-950794754,S3-440350343,S2-866227582,S3-419644527,S2-943191667,S2-802129140,S2-49642376,S3-420815492,S2-721219652,S2-474175294,S3-964788149
S1-451892808	S3-315724496,S2-987968197,S2-21294737,S3-50132672,S2-989163903,S2-896810430,S2-864344418,S2-968491837,S2-651953887,S2-90418948,S3-318938190,S2-173557096,S2-341786209,S2-148785230,S2-955315930,S3-595575467,S2-418612401,S3-7100686,S2-694230780,S2-861589585,S2-936592992,S2-529058323,S3-316664155,S2-994454904,S3-161667924,S3-70610666,S3-790537219,S3-460982068,S2-24959771,S2-9416718,S2-215951541,S2-324483172,S2-207962777,S2-756541679,S2-111901546,S2-639617047,S2-933589804,S2-385008826,S2-85868039,S2-347017935,S3-744652753,S3-3232022,S2-293477711,S3-264826395,S3-61919079,S3-670681131,S3-653381752,S3-450339057,S2-260325444,S3-630371743,S2-898121291,S2-609126175,S3-189018087,S2-434634467,S3-717026684,S2-330553804,S2-105413724,S2-251786106,S2-97273842,S2-236222569,S2-950391201,S2-589467090,S3-620855017,S3-562166675,S2-395966662,S3-495470801,S2-502065858,S2-892818547,S3-484196554,S2-356246244
S1-919867800	S3-583428593,S2-396200717,S2-651842132,S3-437768553,S2-426292802,S3-797690762,S3-206371434,S2-161476122,S3-997589941,S2-958651557,S2-778554179,S2-167126249,S3-162534731,S2-68061385,S3-910334346,S3-408433636,S3-904117438,S3-295879531,S3-863845480,S2-297556229,S3-315750790,S2-220546681,S3-766749320,S3-807627574,S3-683215378,S3-115312565,S3-555894869,S3-60818006,S3-964645700,S2-156092186,S3-783640884,S3-966813860,S2-566796445,S3-597480115,S3-194715492,S2-556478783,S3-830030963,S2-453699827,S2-917757112,S3-505544021,S2-579981433,S2-909672490,S2-984164477,S2-95851179,S2-131125837,S2-285529770,S3-459890455,S2-230599465,S2-827862104,S3-839121876,S2-260752955,S2-374750542,S2-852111696,S2-592434907,S3-816127216,S2-702733588,S2-862762162,S2-199258629,S2-640796289,S2-888007637,S3-837572636,S2-5733881,S2-871007551,S3-344271987,S2-492608424,S2-288801001,S2-472929388,S3-626717144,S2-234439634,S2-911436670,S2-379349723,S2-321785710,S2-880198520,S2-395271825,S2-392623952,S3-728872378,S3-632841991,S3-826063796,S2-349396805,S3-431792994
S1-769172378	S3-350003231,S2-60794651,S2-263163004,S2-337412204,S2-14004517,S3-219461059,S2-705380566,S2-498492409,S2-857701760,S2-698375843,S2-706360388,S2-623738605,S2-992199248,S2-128570081,S2-730208329,S2-35453945,S2-15488460,S2-169037846,S2-824625824,S2-257268400,S2-846422993,S2-304461331,S2-902760758,S2-498530785,S2-847074664,S2-240717795,S2-873059596,S2-3261389,S2-202171037,S2-738411676,S2-399683520,S2-701586058,S2-659060419,S2-764817782,S2-761644899,S2-283816870,S2-338160731,S2-565630297,S2-319300525,S2-409818790,S2-26760280,S3-187650130,S2-298914373,S2-656892137,S2-105898926,S2-782562162,S2-834254371,S2-289710863,S2-730629241,S3-871100186,S2-260747264,S3-447763247,S2-790978768,S2-435778329,S2-638017400,S3-122677241,S2-288707823,S3-236213858,S2-948689170,S2-439796749,S3-17161672,S2-895645878,S2-390722532,S2-82026924,S2-365761987,S3-636346576,S3-212568222,S2-20456380,S2-274167062,S3-343346488,S3-267972946,S2-174915732,S3-468984095,S3-743963805,S2-455209026
S1-223621109	S3-442426182,S3-513498044,S2-865536572,S2-682178941,S2-607488190,S3-247906821,S2-394314645,S3-187938488,S3-296110782,S3-569785778,S3-969479300,S3-484692538,S2-919148994,S2-216470228,S2-366006471,S3-723262648,S2-534311451,S3-412738664,S3-701672958,S3-716169189,S3-476345890,S3-750054452,S3-159399358,S2-92432805,S2-583759683,S2-639006598,S2-688142618,S3-194809064,S3-967450305,S2-925578651,S2-153559021,S3-958458363,S3-870933487,S2-880209371,S3-423625466,S2-786997230,S2-619412545,S3-525820780,S3-552608458,S3-804717539,S2-688579003,S2-871151022,S2-646789640,S2-303425873,S2-884052196,S2-245155784,S2-588551697,S3-367149541,S2-10807480,S2-137176332,S2-61004872,S2-940397835,S2-421540927,S2-693190170,S2-875461623,S2-184382690,S3-937890127,S2-821104670,S2-229209285,S2-513182626,S2-281309190,S2-49554033,S2-219534467,S2-747753772,S2-646773632,S2-385362895,S3-569503640,S2-933304627,S3-785672197,S2-952901192,S3-451398758,S2-171302669
S1-983652708	S2-94390509,S2-413330166,S3-469987367,S2-127104248,S2-32430961,S3-677600705,S2-890109648,S2-828116861,S2-849565658,S2-963300188,S3-986738936,S3-392626140,S3-839090455,S3-295499896,S2-272847385,S3-7800422,S2-91252506,S3-960478275,S2-91488705,S2-596751909,S2-791315401,S3-943941055,S2-185405451,S2-296450976,S3-806485531,S2-962522174,S2-962122790,S2-543392827,S3-324317754,S2-777589068,S2-71207926,S3-852054600,S3-16379846,S3-925053778,S3-408234284,S2-678293592,S3-496145534,S2-912253369,S3-961910400,S2-144785112,S2-581315985,S3-168148806,S3-125784951,S2-809576294,S2-85976459,S2-941941814,S3-60366007,S3-174876352,S3-141253397,S3-302193854,S3-44564355,S3-459298427,S3-164954964,S3-559280376,S2-224441159,S2-438343829,S3-232385827,S3-734089249,S3-824625743,S3-716889162,S2-781127469,S3-550173955,S3-717691342,S3-120600793,S2-421212685,S3-361585119,S2-578307345
S1-904479856	S2-269091686,S2-523476124,S2-401981226,S3-575061321,S3-185457381,S2-108599362,S2-826003982,S2-223741226,S3-788185335,S2-29657277,S3-490431510,S3-888983074,S2-327450229,S3-868358615,S3-811047362,S2-769293853,S2-372695124,S2-585698283,S3-694524525,S2-405089580,S2-785158174,S2-198693684,S3-379073996,S2-615780705,S2-78514887,S3-138074219,S3-211955673,S2-320486278,S3-728919808,S2-602525424,S2-12859194,S2-420709764,S2-909415670,S3-421061313,S2-840046762,S2-149853663,S3-58682267,S2-854620170,S3-61276340,S2-778271076,S2-333290344,S2-892115752,S2-178072569,S2-89970006,S3-333801201,S2-821637472,S2-440410187,S3-264109711,S3-210782966,S2-892567545,S3-462417214,S2-894768766,S2-569289053,S3-901904267,S3-287401166,S3-412836972,S3-386624368,S3-115418584,S2-653376534,S2-335455818,S2-826056840,S2-861242079,S3-611047017,S3-883841328,S3-849434759,S2-800569902,S2-546286696,S3-759879244,S2-365146592,S2-440770910,S3-966099329,S2-671152685,S2-764553125
S1-783021266	S3-509281704,S3-980614100,S3-747219975,S2-162589622,S2-362594031,S3-930634356,S2-175728362,S2-74578812,S2-868549746,S3-388178934,S2-108710169,S2-109755910,S2-728684630,S2-106174859,S3-438885417,S3-738648335,S2-162193186,S2-435401346,S3-664049432,S2-725386910,S3-206515549,S3-190267128,S2-971601521,S3-42601299,S3-166616610,S2-865386312,S2-639721129,S3-638664641,S2-121838176,S2-970631060,S2-866055273,S2-409366097,S2-940482720,S3-46672214,S2-697886269,S2-391856733,S3-676515065,S3-850200237,S2-279114810,S2-887096875,S3-89337726,S3-613192964,S3-104681486,S3-871097135,S2-665553562,S3-363248369,S2-259477709,S2-474488626,S3-655041468,S2-212163852,S2-292365059,S3-32980815,S3-640865814,S2-484772010,S2-813475951,S2-72616318,S2-748497852,S3-443382036,S2-718505651,S3-401962497,S2-846776586,S2-212328906,S2-121693296,S2-190127611,S2-434360889,S2-309819640,S2-81493526,S3-257288229,S3-326565403,S2-72112805,S2-875780066,S3-154710116,S3-235922101
S1-259452306	S3-787015231,S3-807809317,S2-408837246,S2-371025855,S2-581208194,S3-863331857,S2-816756927,S2-845331298,S2-669454899,S3-572103948,S3-525488835,S2-800293047,S2-984943631,S3-629536177,S2-861008615,S2-686897435,S2-451526434,S2-542343389,S2-682553949,S2-973724667,S2-218771556,S2-224648929,S2-459521665,S2-596552158,S2-542827811,S2-366081375,S2-365096291,S2-875063854,S2-484229911,S3-613134076,S2-853602309,S2-172550616,S2-818755974,S2-482260387,S2-803226819,S2-103579800,S3-225960951,S3-417224102,S2-68258785,S2-800645072,S2-565036362,S3-680676175,S2-718850548,S2-99922291,S2-577551744,S2-821682123,S2-858754062,S2-745866235,S2-767667411,S2-195768351,S2-170618511,S2-460922459,S2-46490477,S2-355459398,S3-431498817,S3-339083479,S2-94118115,S2-89702757,S3-420932765,S2-593847882,S2-490477729,S2-195197665,S2-473296587,S2-199605572,S2-200020258,S2-299917700,S3-135533426,S3-71515855,S2-158788964,S2-334104642,S2-732543368,S3-835661100,S2-350540796,S3-914731596,S3-645838680,S3-182464365
S1-926958422	S2-672381387,S3-400581431,S2-412821705,S2-94732549,S2-945585995,S3-767670808,S3-467871019,S2-605538607,S2-213550532,S2-843503740,S2-264144866,S2-448720779,S2-790425886,S2-941529321,S2-756074187,S2-982088229,S2-825954032,S2-524442597,S2-426144370,S2-699778678,S2-76019573,S2-403433940,S3-277365632,S2-687183994,S2-313104341,S2-397641530,S2-860136380,S2-647768635,S2-23752133,S2-12779077,S3-999206425,S2-662027862,S3-181748456,S2-893688791,S2-393369363,S2-201067080,S2-49852380,S2-29607785,S2-712397201,S2-719587272,S2-142609972,S3-591612931,S3-955025669,S2-702520989,S2-300667965,S3-607506773,S2-206905313,S3-767255344,S3-538932133,S3-420004911,S3-202911003,S2-967170300,S2-762900092,S2-706043760,S3-423031225,S3-292531997,S3-550185556,S2-609856602,S3-216371575,S3-426615447,S2-325107119,S2-599593434,S2-816130111,S3-410084694,S2-168958761,S3-332636772,S2-56185853,S3-855822613,S3-743111411,S2-247593592,S3-326567962,S3-875473475,S3-526525584,S3-466648066,S3-370776155,S3-714938424
S1-19593330	S3-502454744,S2-721315674,S3-233837071,S2-752754847,S2-359861604,S2-573593280,S2-541092314,S3-923903051,S2-42992785,S2-941210049,S2-147732531,S2-155152013,S2-161718066,S2-943898191,S3-580201445,S3-180109633,S2-116801628,S2-804183832,S2-561799341,S3-212507001,S3-550429378,S2-899050474,S2-966734911,S2-677361078,S2-253264903,S2-262823570,S2-229956555,S2-328900052,S2-305898135,S3-686689606,S2-654821674,S2-155894024,S2-43690890,S3-519281183,S2-600229451,S2-1839936,S3-943777454,S2-766266509,S2-695233114,S2-626311342,S3-536524497,S2-813957984,S2-169894394,S2-180332941,S3-701298134,S3-419582616,S2-661724330,S2-904046859,S3-330800916,S2-609126175,S2-398772289,S2-676661435,S2-224869315,S2-461504158,S3-27823948,S2-295095925,S2-639448100,S2-271287654,S3-286683482,S2-41847464,S3-578617882,S2-453722367,S2-500085661,S3-803203400,S2-396623170,S3-213681128,S2-865706404,S2-683014569,S3-5374395,S2-504147981,S2-996204704,S3-706951614,S2-702271709,S3-129099749
S1-929809097	S2-851979749,S2-671736202,S2-633643020,S3-15422768,S3-329669265,S3-541815091,S2-574605032,S2-576739598,S2-934108375,S2-537775011,S2-11832470,S2-411979574,S2-119760832,S2-319769532,S2-816576858,S3-297531423,S3-234047630,S3-99405285,S3-543704731,S3-747655762,S2-342864438,S2-973608133,S2-182510296,S2-886420484,S2-817741541,S2-569725535,S3-592794292,S3-935209369,S3-242982997,S2-435164614,S2-195181884,S2-31289364,S3-108466132,S2-119606026,S3-275307259,S2-424625771,S2-163658684,S2-141532506,S2-373151226,S2-308758583,S2-594549146,S2-411562167,S2-349666497,S3-656868659,S2-755266348,S3-652396445,S2-888157746,S2-921958143,S3-997859317,S3-829098205,S3-132213554,S3-340992747,S3-920755845,S3-751403198,S3-880580317,S3-376538052,S2-658056851,S3-251644761,S3-745764632,S2-483634728,S3-61909066,S3-865736546,S3-800470407,S2-973978023,S2-946585696,S3-671486035,S3-59417222,S3-646781577,S2-204556967,S3-552371062,S3-282773137,S3-65762498,S2-369711774,S2-556383672
S1-253986331	S3-378548845,S3-538630106,S2-91565291,S2-356420499,S2-442302377,S2-993743411,S2-137648271,S2-973405626,S2-518015495,S3-320623609,S3-361549993,S2-797146222,S2-938047311,S2-556993208,S3-243430236,S3-685541104,S2-197809960,S2-716183213,S2-542355547,S2-580403664,S3-289566539,S2-724421938,S3-93503695,S2-249802986,S2-474840700,S2-129207208,S3-795805750,S2-640982732,S3-763696279,S2-146607525,S3-337073328,S3-217025565,S3-927256107,S2-29822278,S2-899446261,S2-570937015,S3-136791093,S3-909822550,S3-579638496,S3-608626530,S2-27324542,S2-844098187,S3-400077045,S3-402052963,S2-308104017,S3-926615659,S3-17714702,S2-364706519,S2-963678328,S2-373134817,S3-998407457,S2-404261676,S2-218466693,S3-620350741,S3-333070340,S3-478983460,S3-347533295,S2-369937859,S2-946182361,S3-523600965,S3-581099362,S3-827861356,S3-957950100,S3-614742707,S2-124717921,S3-344525431,S3-639095135,S3-133572120,S3-455215722,S3-450440228,S3-297361998,S3-608118152,S2-24362345,S2-195372001,S3-605013187
S1-336167025	S2-68559986,S2-255280797,S2-936466126,S2-14069646,S3-777324766,S2-11556073,S2-269432742,S3-753490965,S2-692984783,S3-440595228,S2-558239079,S3-935470358,S2-476787463,S2-317264470,S2-637536373,S2-195817026,S3-723070493,S3-377607891,S2-32554056,S2-278289975,S3-410056680,S3-568410646,S2-418875536,S2-850577689,S2-577707037,S2-168426966,S2-567318654,S2-286415765,S2-399946430,S2-386690759,S2-923110438,S3-346773982,S3-518233187,S3-70887228,S3-29631894,S2-795492238,S2-406304024,S2-619282421,S2-732036770,S3-851047342,S3-515091137,S2-692094741,S2-94382779,S2-132946102,S2-795561516,S3-295406473,S2-555362211,S3-877134311,S3-222619924,S3-470119993,S3-387000994,S3-514749658,S3-920809471,S2-284344245,S2-325209077,S3-761551593,S3-794546709,S2-150242280,S2-616827337,S2-52304616,S2-630601224,S2-542395506,S2-306954196,S2-255122739,S2-740413278,S3-936939221,S2-649639935,S2-851979749,S3-745087063,S3-788697425,S3-66383744,S3-247281785,S3-671663261,S3-380263593,S2-927362731,S2-245103256,S2-908279692
S1-761585587	S2-234773038,S2-769736734,S3-379284933,S3-268296288,S2-325204477,S2-569443914,S2-810167930,S3-322612528,S2-196088758,S3-859716269,S3-681827801,S2-127649829,S3-144958431,S3-877600373,S2-199326751,S3-178548895,S2-689329503,S2-722215655,S3-219777437,S2-191403368,S2-781672259,S2-352575092,S2-826316358,S3-563606944,S2-66438543,S3-648945027,S2-739312261,S2-942877515,S2-16045559,S2-980261030,S2-699640550,S2-221709823,S2-171652466,S3-304589097,S2-138792174,S3-843967544,S3-670890796,S2-868892291,S2-911982345,S2-876122064,S3-759012906,S3-781414512,S2-895944720,S2-845823810,S3-840949201,S3-654032044,S2-608629354,S3-657871097,S3-111127924,S3-415111165,S2-987140610,S2-543651037,S2-872156683,S3-431891138,S2-832342168,S2-664701397,S2-970169752,S2-346427565,S2-384129207,S3-745942608,S3-740573956,S2-684679844,S2-222848106,S3-93562568,S3-579251817,S2-447785689,S2-891183307,S3-385198585,S2-799122968,S3-853176673,S2-411328549,S2-430367614,S3-121803343,S3-341838260,S3-560133562
S1-576153543	S2-971315158,S3-763105583,S2-744920519,S3-576010648,S2-631068089,S3-884925160,S2-173858477,S2-305560315,S2-870708030,S2-711369792,S2-843819916,S2-777164404,S2-765106214,S2-193517202,S3-136198661,S2-618153978,S2-36411551,S3-480831536,S2-433680239,S2-950646956,S2-11775502,S2-908457811,S2-29355178,S2-89438839,S2-837343331,S2-243475006,S2-571569015,S3-548173932,S2-578214121,S2-478000488,S2-33929897,S2-234531116,S3-186662273,S2-916621994,S2-185354648,S3-996598346,S2-727414171,S2-869578325,S3-517807888,S2-566796445,S2-470556861,S2-869304444,S2-837561448,S3-955302903,S3-375023535,S3-214793135,S2-471657975,S3-264145784,S3-401809170,S3-496682394,S3-927560745,S2-276149380,S3-540342481,S3-137132257,S2-666284128,S2-750173823,S2-743145031,S3-106302570,S2-16801220,S3-380482215,S2-402783622,S2-421115223,S2-636151610,S3-278020218,S2-648381005,S2-321891660,S3-190596250,S2-569753177,S3-458608118,S2-335244971
S1-948336320	S2-558065406,S3-353426722,S2-404737869,S3-508975180,S2-367567919,S2-89587960,S2-900824824,S2-275638681,S3-582285509,S2-826147845,S2-998115148,S2-409371080,S2-901198492,S3-51481346,S3-932265162,S3-660160649,S3-521861594,S2-77759915,S2-766956769,S2-440199557,S3-152189556,S3-911625149,S3-266362376,S2-110009986,S3-99126589,S3-967409887,S2-525479012,S2-488998290,S2-976987969,S2-339040187,S3-105263451,S2-217920730,S2-762168138,S3-289098350,S2-46771753,S2-761922506,S2-228248391,S2-363654366,S2-857602707,S3-937221179,S2-700570155,S2-179570114,S2-609803074,S2-181133326,S2-627742254,S2-38762080,S2-598983778,S2-503361961,S2-432867252,S2-637163212,S3-953224933,S3-253676716,S2-449221515,S3-216004946,S2-402649035,S2-482937242,S2-312493286,S2-776900487,S3-87084766,S2-114435339,S2-485930070,S2-285977412,S2-901505587,S2-902870446,S3-261343151,S2-875216873,S2-897637525,S3-486657180,S2-295095925,S2-300725219,S2-903979096,S3-829255594,S3-714934615,S2-6887501,S2-608516372
S1-109460220	S3-673226564,S2-576772126,S2-215500229,S3-381808802,S2-761487934,S3-725428870,S2-206714911,S2-232323896,S2-915516196,S2-321048372,S2-754878127,S3-762295392,S2-54794728,S2-542915740,S2-769950730,S2-477513858,S2-496935695,S2-332548417,S3-942618640,S2-865745597,S2-920259420,S2-89038691,S2-235336556,S2-859136566,S3-839505075,S2-841137821,S2-851314228,S2-956234042,S3-686898788,S3-593851146,S3-510279927,S2-826052002,S2-779235994,S3-119824880,S2-514293695,S3-189577862,S2-316935854,S2-579221171,S2-214530950,S2-408783273,S3-123055487,S2-9658542,S3-958473316,S2-500129418,S2-310007092,S2-430094930,S2-812749808,S2-367246556,S3-384959638,S3-578394846,S2-296080724,S2-164326742,S3-416344471,S2-14360953,S3-472322392,S2-171688840,S3-435846912,S2-597243356,S2-980091403,S3-354849815,S3-862163184,S3-300397159,S3-836860755,S2-149993837,S3-447941084,S2-915476300,S2-7510983,S2-822625199,S3-86095369,S3-277873490,S2-705310239,S2-723274486,S3-49407361,S3-337760507,S3-569479814,S3-715392516,S2-843503740
S1-699955992	S3-857678700,S2-886027246,S2-519463693,S2-915917694,S2-445160962,S3-993994730,S2-155306351,S3-29685636,S3-146627125,S3-94624380,S2-359684479,S2-697586803,S2-72748307,S2-464888387,S2-121647868,S2-358219812,S2-66259612,S2-117683690,S2-211726274,S2-793614403,S2-230752573,S2-661676990,S2-691503250,S2-470979370,S2-935366262,S2-624103933,S3-57305837,S2-870925457,S3-915095848,S3-681068780,S2-966856274,S2-92265599,S2-220948169,S2-286744481,S2-72752012,S2-837220461,S2-93977217,S2-822566947,S2-765826994,S2-61527589,S2-734001390,S3-304826833,S2-433994124,S3-574557411,S3-208067583,S2-357857285,S3-125075828,S2-331459198,S3-389658019,S2-750473552,S2-405896331,S2-976784888,S3-773459318,S2-823474959,S2-876991843,S2-786883062,S2-646594637,S2-194307610,S2-336705913,S2-32350390,S2-116936165,S3-299078705,S3-723319625,S2-351945894,S3-869062204,S2-759501371,S3-532101026,S3-940228072,S2-32416154,S3-317675580,S2-727122409,S2-732613830,S2-546554595,S3-867455006,S3-552070970,S2-448231092,S3-454039785,S2-704302082,S3-785314785,S2-892866501
S1-881535873	S2-43752605,S3-168606080,S3-213342311,S2-164376931,S3-985165628,S3-899693198,S2-994120665,S2-493135226,S2-172276348,S2-502492343,S2-86330554,S2-409549083,S2-730248443,S3-885921495,S3-480811028,S3-110217954,S3-560742159,S3-261539418,S3-835300861,S2-427473980,S3-126737050,S3-54457162,S3-172940292,S3-582214598,S2-870092283,S2-365167281,S2-789051779,S2-53405100,S2-108627124,S2-100331681,S2-176002847,S3-306298178,S2-955016779,S2-110172126,S3-955529052,S2-673651545,S3-555818589,S3-80393754,S3-7040241,S2-449272570,S2-300352086,S3-595429613,S2-798299507,S2-101411979,S3-345157286,S3-462104035,S2-310007092,S2-887168250,S3-630188415,S3-881899727,S2-318548874,S3-431111017,S3-758013987,S3-881398220,S3-739267484,S3-584203683,S3-380384665,S3-839662488,S2-580007738,S2-845908863,S3-35190548,S3-732005047,S2-339503870,S3-740181196,S2-225828741,S2-45732499,S3-997609453,S2-77494747
S1-420936510	S2-411496852,S2-706360388,S2-33929897,S3-46672214,S2-17776298,S2-575478846,S2-361784563,S2-980565801,S2-982612712,S2-752646697,S2-847074664,S3-359441915,S2-523979611,S3-912796096,S2-215962401,S3-335592029,S3-819311522,S2-593628794,S2-558847223,S2-731215113,S2-843819916,S2-103249097,S3-519096136,S2-29355178,S2-828841329,S2-305560315,S3-123043419,S2-413392149,S2-425305465,S2-169037846,S3-160290640,S2-939986664,S2-619523861,S2-193517202,S3-759383593,S2-832804971,S2-244145152,S2-801242513,S3-435310695,S2-705380566,S3-625151406,S3-174819842,S2-231326193,S3-599947737,S2-318348932,S3-123001789,S2-822436411,S2-425405131,S3-266076797,S3-403473052,S2-741253849,S2-128766509,S2-117077151,S2-261299810,S2-18496240,S2-759589362,S2-768327585,S3-362905828,S3-868959291,S2-102286733,S3-278426099,S2-1068035,S2-823771611,S2-26746986,S2-89438839,S2-360745844,S2-376199111,S2-594630623,S2-916621994,S3-90522604,S3-345133380,S2-434043362,S2-704323652
S1-928237806	S3-171131115,S3-740382431,S3-421061313,S3-160656646,S2-134822749,S2-986056140,S3-879928155,S2-74405268,S2-581983083,S2-927303907,S2-460301822,S2-756601361,S3-959927802,S2-35064309,S3-336054612,S2-259792877,S2-108599362,S2-133024306,S3-864232351,S2-342138258,S2-875352299,S3-383527378,S3-421957762,S2-38762080,S2-775967081,S2-395883656,S2-982443584,S2-78514887,S2-216540018,S2-360945264,S2-675360813,S3-504667397,S2-954982330,S3-820294577,S2-670964612,S2-833394745,S2-653938923,S3-210506713,S2-918917310,S2-310409547,S3-842800123,S3-231380883,S2-293776580,S2-428827939,S3-609500573,S2-959725981,S3-928512686,S2-842580585,S2-625786247,S2-384811646,S2-801887883,S2-962882456,S2-946182361,S3-460954615,S2-352383953,S2-80980591,S2-682553949,S3-897603181,S3-772224634,S2-540228886,S2-779197401,S2-776800538,S2-853406799,S2-29822582,S2-640028367,S2-347399375,S2-394324148,S3-5094068,S3-162584369,S3-543800169,S2-369203988,S2-540205713,S3-21680574,S2-811799202,S2-597841308,S2-965274658
S1-602775749	S3-329834424,S2-95822029,S2-976704268,S3-225828108,S2-263087763,S3-279598098,S3-27774861,S3-147388550,S2-795595529,S3-966094133,S3-571880474,S2-948116290,S3-707756995,S3-633062643,S2-95451842,S3-514679089,S2-552708019,S2-587945736,S2-51304489,S2-818799823,S2-417315771,S2-662221399,S2-721768235,S2-436041396,S2-644567492,S2-911361959,S3-640811333,S2-850291474,S2-682523557,S2-471338858,S3-976237098,S2-380542443,S3-584703943,S3-549642867,S3-343632632,S2-400837475,S3-723782835,S3-307554574,S2-62736893,S2-833900025,S3-989241997,S2-156093298,S3-481797808,S3-953045491,S3-889559623,S2-522433697,S3-171946523,S3-876816930,S2-481532062,S2-496681066,S2-733582518,S3-983434535,S3-425653628,S3-717050322,S3-391682344,S3-765550891,S2-746271686,S3-732016338,S2-18801126,S2-252359061,S3-886496073,S3-734081487,S3-716478689,S2-375183247
S1-166601186	S2-991285925,S2-93469626,S2-691068482,S2-915810219,S2-945759469,S3-327376554,S3-165969719,S3-138134300,S3-134361069,S2-790947608,S2-585801078,S2-907005741,S2-192156935,S2-755655304,S2-245722348,S2-17642625,S3-486197675,S2-743951385,S3-142938215,S2-44770652,S2-796710041,S2-516249560,S2-125850020,S2-805408545,S3-269897897,S2-857611557,S3-280203648,S2-629637998,S3-814047694,S2-287872643,S2-399899507,S3-554579834,S2-821967722,S3-741719955,S2-32461760,S2-599533632,S3-143895263,S3-294091090,S3-150475758,S2-41456526,S3-443278699,S2-80894318,S2-456957169,S3-975618319,S3-556082479,S2-390323075,S2-195865543,S2-863250621,S2-709103318,S2-938114968,S3-308343706,S2-971746850,S3-505639677,S2-555033883,S3-697956436,S3-656634568,S3-190552395,S3-550088579,S2-194124895,S2-774596915,S2-254584940,S2-216224704,S3-924671340,S3-198014119,S3-152100430,S3-848343146,S2-388165075,S3-322951193,S2-418311879
S1-139532667	S3-106302570,S2-802724006,S3-538164725,S3-835278002,S2-17467398,S3-722647829,S2-760345372,S2-688511806,S2-629922608,S3-967712917,S2-845433928,S2-754132025,S3-79904753,S2-839373565,S2-920706546,S2-173858477,S3-274111535,S2-362717442,S2-637816415,S2-963409516,S2-709956796,S3-136198661,S3-149622465,S2-850446074,S3-444689232,S2-488257251,S2-496203045,S2-883995183,S2-343123394,S3-763105583,S2-115741826,S2-487658056,S2-737827326,S3-657983477,S2-563115127,S3-576010648,S2-196345434,S3-52049595,S2-674795375,S3-672557970,S2-470556861,S2-346496643,S2-471657975,S3-927560745,S2-789818304,S3-828002542,S2-727414171,S2-115409222,S2-335244971,S2-561915485,S2-869304444,S2-817764603,S3-380482215,S2-837561448,S2-321891660,S3-458608118,S3-137132257,S3-214793135,S2-421115223,S3-996598346,S2-636151610,S3-354647917,S3-540342481,S3-985870613,S3-955302903,S2-744920519,S2-737704148,S2-743145031,S2-971315158,S3-375023535,S3-539464486,S2-569753177,S3-401809170,S2-750173823,S3-805946449,S2-63900869,S2-91238799,S3-240289066
S1-391248994	S2-142441358,S2-325256245,S2-14492873,S2-946767984,S3-805680625,S3-246971548,S3-197711950,S2-31431269,S2-431379498,S2-873522729,S2-370041642,S2-640259105,S3-818257295,S3-729616668,S3-353153774,S3-440468063,S3-317726102,S3-127344332,S3-377912860,S3-935550753,S2-653913198,S3-291320716,S3-845751067,S3-49126051,S2-701738047,S2-388141364,S3-656883852,S3-695269380,S3-548854350,S3-322548227,S3-323593940,S3-673103379,S3-503938009,S3-455734215,S3-240083700,S3-641036111,S3-440957991,S3-357114499,S3-121187304,S3-51420070,S3-550867514,S3-422542644,S3-992592351,S2-116748146,S2-885153394,S2-379349723,S3-943270448,S2-564037566,S2-636625504,S2-113983425,S2-290526052,S2-979085903,S3-989301323,S3-204567718,S3-603410948,S2-974123948,S3-132237919,S3-142144880,S3-928705511,S2-307447477,S3-392539749,S2-915150941,S3-717305989,S2-291084280,S2-569860965,S2-874462383,S2-345541699,S3-231208622,S2-28325020
S1-217259238	S2-927622851,S2-396454795,S2-709060721,S3-449458172,S2-663575570,S2-163321556,S2-898246587,S3-426054134,S2-966333240,S2-540475101,S3-842072846,S3-54548953,S2-376337834,S3-46274190,S3-564515294,S3-102566645,S2-271078420,S2-227021092,S2-183967309,S2-10022360,S2-19155561,S2-254452985,S3-552326148,S2-939048236,S2-717081077,S3-599167750,S2-954807091,S2-705517692,S3-771778745,S3-316385547,S3-253365974,S2-777785870,S2-318546967,S2-794566494,S3-667007653,S2-13966218,S3-282269666,S2-9960409,S2-428827939,S3-747072338,S2-318004965,S3-855567939,S3-276174358,S3-843451671,S2-365433059,S3-281625276,S2-988340451,S3-87436950,S2-938602259,S2-373576397,S3-114894340,S2-32483644,S3-408756164,S2-358525106,S3-197930877,S2-580061315,S2-842764539,S2-933874900,S3-156124989,S3-442028459,S2-892000465,S3-69691677
S1-363414052	S3-115317461,S3-858474439,S2-486083960,S2-574943143,S2-51634296,S2-767035579,S3-803283819,S3-684282206,S2-900476419,S2-870320431,S3-933675623,S2-817935651,S2-306419596,S3-510494393,S3-466045338,S2-181154568,S2-428798840,S3-164116745,S3-254115737,S2-182485473,S2-411110538,S3-222527605,S3-753012106,S2-612719112,S3-603497969,S3-57382349,S2-831707743,S2-299772640,S3-295219195,S3-908311340,S3-203176793,S3-764565144,S3-197569200,S3-859415062,S2-521568657,S3-631062638,S3-21680574,S3-669318207,S3-59112640,S3-197850265,S3-164913999,S3-311066654,S3-277612971,S3-22985422,S3-987267410,S2-70485153,S2-739427548,S2-660549356,S3-788060316,S2-841748287,S3-892577471,S3-162997581,S2-969994182,S3-129185090,S3-135549469,S3-933463392,S3-527090333,S3-180778130,S2-561130241,S2-109527685,S3-480828286,S2-376023583
S1-719919136	S2-95883726,S2-200614839,S3-172913923,S3-860821345,S3-646915566,S3-827097097,S2-708621837,S3-611471477,S3-731084824,S3-276376723,S2-382990298,S2-99655312,S2-408507954,S3-849305010,S2-780441093,S3-375697326,S3-452421911,S3-815425720,S3-113928595,S2-311192735,S3-435682417,S3-812853416,S3-74953757,S2-764306412,S3-981421662,S3-750093551,S3-809898892,S2-126222886,S2-45071914,S2-675394479,S3-561046732,S3-870213820,S3-666110895,S2-403566075,S2-413623420,S2-505328569,S3-899514279,S3-356328247,S3-656554954,S2-284106540,S3-293400035,S3-448276989,S3-276207454,S3-199458245,S2-755975615,S3-501829913,S3-732637022,S2-942267364,S3-998594797,S3-728872378,S3-109533885,S2-686970519,S3-901131935,S2-10731187,S2-539943184,S3-873731498,S2-231195947,S3-368460950,S3-896259179,S2-647844092,S2-706494857,S2-237000605,S2-428072189,S2-459377527,S2-735802408,S3-273644591,S2-474841636,S2-345891794,S2-997610957,S3-206518201,S3-526022927,S2-20571244,S2-883437993,S2-597931385,S2-650096155,S3-430868285
S1-75134768	S3-782236821,S3-936452712,S2-811952870,S3-269509733,S3-719452923,S2-933820692,S2-490736028,S3-249882202,S2-385870280,S2-168413389,S2-252989755,S2-909512087,S2-425817949,S2-201089624,S3-699273759,S2-308520060,S2-532020500,S3-712540294,S2-558832922,S2-995622734,S2-915202445,S3-403876847,S3-593592676,S3-561013713,S2-411500333,S2-605633090,S2-145865332,S2-744794854,S3-801329131,S3-839189434,S2-362329289,S3-67645457,S2-267253559,S2-161614632,S2-878088606,S2-867359249,S2-833876801,S2-193990459,S2-879183336,S2-372930762,S2-57473027,S2-18975235,S3-741559976,S2-739603930,S2-6505501,S2-840513052,S3-332361882,S2-105898926,S2-766212881,S3-807339727,S2-656892137,S2-730100321,S2-140831853,S3-589089722,S2-22700931,S3-420627038,S2-3751299,S2-856751406,S3-239036346,S3-475226933,S3-534602750,S2-757543295,S3-848296911,S2-444452024,S2-735830595,S2-796855466,S2-109325381,S2-171837447,S3-236213858,S3-914813088,S2-230457131,S3-86467247
S1-174758675	S2-74154365,S3-103181839,S2-896461087,S2-616827337,S3-361618710,S2-934732631,S3-722175319,S3-419821397,S2-237459247,S2-692209141,S2-569636721,S2-393705126,S2-357901444,S2-32646815,S3-889470091,S2-786750988,S2-430929964,S2-499689264,S2-770154880,S3-336415633,S2-918422876,S2-193517415,S2-20393024,S3-969306519,S3-690962479,S2-689070673,S2-854459566,S2-170082458,S2-403364722,S2-208781797,S3-629893212,S2-323134378,S2-401461610,S2-867194813,S2-258962214,S2-351277453,S2-85687046,S3-527074241,S2-496777850,S2-51712971,S2-261582859,S3-354884840,S2-761933518,S2-761695911,S3-632012482,S3-791536348,S2-715503529,S3-655298910,S2-654130080,S2-36616552,S3-280187297,S3-288926492,S3-325438653,S3-87824689,S3-84158081,S2-39110192,S2-600939956,S3-323334738,S2-43225557,S2-600059035,S2-306131740,S3-414432684,S3-422176324,S2-278874393,S3-342681954,S2-790924545,S3-330161275,S3-599863915,S3-506558202
S1-124712855	S3-361871671,S2-533076862,S2-334268331,S3-539569476,S3-695799599,S3-985263434,S2-890507415,S3-80790450,S2-782226973,S2-154972975,S2-371200780,S2-156690878,S3-963920606,S2-411273152,S2-89378876,S2-997050752,S2-557690992,S3-783434607,S2-425348204,S2-480847030,S2-214789919,S3-878820114,S2-520303819,S2-120491539,S3-103683355,S3-432814518,S3-359742977,S2-585151080,S2-50262776,S2-232433211,S3-672360831,S2-825274870,S3-25629565,S2-624133305,S2-599925857,S2-876762695,S2-586167393,S2-906913666,S3-902900474,S2-539414515,S2-177192517,S3-505735892,S2-954914177,S2-235402418,S3-418137851,S2-65804167,S3-830358298,S3-736877254,S2-833193799,S2-766334271,S2-487495973,S3-584761666,S3-167496091,S2-506145204,S3-762174095,S3-658025131,S2-786544564,S3-642910027,S2-117672295,S3-969525569,S2-95851179,S2-637238651,S3-734289586,S2-239373803,S2-904519107,S3-703049045,S3-752468662,S2-345936735,S3-819251944,S2-802219056,S3-712543826,S3-299317227,S3-60910672,S3-225088377,S3-993136335,S2-339076009,S2-298570145
S1-305403960	S3-462038153,S2-513268507,S2-428132003,S2-766515117,S2-402753691,S2-724941950,S2-985568851,S2-728914835,S2-998172728,S2-527513925,S2-382862663,S2-77538181,S3-578554193,S3-463537623,S2-622721086,S2-963388990,S3-791288352,S2-980380440,S2-501562255,S2-448763041,S3-527839082,S2-60546899,S2-271004433,S3-319783630,S2-162450652,S3-713630346,S2-477956859,S2-598453879,S2-31748589,S3-504956761,S2-566672905,S2-259628813,S2-149711897,S3-428061889,S3-124095301,S3-728256373,S3-810804657,S2-663885249,S2-418366699,S3-516448030,S3-926226078,S2-237466484,S2-515012790,S2-189554509,S3-903319181,S3-62671560,S3-46956620,S2-136305349,S3-947459164,S2-490621987,S2-69324380,S2-431480388,S3-789922821,S3-614300694,S2-621830421,S2-70148765,S3-805154460,S3-205207709,S2-164651728,S3-594795887,S3-759472739,S2-969694515,S3-799280347,S3-798235758,S2-222791096,S2-37011973,S2-311912341,S3-233166833,S3-493730758,S2-414628095,S2-344974738,S2-595783250,S3-817305845,S2-192926861,S2-49975588,S2-989690867,S2-922282064
S1-615738219	S3-763994780,S3-962039728,S2-21859479,S3-40963885,S2-45071914,S3-245730965,S3-179822932,S2-896277824,S2-139611348,S3-382298099,S2-305398645,S2-360831214,S3-750093551,S3-960590210,S3-926920977,S3-55900284,S2-107278558,S3-514408168,S2-718367440,S3-335805814,S2-532776476,S2-176453879,S3-169522525,S3-571042195,S3-657455439,S2-979372621,S2-223932216,S2-95741945,S3-947182627,S2-86980319,S2-841316739,S2-505328569,S2-352169028,S2-465642879,S2-219201040,S2-110723112,S2-291198685,S3-523445957,S2-985866585,S2-923469909,S3-951588859,S3-161869359,S3-921870008,S2-791158959,S3-437033673,S2-439486038,S3-401055135,S2-304102421,S3-490849079,S3-130528087,S3-673933785,S2-735623776,S3-381519721,S3-334002793,S2-612206634,S3-163064327,S2-355755070,S3-984791036,S3-886209974,S3-870985478,S3-678052206,S3-748080166,S2-835735204,S2-552780657,S3-250876357,S2-202584863,S2-652137498,S3-985371852,S2-679390587,S2-789249001,S2-970808601,S2-643584373,S3-870850326
S1-925443249	S2-701008849,S2-191578134,S2-991227315,S2-954486837,S3-472881816,S3-231523086,S2-756890612,S2-629543845,S3-602235760,S3-808496544,S2-535538356,S3-896872183,S2-565609932,S3-58288284,S2-984480300,S3-551114082,S3-373166455,S2-927043946,S2-722558285,S2-232876579,S3-896873639,S3-718296290,S3-173222154,S3-613227621,S2-813475951,S3-39840375,S3-353910299,S3-68267534,S3-13020437,S2-440204573,S2-699029532,S2-633816997,S3-79743525,S3-838008352,S2-659300097,S3-284954585,S2-405529562,S3-511558180,S3-54846667,S2-91377268,S2-75708841,S2-380572049,S2-98527511,S2-311100027,S2-394554163,S2-953044877,S2-794501586,S2-714477528,S2-903442324,S2-37170427,S2-389686317,S2-608447496,S2-142469992,S2-149173342,S2-75521386,S2-891272346,S2-458402303,S3-979083338,S2-311204736,S2-248916016,S2-609292694,S2-455750535,S2-91305348,S2-649445163,S2-7418163,S2-407004679,S2-236206547,S2-294219540,S2-249997299,S3-341230275,S2-196204984,S2-592241135,S2-930194769
S1-635349757	S2-628003864,S2-249900895,S2-192774038,S3-535245679,S2-839424036,S2-447522902,S2-546490817,S2-607608903,S2-778948236,S3-738310180,S3-227152998,S3-379549089,S2-350238867,S2-826433758,S2-286775041,S2-475524221,S2-234494810,S2-881402595,S2-49913694,S2-236515167,S2-892754119,S2-707156392,S2-413675900,S2-510482699,S2-612747894,S2-523133168,S2-890109648,S3-125463115,S2-983866874,S3-84101574,S2-90499277,S2-647051170,S2-441758107,S3-698396738,S2-976370605,S2-801567871,S2-549788048,S2-51949281,S3-608235014,S3-944496775,S2-75731599,S3-315528878,S3-38420566,S2-72321941,S2-812643664,S2-591601299,S3-829401247,S3-854728168,S2-922504636,S2-158986794,S2-310092090,S2-210596993,S3-652186570,S2-480854110,S3-354949581,S3-266006638,S3-741730337,S3-734453349,S2-456035454,S2-873950084,S3-551030540,S3-59504831,S3-388545691,S2-58681969,S3-919706560,S2-518182376,S3-613178652,S2-105354914,S3-807294454,S2-971418260,S2-589049536
S1-300609714	S2-257080020,S2-518293598,S3-531816228,S2-697778301,S3-729520785,S3-926572062,S2-820761727,S2-622440649,S2-606544273,S2-946122921,S3-771772512,S3-801897899,S3-762206436,S3-413031296,S3-262783474,S2-903786303,S2-319544446,S2-818555762,S3-609849121,S3-981247549,S3-903713633,S3-351642241,S3-324379056,S3-860375239,S3-601228002,S2-148844362,S3-532525739,S2-509237883,S2-156423863,S3-386387963,S2-762595900,S3-339146480,S2-249546926,S3-291695952,S3-275869916,S3-222520307,S3-69438667,S2-976576895,S2-877661076,S3-221016319,S3-357195386,S3-96891642,S3-113150128,S3-531335107,S3-90895624,S2-524821584,S3-590720004,S2-22315267,S3-229988428,S3-244298168
S1-743936349	S2-121399524,S3-105365785,S2-596662968,S3-631675523,S3-549499180,S2-461247710,S2-542355547,S3-614414507,S2-910801595,S2-535005718,S2-159002980,S2-966114169,S3-848500839,S2-944867761,S3-494720811,S2-683021015,S3-418026024,S3-688717462,S3-434454084,S2-627880969,S3-876367076,S3-237900486,S2-214060638,S2-698430823,S3-219011587,S3-740906352,S2-64436784,S2-739723528,S3-252042838,S2-163807513,S2-670309706,S2-132518543,S2-506407741,S2-890647761,S3-657217892,S3-535975646,S3-389697271,S3-719637839,S3-832735312,S2-457617304,S2-840267891,S2-161687799,S2-805368102,S2-486078340,S2-575161283,S2-165286002,S2-239683458,S2-749345904,S3-138092810,S3-352945212,S3-250268953,S2-405556536,S2-795022161,S2-305417259,S2-296877794,S2-252689599,S2-203330777,S2-779736884,S3-633032599,S3-520280160,S2-994525069,S3-275696911,S2-850734018,S3-817929615,S2-475319129,S3-620983723,S2-592640433,S2-725015966,S3-39395639,S3-946244416,S2-230564787,S2-293708890,S2-106676889,S2-135483832
S1-94297591	S2-91301340,S2-739622128,S2-683903255,S2-104510034,S2-788195101,S3-572788186,S2-94935137,S3-431514808,S2-876128288,S2-345085185,S2-290590943,S2-235442218,S2-30017732,S2-331596096,S2-950035920,S2-814910132,S2-762252952,S3-440585281,S2-101709043,S2-357857285,S2-503373128,S2-400259664,S2-453572513,S2-984522490,S2-373703334,S3-208584357,S2-499092593,S2-783909809,S3-688721689,S2-450278740,S2-292840209,S2-698413615,S2-676356963,S2-230916825,S2-318090851,S2-519513908,S3-891906960,S2-71597051,S2-438688542,S2-315712340,S3-170097389,S2-62095846,S2-548237367,S3-499690738,S3-510211064,S2-543871817,S3-534011204,S3-154192379,S3-686092977,S3-335387121,S3-67355855,S3-342574574,S2-662333551,S2-570393295,S2-789991020,S3-468615951,S2-634770470,S2-667385366,S2-469085227,S2-348990518,S2-800323916,S2-112625643,S2-271485274,S3-399542129,S3-118446004,S2-197837250,S2-690363589,S2-512750422,S3-779869325,S3-515119977,S3-770204324,S2-595503042,S3-397832543,S3-327359748
S1-817802155	S2-224397531,S3-567512368,S2-278357420,S2-521614368,S3-257740368,S3-509592387,S2-223626123,S3-682291749,S2-209439779,S2-232551492,S3-312877575,S2-322203451,S3-315004595,S2-154132131,S3-385524128,S2-123040947,S2-746882903,S3-665529715,S2-89383171,S2-883044184,S3-854850142,S2-890954938,S2-613446768,S3-817773894,S3-839132126,S3-512477407,S2-294563043,S3-473817952,S3-376466090,S2-674406932,S3-62700837,S2-756557381,S3-683857915,S2-889481571,S3-322119442,S3-64215283,S2-483129661,S2-854003878,S2-749892655,S2-291638083,S2-983950430,S2-295095925,S2-422909151,S2-769887516,S2-2711428,S2-199636039,S3-483687206,S2-723367174,S2-202532938,S2-723336783,S3-966011573,S3-761621047,S2-955550290,S3-607109950,S2-203063327,S3-216219390,S2-808185633,S2-9960409,S2-972544303,S3-134677436,S2-570393295,S2-762288502
S1-369711048	S3-90821650,S2-401417009,S3-254481419,S2-505365205,S3-984984695,S3-226313889,S3-504158474,S3-467836363,S3-990690389,S3-258560408,S3-437319899,S3-567197218,S3-293569848,S3-926726677,S2-580257416,S3-274585896,S2-857579948,S2-443194899,S3-723919049,S2-655664149,S3-758824954,S3-984131951,S2-419256969,S2-543816807,S3-436877280,S2-330406524,S2-662160641,S3-481789274,S3-38341622,S3-973415925,S2-639897422,S3-239310144,S3-534689159,S3-543800169,S2-937249020,S3-49065974,S2-949254052,S2-936817884,S2-79611911,S3-445606212,S2-384811646,S3-792381811,S3-378548845,S3-944931755,S2-804454499,S3-418450705,S2-299715087,S3-303878846,S3-557431812,S3-719211694,S2-410679397,S2-896239264,S3-394795839,S3-731914513,S2-700540911,S2-211719163,S3-755501786,S2-90657044,S3-969948164,S2-933449184,S2-334949013,S3-774921322,S3-175283127,S2-919080460,S2-144447746,S3-472380216,S3-114686337,S3-71121809,S2-323765241,S2-865589486,S2-462002062,S2-844978925
S1-501296085	S2-174298792,S2-108388778,S3-716369152,S2-776335567,S2-470289124,S3-91018323,S2-298660364,S2-91150593,S2-331358156,S2-729028339,S2-321576625,S3-262954767,S3-649717239,S3-6820574,S2-298914373,S3-597779932,S3-932808408,S2-666590066,S2-468780590,S3-506726696,S3-359767585,S3-172571792,S3-563271608,S2-35554040,S3-394068109,S2-122650575,S3-411152481,S3-704059757,S2-431590321,S2-851276549,S2-381433580,S2-711727482,S2-283541803,S3-577310590,S3-16050919,S3-750038513,S2-198618627,S3-573532210,S3-217324582,S2-731738095,S2-947133868,S2-363897400,S2-370115077,S2-303740801,S2-606924664,S2-971179524,S2-27069795,S2-412868708,S2-436840512,S2-165379894,S2-137176332,S2-272311042,S3-959566289,S3-142785179,S2-233939859,S2-152005513,S2-827408282,S3-590045230,S2-203335440,S2-174136981,S2-165416638,S2-898396623,S2-762600640,S2-362926117
S1-967153211	S2-107093321,S2-398383048,S2-928038492,S2-285061074,S2-947221890,S2-426965568,S2-351927064,S2-475319129,S3-214948609,S3-102937819,S2-656652168,S2-791605642,S3-541779869,S2-476182080,S2-287395177,S2-20818044,S2-524606152,S2-388841946,S3-803194916,S2-997592409,S3-897857336,S2-222042072,S2-374651550,S3-602904272,S3-462653702,S3-726537626,S2-608758567,S2-287467530,S3-19068799,S2-348173686,S2-924896010,S2-876122064,S3-281547601,S2-153343924,S3-668001980,S2-521972329,S3-503843112,S2-390592581,S2-542719473,S3-723201403,S3-109852524,S3-711821311,S3-50096781,S3-662096367,S2-313977688,S3-926758287,S2-250290846,S3-794563317,S3-610960749,S2-375983322,S3-290226547,S3-868934782,S2-672495061,S2-401516348,S2-410732890,S3-208249706,S2-931001223,S2-95212748,S3-197427002,S3-582672475,S3-386540928,S2-589079286,S2-699380075,S3-491060922,S3-305260323,S3-121937485,S2-210115827,S2-908145635,S2-260762399,S2-871071444,S3-670563296,S3-916104021
S1-300031623	S3-618378574,S3-15909675,S2-139611348,S2-532776476,S2-667608628,S2-704773714,S3-285285387,S2-779017234,S3-78186866,S2-166126659,S3-236140634,S3-716647832,S3-159486451,S3-273564210,S3-684986164,S2-972801289,S3-606351901,S3-758202019,S2-471156571,S3-165071201,S2-149804913,S2-352169028,S2-360831214,S3-169522525,S2-107278558,S3-962039728,S3-603338246,S2-514970066,S3-750093551,S2-45071914,S3-640712286,S3-356328247,S3-40963885,S2-696956235,S2-505328569,S3-960590210,S3-542070690,S2-537779165,S3-402107882,S2-323633536,S2-291198685,S2-21859479,S3-866005110,S2-746958256,S2-83700488,S3-694417363,S3-870850326,S3-770842088,S3-959034257,S3-874901968,S2-915821365,S2-713235203,S2-133379329,S2-745866415,S3-207566324,S2-473761277,S3-382298099,S3-250876357,S3-325312344,S3-190169384,S2-520709479,S3-581718562,S3-51584264,S3-150068856,S2-565674566,S2-217618421,S3-973383690,S3-87159697,S2-612206634,S3-473169703,S2-458658981,S2-317615334,S2-138371332
S1-98579303	S3-832571965,S3-222310642,S2-962944178,S3-965519036,S2-495793419,S2-252989755,S2-423837579,S3-199017966,S2-400714565,S3-589089722,S3-887580850,S2-795166346,S2-201089624,S3-831988468,S3-34252124,S3-71503410,S3-389879517,S3-332361882,S3-730655231,S3-562251470,S2-915202445,S2-209200464,S2-877598413,S2-411500333,S2-362329289,S2-267253559,S3-746668512,S3-943032673,S2-308520060,S2-254411741,S2-818726940,S3-717409784,S3-204389002,S2-19393564,S3-274448663,S3-219727548,S3-839038111,S2-796457039,S2-784259305,S3-379424207,S2-960976640,S2-57473027,S2-18975235,S2-109325381,S2-988939588,S2-22700931,S2-563441082,S3-403295492,S2-6505501,S2-656892137,S3-250398729,S3-743039174,S3-649210123,S2-840513052,S2-511132876,S3-420627038,S3-807339727,S3-702933729,S2-367663348,S2-341127446,S2-796855466,S3-621565675,S2-639231137,S2-501890286,S2-558325326,S3-160922450,S3-157171143,S3-595987627,S3-565217063,S2-193990459,S3-785015130,S2-821104670,S3-401962497,S3-675009586,S3-151553161,S3-487246567,S2-841137821,S3-762063641,S3-159392092,S3-574729706
S1-576857452	S2-126113089,S2-827376942,S3-4086513,S2-708629056,S3-577472264,S3-873905347,S2-856254084,S2-278376019,S2-317879047,S2-150662180,S2-149127849,S2-82544670,S2-436282991,S3-170680860,S2-439786382,S3-410945410,S2-270182492,S2-797531859,S2-203806335,S2-568882672,S2-523476248,S3-636690699,S3-339819110,S2-857755271,S2-133270735,S3-325851644,S3-225764876,S2-458529448,S2-670221701,S3-52236204,S2-872471175,S2-859754079,S2-802941686,S3-815882205,S3-850459988,S3-285665661,S3-806666926,S3-551403580,S2-373262251,S2-79991338,S3-408212372,S3-258652851,S3-836639256,S2-373134817,S3-839484581,S2-21144485,S2-538291415,S2-200433240,S3-448014765,S3-204977478,S3-923067832,S3-631906242,S2-668938769,S2-424524873,S2-531826116,S2-456984958,S2-605676968,S3-908166433,S3-394362770,S3-548168069,S2-541496581,S2-359874061,S2-760323383,S3-267297448,S2-12516105,S2-568985008,S3-228630385,S2-764236252,S3-909124064,S3-566053310,S3-649235994,S3-75072595,S2-424415993
S1-121839562	S3-42114892,S3-504816419,S2-848023465,S2-404808832,S3-675260138,S2-706134851,S2-516172592,S3-540709997,S2-5170241,S2-347330149,S3-457645040,S2-819415402,S3-915595050,S2-166492842,S2-1820162,S3-16234900,S2-612593401,S3-837215006,S2-522933880,S2-611451201,S2-756344460,S3-966309133,S2-74788404,S3-980982119,S2-542324321,S2-540153005,S2-970203166,S2-46139839,S3-909897894,S2-709650804,S2-160201561,S2-985114164,S2-449622014,S3-568172596,S2-443502225,S2-661233828,S2-618554168,S2-868816108,S2-276739341,S2-857545705,S2-72476189,S2-369888336,S2-476567032,S3-676972594,S2-443126204,S2-587295440,S2-252130764,S3-72026466,S3-542805234,S2-910892516,S3-129768137,S3-239795702,S3-746115457,S3-139239851,S3-781401026,S3-704577249,S3-555286550,S2-360805451,S2-605328839,S3-638882019,S2-671885302,S2-333054660,S3-662758812,S2-317447167,S3-837810882,S2-15919698,S2-404447339
S1-79772943	S2-59668716,S2-157564986,S2-225391999,S2-358270742,S2-321869897,S2-476111309,S3-647695369,S2-761037233,S3-275307259,S2-717160791,S3-734188235,S2-573664342,S3-144722907,S3-312049272,S2-975552526,S2-781080053,S3-758015503,S2-702958880,S2-536133490,S3-393515370,S2-939131514,S2-428606754,S2-890134138,S2-575953609,S3-280067260,S2-458926847,S2-297855318,S2-802260310,S2-719112862,S2-969263270,S2-537968038,S2-76134910,S2-809944101,S2-235039028,S2-811748343,S3-967430285,S3-687416596,S3-830790092,S2-786934861,S2-836442298,S3-671319075,S2-181838808,S3-886171002,S3-695226866,S2-556451,S3-720692534,S2-388739615,S2-245722271,S3-125638571,S3-844532141,S2-95568904,S3-176024921,S3-726039825,S2-503718604,S2-544903550,S2-980417670,S3-473464127
S1-694085192	S2-97550363,S3-926763236,S3-441825435,S3-38487246,S2-255462706,S3-299454566,S2-737376668,S3-553555462,S2-185918037,S3-650597670,S2-371779335,S3-412373886,S2-525862775,S2-172980805,S2-710080674,S2-426439815,S2-64296283,S2-685496471,S2-274640549,S3-701354906,S3-764068713,S3-987096838,S2-557072173,S2-978971511,S3-269574540,S3-719372458,S3-588670988,S2-648373570,S3-183637697,S2-151722874,S2-928761311,S3-751833515,S3-414163067,S2-868803937,S2-265920848,S3-562919766,S2-921137386,S3-556091021,S2-700179569,S3-723782835,S2-566776776,S2-807472221,S3-220054844,S2-933085923,S3-167573768,S3-445965583,S2-942355084,S2-526927807,S3-688824274,S3-541526326,S3-966195827,S2-848525853,S3-454593673,S3-77401880,S3-97717001,S2-474346550,S2-415813714,S2-617973037,S3-917108713,S2-179327506,S2-551928611,S3-347946262,S2-51977302
S1-525055772	S2-877622197,S3-225304503,S2-432854704,S2-23933178,S2-843071321,S2-871268869,S3-327198513,S3-300964048,S3-247671864,S2-727779637,S3-320963804,S3-967666123,S2-610110921,S2-730155161,S2-584088730,S3-258108459,S2-465837411,S3-362791941,S2-147367965,S2-867170522,S3-580466095,S3-785759398,S3-512394838,S2-963341915,S2-237573221,S3-893296073,S2-148854997,S3-272078723,S2-448685420,S3-268529768,S3-682851388,S2-577304095,S3-315235746,S3-45762096,S3-277008567,S3-289566539,S3-621081783,S2-37260641,S2-818259839,S2-727450877,S2-333716982,S2-692359099,S2-185005085,S3-416037914,S2-349779505,S2-855613686,S3-514589997,S2-554736378,S3-637966047,S3-407324780,S2-469218224,S3-93393293,S3-628859772,S2-836840386,S2-571506106,S2-119405191,S2-678097658,S2-898607580,S3-210850124,S3-294364613,S2-995134427,S3-253317228,S2-77842733,S3-81830660,S3-244576108,S2-419030099,S3-423819990,S3-814817595,S3-414792372,S3-82020699,S3-941324316,S3-563709941,S2-478692310,S2-565519778
S1-376690332	S2-364613622,S2-876047299,S2-150662180,S2-236807174,S3-370340810,S3-858265236,S2-806084850,S3-249493840,S3-816565773,S2-724681924,S2-55376559,S3-982491213,S3-257593341,S2-975567090,S3-256555681,S2-61990010,S3-516722145,S3-35204207,S3-996577255,S3-769101677,S3-922154738,S3-525616455,S2-56631800,S3-557777347,S2-547045240,S3-629839168,S2-443929330,S2-873746699,S2-910146414,S3-248142936,S3-198451029,S3-818461519,S2-430060563,S2-235111620,S2-617585314,S2-643584373,S2-104852003,S2-214208615,S3-735850784,S2-879959263,S2-538589097,S2-763175784,S3-768650707,S2-67588406,S2-840273043,S3-321705128,S3-151553161,S3-99610340,S3-48308573,S2-617937978,S3-948120898,S2-789481229,S2-839180643,S2-724525585,S3-810540742,S3-146884433,S2-670644834,S3-853720978,S3-822727076,S2-797531859,S2-924571074,S2-724042225,S3-531741200,S3-306853707,S3-380551129,S3-339365778,S2-286097795,S2-434665571,S2-731693234,S2-971018086,S2-568092188,S2-341127446,S3-371631390,S3-358831414,S2-517986796,S2-946294360,S3-409490103,S2-179553455,S2-293360947
S1-219548536	S3-829615255,S2-475757669,S2-339884517,S2-324286938,S2-938075821,S2-177348709,S3-590103152,S2-943026198,S3-615561499,S2-883445214,S2-984642202,S3-524507738,S3-764424287,S3-662023975,S2-735478393,S3-298819168,S2-214552099,S3-48603516,S3-803488134,S3-437572016,S2-482089045,S2-392931909,S2-651276588,S3-480828286,S3-679993425,S2-943580833,S2-305639639,S3-593497692,S3-563429175,S2-708194147,S3-990274579,S2-675595387,S3-281625276,S2-373275726,S3-438961756,S3-133975401,S2-74459032,S3-684282206,S3-460473747,S2-321393766,S2-495131696,S3-548530757,S2-193113002,S2-693099355,S2-15957652,S2-331036957,S2-970016569,S2-251110029,S2-905545244,S2-356532156,S3-204300421,S3-533397008,S2-460739877,S3-544784208,S2-410773396,S2-283861228,S2-135305160,S3-226356932,S2-761192698,S3-695871110,S3-868372377,S2-595463806,S2-252784693,S2-822653974,S2-577876572,S2-558520054,S2-332541981,S2-594937366,S3-420877330,S2-964751237,S3-293689839,S2-705939052
S1-410701476	S2-704351912,S2-794136226,S2-544270204,S2-132097359,S2-700415978,S3-29815928,S2-895582776,S3-776196680,S2-595195571,S2-283035525,S2-355984933,S3-203319128,S2-942885223,S2-607197433,S2-370565257,S2-219236598,S2-768091855,S2-543962002,S3-954979111,S3-364695406,S3-290459290,S2-296849379,S3-803316005,S3-683485265,S3-941571720,S3-135187104,S2-476437469,S3-718062471,S2-531140083,S3-894848788,S3-983769284,S2-360579060,S2-821328186,S3-79680131,S3-302949697,S2-636809908,S3-828586933,S3-171077431,S2-221312772,S3-580165674,S3-378182277,S2-232646801,S2-730591902,S3-988338365,S3-221080971,S3-141764799,S2-752518236,S3-88542583,S3-247281785,S2-646958157,S2-202906063,S2-556618013,S3-423607518,S2-334286361,S2-796397567,S3-705754461,S2-144757916,S2-348904259,S2-909581680,S2-451992935,S3-466536845,S2-256698067,S3-693248863,S3-413249520,S3-447319371,S2-745866235,S3-536772125,S3-781778854,S3-97017065,S3-603807651,S3-339906591,S2-938603162,S3-308682,S3-414787387,S2-733629861,S3-71259332,S2-888828925,S2-693249563,S3-823806025
S1-862338675	S2-206937219,S3-659534719,S2-151683776,S3-430855800,S2-401337280,S3-243412612,S2-776052347,S3-916017453,S2-664582263,S3-393186661,S2-630966217,S2-254663123,S2-819375962,S2-851248163,S3-165105219,S3-65765029,S2-555340827,S2-613649295,S3-464929036,S3-916943607,S3-60846366,S3-125463115,S3-245194287,S3-478740633,S3-551747674,S2-635002967,S2-824917517,S3-904596510,S3-356135865,S2-392714804,S2-762138912,S2-408204806,S3-931954535,S3-677120145,S3-351767854,S3-139932484,S3-919200640,S3-469987367,S2-137190942,S3-146627125,S3-534011204,S3-184503228,S2-535421798,S2-936521677,S2-984922464,S2-474088867,S3-124972296,S2-98240068,S3-908766344,S3-334047666,S2-450994825,S3-919180108,S3-480549351,S3-645424405,S3-742450778,S3-580878588,S2-888828925,S3-381335805,S3-801250786,S3-585230351,S2-769525804,S3-152235720,S2-522067922,S2-358856946,S3-599870864,S3-470119993,S2-362793045
S1-448345019	S2-757793146,S2-201040866,S2-217445093,S2-263244436,S3-692038601,S3-648102632,S3-850596301,S2-320338854,S3-763940657,S3-402958681,S2-108603996,S2-433508313,S2-12066427,S2-504054294,S3-493450555,S2-31256790,S2-846178894,S2-411562397,S3-578143206,S3-450635469,S2-426435110,S2-424537185,S3-868368124,S3-605743972,S2-56631800,S2-165103314,S3-300768172,S2-333018724,S3-992341899,S3-29795188,S2-939504093,S3-964961187,S3-541808209,S2-298794459,S2-151688807,S3-237871718,S2-222229281,S3-490880308,S2-607642800,S2-844882406,S3-582574062,S3-304501038,S2-967937124,S2-527671382,S2-754627896,S3-612463547,S2-98445220,S3-433714177,S2-468780590,S3-637707053,S3-876557562,S3-962263643,S3-18656005,S3-753183950,S3-401962497,S2-455124754,S3-543348168,S2-721922246,S2-386307336,S2-359235799,S2-562439207,S3-678311307,S2-292807436,S2-814704822,S2-353688026,S3-103890,S3-345758296,S2-460058923,S3-742806745,S3-127904788,S2-847392050,S3-679454750,S2-871007551,S3-103234040,S2-995622734,S2-771172197,S3-175183145,S3-390362008,S3-79830497,S3-218177729
S1-883829621	S2-337412204,S2-538887702,S2-263163004,S3-219461059,S2-698375843,S2-60794651,S3-904713435,S2-14004517,S2-705380566,S2-128570081,S2-498492409,S2-304461331,S2-730208329,S2-35453945,S2-738411676,S2-992199248,S2-824625824,S3-90522604,S2-169037846,S2-902760758,S2-319300525,S2-3261389,S2-659060419,S2-764817782,S2-846422993,S2-257268400,S2-873059596,S2-701586058,S2-857701760,S2-623738605,S2-231942062,S2-409818790,S2-761644899,S2-721330697,S2-491262611,S2-253428263,S2-202171037,S2-257215340,S2-498530785,S2-535256805,S2-380425439,S3-293632747,S3-730416735,S2-185953587,S2-57490681,S3-82657805,S2-305299303,S2-274976761,S2-846527335,S2-880342210,S3-60787735,S2-645455358,S3-724587574,S3-119783654,S2-413346289,S2-31257086,S2-283716391,S3-981360349,S3-197904884,S3-522067510,S3-835277806,S2-756890612,S3-79743525,S2-875213907,S2-798111554,S3-838755658,S2-603671813,S3-68712306,S3-649933182,S3-192961807,S2-981453578,S2-828777720,S3-854866925,S2-722876090,S3-464656263,S2-934376052,S3-520285425,S3-710483606,S3-388615064,S2-355895406
S1-153055996	S2-315504147,S2-984651927,S2-867170522,S2-45724657,S2-850315180,S3-723782835,S2-61107655,S2-833900025,S3-512394838,S2-662221399,S2-486729582,S3-991802869,S2-802999298,S3-729430213,S2-645373698,S3-976237098,S2-871268869,S2-303388367,S3-126702578,S2-234084042,S2-736010823,S2-885106909,S2-469686166,S2-217920730,S3-835400406,S2-465837411,S2-237000605,S2-895946886,S2-106408832,S2-671212976,S2-557486904,S2-287872643,S2-275822493,S3-694172187,S2-122642639,S3-566356177,S2-309008061,S3-640811333,S3-307554574,S2-382704991,S3-357874579,S2-362250230,S3-107653969,S3-85970614,S3-12113516,S3-844101820,S2-1854578,S3-410011778,S2-48437260,S2-79685666,S3-124665444,S3-244576108,S2-891714662,S2-854060728,S2-963341915,S3-950790378,S2-496460047,S3-444788351,S3-667416402,S3-673683027,S2-469218224,S3-941324316,S2-40845920,S2-970108649,S2-953992533,S2-643638573,S3-35590250,S3-102346983,S3-841930220,S3-186876150,S3-456462681,S3-287498195
S1-252433119	S2-38453631,S2-427812703,S2-419498297,S3-975758507,S2-253072483,S3-424635986,S2-243146112,S3-275986589,S2-601653083,S3-453921960,S2-144998059,S2-580465336,S3-692922242,S3-404231062,S3-435788569,S3-141165267,S3-303682977,S2-82600026,S3-325253741,S3-307332993,S2-462811931,S2-721545093,S3-1234189,S2-598658234,S2-152104502,S3-143950067,S3-334278397,S3-246576137,S2-617160508,S2-950794754,S2-267020766,S2-276320872,S2-659073143,S2-106188251,S2-505295642,S3-226534128,S2-684834526,S2-628432502,S2-476349918,S2-128716923,S3-422144288,S2-8101063,S3-586294701,S2-651640276,S2-890460477,S2-51993656,S2-764991113,S2-49649066,S3-997847073,S2-727149367,S3-54945127,S2-814101658,S2-492031103,S3-606324888,S2-289894249,S3-42769522,S2-867140952,S3-388292576,S2-325090443,S2-570937619,S3-369740190,S3-461984919,S2-669170252,S2-547385928,S2-789711070,S3-819496526,S2-25608409,S2-304289977,S2-349453927,S3-238649511
S1-324674388	S3-542742708,S3-232809546,S2-979695322,S2-353205003,S2-315942713,S2-810167930,S3-637380838,S2-432301242,S2-963012465,S3-440750834,S2-196088758,S2-460351171,S2-689329503,S2-35561146,S3-178548895,S2-435576430,S2-826316358,S2-893828884,S3-759600258,S3-556805765,S3-172614255,S2-559388544,S3-239828372,S2-553623072,S2-574149905,S2-567514562,S3-104792964,S2-600299095,S3-937799653,S2-735955593,S3-610848419,S3-648945027,S2-492571082,S3-490104025,S2-791250730,S2-540614581,S3-856526477,S3-60788516,S2-817564728,S2-802431645,S3-687446943,S3-41653237,S2-690983591,S3-360034057,S2-774606449,S3-961103858,S3-338737794,S3-740997641,S2-636951985,S3-802907147,S2-589049536,S3-281780904,S2-290759547,S2-85145496,S2-6878444,S3-812508940,S2-62736893,S3-892908848,S2-869993077,S2-743578956,S2-736283000,S2-405740663,S2-390579151,S2-381923140,S3-588672077,S3-209178146,S3-783408530,S2-472675182,S3-806984784,S2-750478064,S2-896108274,S2-612084741,S2-69050789,S2-698652632
S1-638466806	S2-533301682,S2-808166134,S3-937514490,S2-792528014,S2-893815140,S3-178189827,S2-257569338,S3-749706712,S2-888030033,S3-944380792,S2-773778270,S2-719587272,S3-752411563,S2-607826334,S3-967626854,S2-448720779,S3-844945949,S2-13684854,S2-223493773,S2-805250296,S2-783938628,S2-524442597,S2-699778678,S3-442470138,S2-426324794,S2-403433940,S2-857775977,S3-789830654,S3-229690438,S3-152407325,S2-10338766,S2-252354833,S2-305945971,S2-508602797,S2-326982803,S3-171598643,S3-218300354,S2-879724650,S2-458272755,S2-394143245,S2-699970234,S2-451799742,S2-162069686,S2-891973834,S2-455298695,S2-183761344,S2-855831597,S2-864638636,S3-699279096,S2-915150941,S2-925373689,S2-362503507,S2-557352853,S3-326567962,S2-317374397,S3-154517457,S2-573451581,S2-494430593,S3-982864935,S3-723832785,S2-498275337,S2-864668733,S2-583375171,S2-411003944,S2-588726178,S2-392377844,S2-226654105,S3-770560806,S2-260445319,S2-942275467,S3-96234289,S2-18849803,S3-49431654,S3-74480191,S3-563853546
S1-827102573	S2-93682954,S3-524826391,S2-406926476,S2-961093381,S2-622381127,S3-315815112,S2-940368813,S3-191683145,S2-858223765,S3-810492289,S2-761100841,S3-701713562,S2-367692062,S2-782408561,S2-407175475,S3-550896229,S2-844415241,S3-247019154,S2-30695598,S3-481434198,S2-857611557,S3-445502987,S2-105463326,S2-264185942,S3-433534090,S3-688154952,S2-604527127,S2-325760130,S3-478729791,S3-512873193,S2-409310206,S3-932191092,S2-799820557,S2-498590574,S2-51304489,S2-719112862,S2-769293853,S2-557634773,S2-409250915,S3-314389597,S3-206834533,S2-622037749,S2-199757707,S2-276973587,S2-463713237,S3-152703886,S3-698122759,S3-11197099,S3-201742983,S3-50545424,S2-78224210,S2-336836119,S2-151631013,S3-522187166,S2-608629229,S3-123686010,S2-827584632,S3-35336884,S3-1556329,S3-708812153,S3-619372892
S1-989439466	S2-121647868,S3-368351700,S2-239461752,S3-751645065,S2-483667019,S3-931203120,S3-950026531,S2-961102638,S2-510481286,S3-43668076,S2-95564727,S3-537859722,S3-311013216,S3-370396454,S3-417536849,S3-491969572,S2-469139563,S2-634718323,S2-642925237,S2-708982169,S2-402060516,S3-542144573,S2-977046460,S2-46857054,S3-385050346,S3-259311089,S2-926106047,S2-773103009,S2-125328598,S2-926787048,S2-392758694,S2-310409547,S2-879575458,S2-129437880,S2-298000837,S3-71738679,S3-655133524,S3-695691983,S3-733496628,S2-388167220,S2-962184693,S3-761079443,S3-452028963,S2-846301085,S3-708231041,S3-252112169,S3-223609546,S2-374649875,S3-71455143,S2-115262968,S2-675011301,S3-242015140,S2-610983952,S2-417355175,S2-646314551,S2-575365762,S3-146147364,S2-106902852,S2-148776363,S3-655556291,S3-608530905,S2-680323770,S2-926027524,S2-955100177,S2-135803592,S2-421144029,S2-375738254,S3-236477640,S3-805821993,S2-333368088,S2-689810952,S3-116644936
S1-3732976	S3-81141424,S3-387382155,S2-174754063,S2-906504493,S3-827284884,S2-616836723,S2-346365199,S3-610022411,S3-426683270,S2-11389574,S3-360065920,S2-453576576,S3-367322449,S2-903479853,S2-190847911,S2-347790872,S3-553336860,S3-892359141,S3-259444679,S2-968550224,S3-847369810,S2-690729368,S2-90420421,S2-995939397,S3-223453487,S3-354543754,S2-760880556,S3-458330211,S3-213764205,S2-446585847,S3-310991726,S3-19800812,S2-248800034,S3-547124459,S2-392280059,S2-395299404,S3-372379149,S3-425374598,S2-762842003,S3-941653964,S2-577186665,S2-136704480,S2-238580992,S2-965538871,S3-611352520,S2-107382124,S2-9416718,S2-998750643,S3-31944748,S3-356358051,S3-84526388,S3-695815523,S2-386701036,S2-997483577,S3-64434517,S3-163232882,S2-995695120,S2-910978799,S2-806945385,S2-184248265,S2-488021890,S2-446338747,S2-17185421,S3-667181525,S2-899451449,S2-905915808,S2-7194237,S2-389205277,S2-760619006,S2-958348175,S2-584732553,S2-560656589,S2-283917958,S3-507032452
S1-31205819	S2-117959388,S3-590167657,S3-579140349,S3-778931120,S3-405225997,S3-228360752,S2-93204758,S3-233767917,S3-816081479,S3-870636888,S2-991604604,S3-207385893,S2-863476565,S3-531178226,S3-423846422,S2-439786382,S2-675045842,S3-912624947,S2-376199111,S2-737645923,S3-284723560,S2-859754079,S2-133270735,S2-525781164,S2-857755271,S3-678948047,S3-834625441,S3-803213129,S2-951935276,S2-235976983,S2-888178841,S2-868242102,S2-532301142,S2-49975588,S3-780118815,S2-919679245,S2-485363261,S2-183050312,S2-26875061,S2-797531859,S2-878291922,S3-697332041,S2-854246316,S2-561199640,S3-964335832,S2-653875888,S3-279771478,S2-617029514,S3-450383858,S2-860617697,S3-988331658,S3-496662825,S2-914877951,S3-851527802,S3-61436435,S3-636354917,S2-616866403,S3-985816124,S3-100215203,S3-603622392,S3-58288284,S3-414811734,S2-512294509,S2-810116004,S3-980829049,S2-684609300,S2-913733095
S1-895771779	S2-966901727,S3-887537863,S2-622171608,S2-901230514,S3-647576333,S2-147122725,S3-754528164,S3-515481893,S2-740081940,S3-814626352,S3-64769032,S3-940365235,S2-562083919,S2-307296802,S2-825918035,S2-945071430,S2-5411904,S3-881599191,S3-927864436,S3-250958945,S3-72501666,S2-267843055,S3-589375402,S2-225621608,S3-790167062,S2-717467859,S3-396855931,S3-816457746,S2-864913262,S2-685992084,S2-752352327,S2-193419461,S2-564164004,S3-340081628,S2-775032170,S2-135791682,S3-327154322,S2-874184027,S2-750047966,S3-540151888,S3-145197643,S2-176055194,S3-209098840,S2-474658458,S3-97196170,S2-360945264,S3-60072497,S2-186441316,S3-257861663,S3-340746469,S2-358023617,S2-211639975,S2-406411579,S2-265859965,S2-775168980,S2-259456623,S2-869639987,S2-293044341,S2-278289975,S2-327203402,S2-472751798,S3-818320083,S3-204399147,S2-718424465,S3-568702892,S3-830581135,S2-322739052,S2-450166696,S2-173666773
S1-29354465	S3-639067473,S2-844042194,S3-642909293,S3-606183225,S3-950660541,S3-410477423,S2-347330149,S3-457645040,S3-768474733,S3-771746675,S2-150997100,S2-320337599,S3-49444340,S3-453250787,S3-587559493,S2-912255099,S2-766303465,S2-693683430,S2-719060955,S2-665051185,S3-394218633,S3-388869702,S3-369475701,S3-686073401,S3-288469259,S2-89587960,S2-132940030,S3-565908054,S3-396118474,S3-458595684,S3-222829358,S2-430018838,S2-196803072,S3-28736236,S3-593992175,S3-44707818,S3-694524525,S2-690011660,S3-469334552,S3-518253613,S2-803308093,S3-662758812,S2-300268528,S3-504816419,S2-262889485,S2-580021699,S2-973891945,S3-984936535,S2-72476189,S2-625899005,S2-305734048,S2-771703296,S2-745478213,S3-954453270,S2-841338302,S3-555286550,S3-391591340,S2-608824849,S2-368991907,S2-168824257,S2-563656612,S3-186669994,S3-239795702,S2-108545353,S2-960484771,S3-351205519,S2-486149949,S3-129768137,S3-339083479,S2-903434594,S2-81036993
S1-772189406	S2-891727301,S3-489684154,S3-869062204,S3-67302678,S3-403373452,S2-542396169,S2-502709642,S2-105162894,S2-319401266,S3-531224556,S2-227990415,S2-510703127,S2-938827282,S2-398794416,S2-294182458,S3-495222869,S3-420678365,S3-823679165,S3-513688090,S3-224532909,S2-262868813,S2-917977120,S3-734330318,S3-948547467,S3-498167339,S2-563753438,S3-359679072,S2-509289203,S3-844709529,S2-931791371,S2-565939815,S2-322739052,S2-924762654,S3-877371575,S2-811634045,S3-890664785,S3-147032860,S3-72942741,S2-954635741,S3-800470407,S2-151003142,S2-702957077,S3-710807700,S3-694708589,S2-790031364,S2-565594347,S2-345480695,S2-898121291,S3-571852860,S2-339007365,S2-523193316,S2-534615813,S2-585890462,S3-200673596,S3-4068352,S2-721031885,S2-141268529,S3-643279316,S2-204739433,S2-224682063,S3-630371743,S2-357356903,S2-281928717,S3-789408426,S2-649022246,S2-541576004,S2-515342067,S2-70300079,S3-765700837,S3-594783956,S3-821912797,S2-128671322,S2-472180567,S3-605196919,S3-123151759,S2-773724986,S2-518314314,S3-429608656,S3-954629630
S1-872627167	S2-283751499,S2-418577059,S2-357545160,S2-955852715,S3-133078056,S2-788758719,S3-789550760,S3-993128255,S3-877383295,S2-700851619,S3-93602045,S2-517058756,S2-23811586,S2-978968770,S2-873237963,S3-115719066,S3-498381445,S2-885086841,S2-9723901,S3-718966374,S2-598071417,S2-970240609,S3-445548013,S2-719252618,S2-67773294,S3-663062132,S2-772533853,S2-96029056,S2-214208615,S3-832009894,S3-219510143,S2-740242839,S3-29284590,S2-948590468,S2-543869668,S2-13917682,S3-620122596,S3-121756813,S2-117975134,S3-172519808,S2-780889998,S2-880342210,S2-110236539,S2-454388173,S2-684124998,S2-613361064,S2-241924179,S2-659107686,S3-105066137,S3-682729997,S3-119126070,S2-492786272,S3-838755658,S2-688398048,S2-917741583,S2-306369401,S3-740204735,S2-563441082,S3-942976164,S3-984791036,S2-260445319,S3-22246862,S2-765265626,S3-697249416,S2-501890286,S2-818726940,S2-917557484,S3-926419392,S2-215834055,S3-724656534,S3-929963564,S3-79743525,S2-866457670,S2-837936134,S2-155681006
S1-173906255	S2-972789196,S2-551793398,S2-28811750,S2-547867768,S2-232219224,S2-781080053,S3-773491045,S3-462756570,S2-808966741,S3-25162747,S2-48303740,S2-609428348,S3-330485394,S2-394378930,S3-588340303,S2-587484624,S3-796324235,S2-197925714,S3-547897454,S3-19572255,S2-863078243,S2-521276255,S2-989337101,S2-713198548,S2-181851707,S3-568178594,S2-570639737,S2-523450655,S2-564651803,S2-644186863,S2-11278378,S2-485776296,S2-12800595,S3-770545362,S2-452914600,S2-681897355,S2-597591142,S3-356542257,S2-561799341,S2-681845932,S3-248174871,S3-514740220,S2-929529885,S3-312494677,S2-236620399,S3-848602018,S3-348889861,S2-24959771,S3-759954372,S3-504873323,S2-549080397,S3-328359831,S3-287598478,S3-632710810,S2-487537890,S3-98911377,S2-933765346,S2-613343223,S3-20319518,S2-651285713,S3-717354708,S3-249312386,S3-739509240,S3-315442890,S2-464817760,S2-968395901,S2-150000368,S3-932759065,S3-562636745,S3-288750155,S3-916619466,S2-785442361,S2-808878334,S3-75465587,S2-185301992
S1-566012078	S2-715953003,S3-622112749,S2-79480873,S2-664651765,S3-304501038,S3-786824233,S2-503603114,S3-239570311,S2-797580479,S3-612742928,S2-201309843,S2-603130989,S2-495309275,S2-342886966,S2-202910951,S3-603878867,S2-99468652,S3-606881760,S3-836083070,S2-308520060,S3-748317550,S2-834942927,S2-372930762,S3-788583320,S3-381519721,S2-921624110,S3-996850130,S3-959071729,S2-258040459,S3-649597856,S2-983023423,S2-758964460,S2-959055819,S2-42524877,S2-656416643,S3-224231744,S2-826673436,S3-698819264,S2-916475560,S2-949447263,S3-719452923,S2-631410361,S2-22700931,S2-6505501,S3-881398220,S3-605628947,S2-460054572,S2-619852536,S2-911263572,S2-550265337,S2-550167953,S2-677076393,S2-409657574,S3-185388699,S2-636735401,S2-75608025,S3-782236821,S2-260747264,S2-525378949,S3-589089722,S2-456933896,S3-932336301,S2-802947478,S3-437033673,S2-702646757,S3-892467622,S2-980024410,S2-766212881,S3-359713624,S3-381819995,S2-739603930,S3-332361882,S2-58717425,S3-817609781,S3-452932246,S3-718083332,S3-747923502,S3-268916400,S2-922725407,S2-664754554
S1-610266870	S3-35026322,S2-208011725,S3-955504995,S2-163482996,S3-955483062,S2-225823147,S2-346033203,S3-858151935,S2-622064104,S2-956132872,S2-368758852,S3-405225997,S2-625307063,S2-989003508,S2-28360508,S3-868705845,S2-784152114,S3-123569381,S3-165689721,S2-469312440,S3-101316775,S2-734042937,S2-485081900,S2-202726942,S2-879099366,S2-823604928,S2-364613622,S2-780381839,S3-975027741,S2-288008768,S2-911831773,S2-533157941,S2-878310935,S2-845463620,S2-907961744,S3-812227171,S2-416317388,S3-959071729,S2-853540501,S3-908646887,S2-224839523,S3-786941757,S2-949098729,S2-260363015,S3-227506159,S2-237439909,S3-24375996,S3-871339238,S2-220583900,S2-368478519,S2-322921723,S2-881467996,S2-257615087,S3-269651064,S2-286613020,S2-660467546,S3-264271789,S2-493998976,S3-586438142,S3-213955752,S3-257445023,S2-173066056,S2-423837579,S3-508810627,S2-605676968,S3-646337742,S2-50449113,S2-790731840,S3-557859802,S2-109064076,S2-843374039,S3-972296342,S3-297757032,S3-702775694
S1-506810298	S3-840134675,S2-238126663,S3-591998251,S2-43925984,S2-73570671,S2-858615206,S3-513203364,S2-133416083,S2-75892775,S3-427302322,S2-613971680,S3-511395072,S3-23594242,S3-319271104,S3-627905815,S2-996679134,S3-386198982,S2-999360955,S3-960532968,S3-361585119,S2-279664505,S2-982225638,S2-116867653,S3-422952718,S2-364729065,S3-286750919,S2-730588551,S3-449419014,S3-557164684,S3-746115457,S3-839490044,S3-180997942,S2-87723562,S3-334322296,S3-928882590,S3-450491024,S2-870320431,S2-503222411,S3-377135919,S2-978981009,S3-631062638,S2-293776580,S3-842800123,S2-745254442,S3-166403917,S2-841748287,S2-985216261,S2-849890737,S2-309926538,S3-987267410,S2-758341862,S2-39301649,S2-108630610,S2-60220510,S2-842580585,S3-916524322,S2-915148371,S3-667311476,S3-468708763,S3-625822739,S2-186308575,S2-92753902,S3-538117808,S3-217828718,S2-61012145,S3-908311340,S2-430389530,S3-37633267,S2-784451498,S3-162997581,S3-852338985,S2-352383953,S3-772224634,S2-904046859,S2-773414526
S1-162806244	S2-86225920,S3-969748343,S2-591507632,S2-246662652,S3-602598975,S3-925094781,S2-835212533,S2-417229978,S2-15651080,S2-988728423,S2-412567471,S2-447892968,S2-371903722,S3-514298412,S3-626342566,S3-526428671,S2-892311016,S2-798982674,S2-218815033,S2-142353962,S2-507683651,S2-472239472,S3-821274601,S2-368783888,S2-635803796,S2-222555951,S3-168049593,S3-844731956,S3-428236051,S3-813703320,S2-115367365,S3-727378466,S2-6467307,S3-49539992,S2-62837207,S3-983831508,S3-478111472,S3-749077451,S2-298211808,S3-944621369,S2-575492329,S2-321036622,S2-43690890,S3-326219563,S3-368171587,S2-581059326,S2-799805645,S3-230826619,S2-986654795,S2-671027660,S3-631332539,S2-464887178,S3-890811129,S2-402804051,S2-526106012,S2-558505389,S3-709520333,S2-208249101,S2-349297789,S3-354361397,S2-50745648,S2-480508382,S2-294608335,S2-709244529,S2-343099715,S3-378580170,S3-532859382,S2-824842638,S3-234678620
S1-50643392	S2-404735559,S2-374447205,S3-168722082,S3-735045036,S3-620109961,S3-353938359,S3-817880694,S2-340882825,S2-733685514,S3-825227728,S3-990769953,S2-540216733,S2-453455590,S2-929958538,S2-505041076,S2-247398128,S3-960881552,S2-112823812,S2-636634036,S2-782319833,S2-346427565,S2-938351098,S2-456896539,S2-407323986,S2-944065437,S2-317848192,S2-389937087,S3-584105846,S2-985896476,S2-939333476,S2-892568500,S3-93762876,S2-318676811,S2-597243519,S2-285242180,S2-312805338,S3-367463819,S3-906411275,S2-6607727,S2-36203845,S2-719959586,S2-751367091,S2-467045797,S3-398320655,S3-182119283,S3-548978484,S2-653761634,S2-871490767,S2-272346655,S3-376697606,S3-752325158,S2-690877598,S2-699195172,S3-819911286,S3-185046156,S2-414496095,S3-175668869,S2-71971097,S3-310912353,S2-12041077,S2-500156401,S2-445745545,S3-594931293,S3-69507830,S2-665500858,S3-695440389,S3-40953461,S2-186134051,S3-342999845,S3-751161010,S2-601010648,S3-825243616
S1-395813861	S2-983756344,S2-914727583,S2-930060775,S2-248490959,S2-408707679,S2-969898742,S3-977142478,S2-714505855,S2-396779241,S2-723525921,S2-59655111,S3-729806324,S2-157551976,S2-886254424,S2-473097749,S2-605424055,S2-975336786,S2-370665662,S2-741728097,S2-398529564,S2-951139927,S2-309430111,S2-143563693,S2-101441526,S2-478183673,S2-323400357,S3-531178226,S2-562884138,S2-968910500,S2-42818488,S2-21967462,S2-881799150,S2-500894793,S2-790867386,S2-791402640,S2-762965090,S2-416300157,S2-596051142,S2-544679828,S2-115402940,S2-755706864,S2-474404665,S3-586075931,S3-350483164,S3-802473872,S3-38290198,S2-754467043,S3-54546407,S2-725595439,S2-602771038,S2-714477528,S2-139502679,S2-973391175,S3-762696584,S2-822825427,S3-469311834,S3-611746999,S3-137564473,S2-826673436,S3-437033673,S2-877717500,S3-379406248,S2-644867803,S2-548296657,S3-949419436,S2-477648435,S3-957137582,S2-865830039,S3-576224886,S2-730336353,S2-689574618,S3-388337455,S3-360403252,S2-850940783,S3-386109630,S2-93320035,S3-722298423,S3-297852533
S1-652331096	S2-246683352,S2-422696651,S3-150772515,S3-152279794,S3-396692216,S3-23349588,S3-871736197,S2-554886397,S2-575524639,S2-318276388,S2-689428234,S2-195372001,S3-844029023,S2-970808601,S3-142717788,S2-868771496,S3-802820736,S3-596591078,S2-45071914,S2-505328569,S2-997305612,S2-148077185,S3-889875675,S2-166325550,S2-591556489,S3-42246356,S3-774345900,S3-962039728,S2-550292034,S2-791856232,S2-894474103,S2-850381247,S2-210903973,S3-190700534,S3-475018654,S3-20497307,S2-716754790,S3-436637944,S2-746958256,S3-750093551,S2-192504329,S3-315993616,S3-438885417,S2-371312178,S3-743362386,S2-881692570,S2-379118065,S2-225828741,S2-231695215,S3-827570336,S2-439486038,S3-320909301,S3-718296290,S2-648793540,S2-805608010,S3-576758130,S3-768635621,S3-839662488,S3-673839814,S2-915821365,S3-250899575,S2-775244215,S3-798652385,S3-111598854,S2-560946215,S3-738095825,S2-365761987,S2-148237785,S3-833434318
S1-436985273	S3-483103015,S2-78769581,S2-747466359,S3-289098350,S3-288447604,S2-766563396,S3-411370024,S2-823182343,S2-630615309,S3-777094091,S2-203152717,S2-986527094,S3-138092810,S2-392954635,S2-677757521,S2-454547723,S3-415619569,S2-194307610,S2-936888993,S3-273939716,S2-408627514,S2-527989963,S2-122131934,S2-579558004,S2-28135445,S2-787718430,S3-748157614,S3-863365576,S3-856591610,S3-39767303,S2-340535469,S3-496161832,S2-139620173,S3-34110286,S2-414021428,S3-341361485,S2-20804195,S3-806702385,S2-123229271,S3-224532909,S2-135614157,S2-515272175,S3-716818938,S3-406413261,S2-212357032,S2-520395904,S2-636217528,S2-418551982,S2-352264850,S2-698270840,S2-979343718,S2-546603372,S3-631574387,S2-581003900,S3-548823075,S2-482144012,S3-208529646,S3-240583043,S3-358843000,S2-666198782,S3-701720765,S3-172891327,S3-505665006,S3-514455356,S2-553814270,S3-178585218,S3-742338332,S3-195112848
S1-336308856	S2-500665934,S2-48217088,S3-817294201,S3-155057772,S2-171368123,S3-73017836,S3-945987412,S2-922445381,S2-299816273,S2-161879512,S2-688142618,S2-32141312,S3-399814261,S2-762806580,S3-436439135,S2-600522493,S2-722727936,S3-926518260,S3-402523219,S3-972426757,S3-286888865,S2-772792384,S3-957653093,S3-994292654,S2-305192705,S3-102451715,S3-116952809,S2-809410495,S2-420253722,S2-761678742,S3-139301333,S2-928620819,S2-235983757,S2-307634941,S2-766536822,S2-926938822,S2-681568197,S2-247444628,S2-479597447,S2-212070794,S2-434786390,S2-257332011,S2-98527511,S2-26466375,S2-609895919,S2-903442324,S2-207462895,S2-441422968,S2-978715817,S3-273577168,S2-259983146,S2-790575557,S2-726819319,S2-149173342,S2-609292694,S2-714477528,S2-953044877,S2-949354148,S2-394554163,S2-75708841,S2-274167062,S2-943275758,S2-830055348,S2-75521386,S3-443952098,S2-767497735,S2-592241135,S2-725764342,S2-49826063,S2-560382482,S2-419461603,S2-982495206,S2-380994263,S2-891272346,S2-236206547,S3-35019664,S2-752790430,S3-549021536,S3-26919454,S2-816454850
S1-459696014	S2-993785410,S3-177686935,S2-485419143,S3-539651988,S2-536285966,S3-296588787,S2-768056427,S2-457094453,S3-897999922,S2-457232209,S2-917032712,S3-753160121,S3-629841988,S2-320337599,S2-243486155,S3-954088010,S2-336358047,S2-887589455,S2-484452861,S3-969740175,S3-229608727,S2-738028717,S3-694649203,S3-260437667,S2-590774517,S2-290663739,S2-554886397,S2-307946312,S2-761295141,S2-783938628,S3-20497307,S3-178548895,S2-870708030,S2-58116622,S2-262998583,S3-690587314,S2-821104670,S2-656749559,S3-114485343,S3-814950404,S3-807812617,S3-373061044,S3-471360794,S3-228378967,S2-496069716,S3-489913201,S2-363334966,S2-460058923,S3-581726295,S2-520065071,S2-716395915,S2-847358829,S3-26886703,S3-110217954,S3-876557562,S3-873025620,S3-30660442,S3-830347063,S2-471678819,S2-602353889,S2-228869624,S3-287240733,S3-946597761,S3-466997673,S3-433714177,S3-543348168,S3-482724406,S2-527671382,S3-812671275,S3-304501038,S2-847392050,S3-456099395,S2-109359308
S1-169008536	S2-391178953,S3-538230262,S2-559031311,S3-432970517,S3-821516081,S3-776723844,S2-589300359,S3-604690686,S3-932258720,S2-324630156,S3-522370920,S2-532094229,S2-739974545,S2-804627671,S2-562072434,S3-865042536,S2-434190410,S3-320911135,S3-349969154,S2-834060510,S2-351469447,S2-835441368,S3-565929063,S3-574063486,S3-827309047,S3-69103552,S3-26497400,S3-632448342,S3-377335510,S2-685454476,S2-312712559,S2-532002586,S3-278259456,S2-484700872,S2-432261970,S3-306170136,S2-694875222,S2-903948841,S3-987112910,S2-738000099,S2-784410139,S2-527671382,S2-32713472,S3-209819308,S2-382657775,S2-343101909,S3-657230379,S3-367227462,S3-698728561,S2-205025169,S3-517341537,S3-329969085,S2-111262131,S3-470321987,S3-742806745,S2-594118702,S2-953527882,S2-811409070,S2-382626419,S3-107524023,S2-952733824,S2-618606811,S3-596029979,S3-807812617,S3-831365098,S2-303809454,S2-908513168,S2-176116039,S3-543348168,S3-301207029,S2-141508445,S3-552656160,S2-978232132,S3-693687281,S3-347732574
S1-128347375	S2-277669170,S3-774345900,S3-805023613,S2-464459035,S3-317034158,S3-965711233,S3-32246920,S2-717197999,S3-94629308,S2-570061558,S3-606700664,S2-253176394,S3-113626040,S2-219133326,S3-676555674,S3-394403555,S2-801321829,S3-580698824,S2-45071914,S2-176453879,S3-750093551,S2-781289854,S3-844409163,S2-572247584,S3-967140195,S2-818768037,S2-812606997,S2-838002861,S2-537966434,S3-322668156,S3-88272662,S3-664745663,S2-473761277,S2-402066616,S3-584695621,S2-311192735,S3-719306754,S2-67201778,S2-314238662,S3-881588247,S3-69550546,S2-851508938,S3-337797724,S3-208140829,S3-726575561,S3-272868447,S3-690491070,S2-537019930,S3-377299769,S2-886359416,S3-686125164,S3-395609911,S3-135372133,S3-468820475,S2-681237584,S2-721244728,S3-689746930,S2-891050601,S3-972426757,S3-695060764,S3-251699343,S3-725383699,S2-964292853,S3-308682689,S2-38112384,S3-980565827,S2-884903766,S3-2896685,S3-415369754,S2-831726341,S3-798652385,S3-401962497
S1-493363382	S3-669318207,S2-402146164,S2-794456809,S2-871689803,S3-137411620,S2-714882908,S3-67645109,S2-444945373,S2-232490044,S3-372230683,S2-819445650,S3-633062643,S3-538945304,S3-91397216,S2-644567492,S3-337216879,S2-80163497,S3-184192359,S2-721768235,S2-654784858,S2-13498915,S2-683312986,S2-174686195,S2-222391309,S3-693350918,S2-801871438,S2-661030345,S2-894775887,S2-370110220,S2-495933722,S2-328784801,S3-842254184,S2-296655894,S3-666296716,S2-745161764,S2-482733663,S2-446249773,S3-535310864,S2-148782506,S2-941865394,S2-968260152,S3-634253671,S2-72084456,S2-25093041,S3-881042675,S3-440003242,S3-896089718,S2-20487623,S2-777785870,S3-902099333,S2-598658234,S3-300051627,S3-543632293,S2-416455535,S3-19880359,S3-732659435,S3-963595805,S3-666972706,S3-80839141,S3-990690389,S2-405740663,S3-840354646,S2-279990014,S2-466268879,S3-692891401,S2-509642447,S2-405107932,S3-773304300,S2-598804095,S2-838471862
S1-457935815	S2-710384587,S3-5018504,S2-857681318,S2-888767595,S2-401967653,S2-546333541,S3-751794169,S2-507582789,S2-590013366,S2-399449669,S2-38624546,S2-392005194,S3-761063534,S2-937918854,S2-501301629,S3-845553894,S2-94187179,S2-92439523,S2-868685123,S2-354543206,S2-824716514,S2-57529012,S3-938580978,S2-825343428,S3-569716891,S2-125926135,S2-37657162,S2-601618737,S2-316342125,S2-851263667,S3-270444627,S2-845806476,S3-646905176,S2-490477729,S2-948795621,S2-872042738,S2-871734816,S2-566729366,S2-591763223,S2-224682063,S3-788036466,S2-559829643,S3-725284850,S2-384868757,S2-791818020,S2-540155192,S3-668374774,S2-232105388,S2-449671151,S2-555319294,S2-151364780,S3-866342507,S2-841343287,S3-921879043,S2-759555260,S2-910198644,S3-73819135,S3-896736932,S2-800736881,S2-992974200,S2-694524049,S3-124625391,S3-385515685,S2-755387712,S3-332387082,S2-432120066,S2-710704766,S3-549267697,S2-371446491,S2-673071756
S1-924009686	S2-516353697,S2-143563693,S2-115402940,S2-833714278,S2-17452961,S3-884562966,S2-172032247,S2-101441526,S2-812894315,S3-79246282,S2-930272452,S2-266336463,S2-478183673,S2-299117454,S2-323400357,S2-774426640,S2-577486256,S2-377790326,S3-139605026,S2-947758414,S3-134362691,S2-881799150,S2-374932545,S2-914727583,S3-729806324,S2-600115417,S2-762626703,S2-562884138,S2-221379524,S2-60332086,S2-422398104,S2-634350541,S3-83872824,S3-214559991,S2-651708958,S2-559844539,S2-767323298,S2-383148775,S2-666690906,S3-454085095,S3-924461236,S2-958334110,S3-850241907,S2-168560796,S3-286810149,S3-199226150,S3-964918710,S2-333794564,S2-827345339,S2-776181293,S3-299980104,S3-602882718,S3-330272680,S3-474909842,S2-357561396,S3-764021117,S2-284414256,S2-59905749,S3-115721548,S2-418266021,S3-554886007,S3-768411184,S3-605354188,S2-456933896,S3-384894232,S3-797726592,S3-196948983,S2-895030236,S2-734808407,S2-232700760,S3-797831831,S2-476867235,S3-409998509,S2-507699297,S3-334304096,S3-360368706,S2-71002895,S3-448115548,S2-28779233,S3-174209629
S1-820394674	S2-636761914,S2-268505435,S2-658915534,S2-81124098,S3-600731496,S2-411003944,S2-439786382,S3-666385091,S2-91364703,S2-47299877,S2-658618054,S2-726164664,S2-857755271,S2-774524855,S2-133270735,S2-859754079,S2-494102478,S2-504551861,S3-851328942,S2-464183193,S3-500600375,S2-616111338,S2-49975588,S2-529727458,S3-332696588,S2-532301142,S2-353716542,S3-919708572,S2-42635997,S2-629189951,S2-810545760,S2-817399521,S2-55931060,S2-543043500,S2-894546932,S2-751140686,S2-897714693,S2-91347281,S2-528483872,S2-956912354,S3-882088036,S2-857376293,S2-843717112,S2-454388173,S2-126506454,S2-797200047,S3-311870926,S3-54909849,S2-724941950,S3-10622524,S2-961041825,S2-587009456,S2-724681924,S2-492404990,S3-395173635,S3-565528166,S2-191644625,S3-525026638,S3-288988102,S3-918995225,S2-254971955,S2-923241077,S2-365055172,S2-308104017,S2-790731840,S2-478064148,S2-816685438,S2-231732832,S2-516030727,S2-983411135,S2-18670662,S2-270586237
S1-116247627	S2-587775967,S2-126003092,S3-887859489,S2-74056746,S2-185623974,S2-617449437,S2-491719252,S3-306656842,S2-118016291,S2-92868774,S3-402137119,S2-125034015,S2-261063128,S2-477057587,S2-466605494,S2-177683074,S2-429059121,S2-1240778,S2-788608995,S2-729041067,S2-511106943,S3-358431629,S2-578991888,S2-933571447,S3-488609335,S2-906116446,S2-581496112,S2-990283831,S2-238664219,S2-7757866,S2-92390992,S3-566356177,S3-723782835,S2-285288251,S2-538936239,S3-600649213,S2-770124043,S3-785492822,S3-680631257,S2-658500057,S2-551679176,S3-891121855,S3-58160726,S2-151583137,S3-131522411,S3-909964183,S2-267479957,S2-486903583,S2-961409734,S2-16045559,S2-674450265,S3-264158824,S3-196809331,S2-627118966,S2-788563685,S2-388634027,S3-814014551,S2-914577103,S2-384266079,S3-22081794,S2-105259898,S3-977076993,S3-365530215,S3-936920543,S3-76660297,S2-268638596,S3-95385177,S3-257771188,S2-406401161
S1-409451774	S2-581436607,S2-440564786,S3-864464141,S2-131852930,S3-816583993,S2-373883495,S2-832455188,S2-275415486,S2-395860766,S2-42670115,S2-604844140,S3-271489973,S2-344134236,S2-830304722,S3-740241379,S2-77859449,S3-901066827,S3-984327804,S3-832528462,S3-531909500,S2-890405562,S2-625184740,S3-441614742,S3-660656403,S2-732471338,S2-934089207,S2-842463067,S2-831827996,S2-785641119,S2-161585520,S2-741487604,S3-66358239,S3-975113635,S2-428836227,S3-231467124,S2-13914941,S3-688824274,S3-507094109,S3-38153713,S2-557930788,S2-272339075,S2-553623072,S2-973891945,S3-315602529,S2-844104560,S3-783758345,S2-701276346,S3-407207733,S2-217550274,S3-958769977,S2-505295642,S3-112200097,S3-26854894,S2-779072102,S2-272784922,S3-169136837,S3-907755731,S2-232794847,S2-682937646,S3-386624368,S3-806636697,S2-991448341,S3-813973721,S2-492029372,S2-870693052,S2-296698922,S3-164697297,S2-614640857,S3-682512608,S2-603057102,S3-115300459,S3-897417688
S1-270844042	S2-16302762,S2-409366097,S3-777608726,S3-999365314,S3-830999183,S2-984979033,S2-150882117,S2-635838963,S2-458431959,S2-385213729,S2-716367683,S2-772408156,S2-195731736,S2-205614877,S2-167418130,S2-366006471,S2-279114810,S2-633288928,S2-557987308,S2-890517792,S2-956494648,S2-248909201,S2-448656033,S2-187492752,S2-730425726,S2-212163852,S3-495828372,S3-695405534,S2-173931314,S2-421540927,S3-954165999,S2-941546750,S2-240381807,S2-873639937,S3-569215219,S2-396234144,S2-924410331,S2-278327301,S2-690932918,S2-939925439,S2-29504815,S2-743305304,S2-734607199,S3-986769906,S2-237439909,S2-672268843,S3-300549005,S2-774775378,S2-112375608,S2-313713818,S2-647493914,S2-409546504,S2-118267125,S2-979085903,S2-632024035,S3-553058480,S3-568899518,S3-353822798,S2-76454474,S3-324179492,S2-242741002,S2-759342715,S3-990180716,S2-545312495,S2-291084280,S2-954814329,S2-717577484,S2-178021199,S2-952973497,S2-357271961,S2-251752267,S3-397636012,S2-991014361,S3-685843783,S2-266049755,S3-511573342,S2-629475386
S1-165891282	S3-305514458,S2-703829945,S3-586556261,S2-589876101,S3-635391646,S2-195899758,S3-200836272,S2-156918549,S3-144488276,S2-984543883,S2-152104014,S2-791158959,S2-715463042,S3-145100152,S2-165028766,S2-660619106,S2-11441077,S2-965838355,S2-659290107,S3-187623410,S2-973112453,S3-656465527,S2-12179775,S2-190642185,S3-91141912,S3-699088038,S3-2896685,S2-898476343,S3-229107813,S2-580221145,S2-934580204,S2-996144882,S2-125586840,S2-874421537,S3-859456949,S2-348005509,S3-871664085,S3-403615825,S2-474032945,S3-919032722,S3-600722800,S3-137488563,S3-885821457,S2-504133743,S2-11360197,S2-570061558,S3-545041651,S3-376392291,S2-532522606,S2-496382829,S2-11147720,S3-939716987,S2-585899192,S2-146672257,S2-628762262,S2-222540081,S3-313087752,S3-710072617,S3-695659041,S2-681237584,S2-537779165,S3-677121608,S3-151264068,S3-690491070,S3-723000008,S3-454228701,S2-117570060,S2-98262128,S2-282487839,S2-283541803,S3-949231398,S2-497985428,S3-213919916,S2-649938200,S2-855143599,S2-924122782,S3-430744453,S2-451469668,S3-655184951,S3-775792216
S1-49032225	S2-192473864,S2-42223728,S3-361889244,S3-482724406,S3-873025620,S3-809690441,S3-466997673,S2-120461372,S3-743382779,S3-735170233,S2-565674566,S3-946597761,S2-317467842,S3-30660442,S2-708805617,S3-783135164,S3-400020081,S2-183994815,S2-591556489,S3-42482042,S3-332287523,S3-329269099,S3-672256872,S3-314626651,S2-145851590,S2-485438325,S3-203087862,S2-548693552,S2-540841303,S2-504869514,S3-376054066,S2-901390398,S2-304097014,S2-243486155,S2-486836244,S2-174618060,S3-694085057,S2-360116952,S3-225874382,S3-616580840,S2-659300097,S3-614945078,S3-234931047,S3-343422089,S2-92862033,S3-31437369,S3-433714177,S3-958847284,S2-932255610,S2-640420911,S3-303097198,S3-228378967,S2-322753932,S3-581726295,S3-413558813,S2-367313856,S2-993785410,S2-976018064,S2-663191944,S2-625365305,S2-405144389,S3-739552101,S3-606543976,S3-716739385,S2-141508445,S2-730425726,S2-717197999,S3-324648385
S1-581797355	S2-947758414,S2-600115417,S2-774426640,S2-383148775,S2-377790326,S3-884562966,S2-221379524,S2-562884138,S2-422398104,S2-603978285,S3-848296911,S3-740193994,S2-686218274,S3-83872824,S3-850428491,S2-293444864,S3-307761309,S2-666690906,S2-523716994,S3-630184262,S3-224530253,S3-46734980,S2-222379153,S2-539019770,S3-729806324,S2-400958216,S3-636358389,S2-299117454,S2-682742281,S2-685264609,S2-759794091,S2-503733198,S2-677500142,S2-478183673,S2-32832017,S2-345516678,S3-751976451,S2-104423054,S2-959549116,S3-70411416,S3-401625318,S3-742577705,S2-863086267,S3-956828939,S2-648528769,S2-265557209,S2-370549501,S2-21967462,S2-76454474,S3-361472657,S2-626066575,S2-543869668,S3-470345954,S3-282448300,S3-298897411,S3-188589123,S3-68458126,S3-539569476,S3-605354188,S3-427627099,S3-59080541,S3-72971323,S2-980290221,S3-467761538,S3-252290686,S3-511651734,S2-761295141,S3-767670808,S3-659841617,S3-753405045,S3-785016936,S3-712540294,S3-785620101,S3-922525920,S2-886111971
S1-979042353	S3-357595251,S3-210970456,S3-696703269,S2-211478570,S3-224997395,S2-14478748,S2-208614397,S3-709470866,S2-160530551,S2-84830309,S2-962108340,S2-227165445,S2-1987676,S2-82620147,S2-656668371,S2-76520392,S2-147361137,S3-492271759,S2-419248552,S2-345943087,S2-842179113,S2-807177950,S2-99318091,S2-155487435,S2-60458825,S2-493703998,S2-520613513,S3-797995460,S3-764949655,S2-768125352,S2-811215096,S3-133078056,S2-748875161,S2-598610883,S2-222333762,S2-70394068,S2-526958838,S2-332937136,S2-497272055,S2-645138790,S2-402644725,S3-673933785,S3-371983994,S3-931900384,S3-462558214,S3-205063248,S3-133059026,S2-725595439,S3-105066137,S3-905080530,S3-561307572,S3-490746450,S2-745309986,S2-970086856,S3-881433812,S2-103857129,S3-304333185,S2-153091960,S2-461897684,S3-429402153,S2-735623776,S3-674769471,S3-673117219,S3-820323292,S3-421603869,S2-740802374,S2-621352290,S2-613361064,S3-38290198,S2-267253559,S2-307228825,S3-490849079,S3-759510838,S2-704269513
S1-284710338	S2-531346412,S2-637815811,S3-244359975,S2-363897400,S3-573532210,S3-320995973,S3-835143504,S2-666590066,S3-90253582,S2-298914373,S3-649717239,S2-774705407,S3-819390670,S3-649047680,S3-262954767,S2-174298792,S3-932808408,S2-283541803,S3-360664758,S3-606153222,S2-434711089,S2-468780590,S2-431590321,S3-6820574,S3-762867409,S3-597779932,S3-659623727,S2-470289124,S3-655606488,S2-35554040,S2-761328568,S3-563271608,S3-716369152,S3-983216661,S2-122650575,S2-525629316,S2-711727482,S3-92977541,S3-201773035,S3-418835231,S3-498539299,S3-804726298,S2-414527293,S2-203335440,S2-178672614,S2-99859010,S2-438736699,S3-775810627,S2-303740801,S2-927043946,S2-391953904,S3-858141834,S2-412868708,S2-549893548,S2-27579102,S2-321576625,S2-542834977,S2-501555124,S2-534493189,S2-919534032,S3-810348250,S3-431293249,S2-91150593,S2-164974600,S2-645274799,S3-110594046,S2-799458655,S2-152480745,S2-436840512,S2-683588684,S2-293480093
S1-812886866	S2-928620819,S2-196204984,S2-762899428,S2-249997299,S2-420253722,S2-527397027,S2-766536822,S2-965389616,S2-290655819,S2-878928576,S2-321436655,S2-826003982,S2-681568197,S2-836403527,S3-613085634,S2-711262370,S2-736697077,S2-714477528,S2-858132046,S2-364774015,S2-164682702,S2-569185594,S2-203449639,S2-141275455,S2-679487636,S2-811915007,S2-30466066,S2-212070794,S2-931900562,S2-53346181,S2-389686317,S2-498071695,S2-881499672,S2-744720770,S2-823195976,S2-235983757,S2-162592593,S2-645525,S2-252828645,S2-633816997,S3-568534384,S3-109319319,S2-223493773,S3-314980890,S3-734848611,S3-870213820,S3-699826175,S2-88047717,S2-207462895,S3-950566179,S2-149173342,S2-592241135,S2-70520887,S2-26466375,S3-333584521,S2-229031559,S2-7418163,S2-81197893,S2-886111971,S2-248916016,S2-119907794,S2-978286724,S2-98527511,S2-576828016,S2-455750535,S2-367235333,S2-891272346,S3-62710162,S2-746689392,S2-903442324,S2-946589159,S2-419461603,S3-422009012,S3-308183815,S3-447961633,S2-188765834,S3-524098491
S1-677741106	S3-268825297,S2-82878313,S3-215950933,S2-562773437,S3-703170809,S3-550141531,S2-545312495,S2-188064396,S2-422935277,S2-910189190,S3-569890025,S2-123378737,S3-130468661,S2-631161368,S3-299388656,S3-748899713,S2-932232583,S2-633787966,S2-494430593,S3-925995212,S2-260934906,S3-399655702,S2-303496949,S3-214482927,S3-245618183,S2-74191700,S3-829545153,S2-366168843,S2-573187884,S2-224839523,S2-771594217,S2-501915184,S3-439873515,S2-439954450,S3-351636801,S3-315399254,S3-427889315,S2-901144033,S3-865530051,S2-476038846,S2-859725922,S2-596297957,S2-319638360,S2-148369232,S2-488826892,S2-282113441,S3-681338405,S3-325664958,S2-361695927,S2-173749055,S2-764648578,S3-114288090,S3-38243133,S3-595785639,S2-793005746,S2-432279643,S3-20374768,S2-166524494,S3-511346408,S3-723832785,S2-874849245,S3-228964993,S3-903084204,S3-524365192,S2-403004422,S2-952618609,S2-170413686,S2-800282089,S2-430094930,S2-526712678,S2-213954870,S3-516186948,S3-50429107,S3-320449729,S2-293670539
S1-263481527	S2-201004102,S3-897563080,S2-880101195,S2-171368123,S3-411023211,S3-240735488,S2-372625515,S2-764879575,S3-891667681,S2-615081941,S3-945987412,S3-436439135,S3-817294201,S2-62467067,S2-449651472,S2-656749559,S2-239334407,S2-542662534,S2-914661709,S2-578240906,S2-675722323,S3-909973798,S3-626062357,S2-110172126,S2-55458403,S2-930867842,S2-216419718,S2-654263813,S2-415276023,S3-785016936,S2-303726261,S2-161879512,S2-709748280,S2-351953646,S2-821104670,S2-59874644,S3-872868836,S3-30997744,S3-399814261,S2-915229145,S2-737683516,S3-167658441,S2-930194769,S2-179368974,S2-929298720,S2-326242149,S2-996541051,S2-683695538,S2-955922218,S2-655067434,S2-308181020,S2-137176332,S2-995454342,S3-774636435,S2-724033893,S3-700985152,S2-116519014,S3-736023010,S2-841192531,S2-606924664,S2-367720673,S2-353446210,S2-119514793,S2-1209589,S2-369554588,S2-314265909,S3-317144352,S2-298448326,S3-158072516,S3-707346710,S2-273542250,S3-289922817,S3-119662318,S2-130999021,S2-648693620,S2-995872434,S2-736752960
S1-447103941	S2-376583999,S2-686851024,S2-855938309,S3-517086353,S2-897714693,S2-439786382,S2-857755271,S2-133270735,S2-809054787,S2-859754079,S3-536796089,S2-49975588,S2-868242102,S2-454847618,S3-545285539,S2-433699752,S3-152378152,S2-638684729,S2-616111338,S2-527259037,S3-818011726,S3-715438783,S3-647472046,S2-741354047,S2-70520887,S2-986178595,S2-899616853,S2-523476248,S2-629189951,S2-43051021,S3-18489640,S3-795148651,S2-26787543,S2-218886187,S2-774524855,S3-989168386,S2-783576806,S2-956912354,S2-464183193,S3-374829674,S2-454388173,S2-393808325,S3-954902758,S2-365055172,S2-801987827,S3-101300498,S2-243821617,S2-164454360,S2-341127446,S3-918995225,S2-329444574,S3-872361160,S2-829108318,S2-18394219,S2-270586237,S3-768801455,S3-996344923,S2-837936134,S2-254971955,S2-313572774,S2-360645668,S2-734549255,S2-414039111,S3-528376909,S2-548576043,S2-522998954,S3-147564135,S3-869830532,S3-891626766,S2-342633714,S2-440098738,S2-193067136
S1-177375169	S3-308585935,S2-520305698,S2-351927064,S2-287395177,S2-272151360,S2-517482096,S2-388841946,S2-71741209,S2-20818044,S3-541779869,S2-997592409,S2-608758567,S3-462653702,S3-602904272,S3-999737106,S3-668001980,S2-148289960,S2-539294394,S2-744487802,S2-646516046,S3-153655262,S2-314168610,S3-503843112,S2-390592581,S2-129727771,S3-105506284,S3-552397946,S2-311119767,S3-972301026,S2-420605151,S2-394942686,S2-813442702,S3-259915601,S2-220405948,S3-712631452,S2-542719473,S3-584191562,S3-352624771,S2-704805304,S2-544926811,S2-530510716,S2-706073931,S3-349595821,S3-625822739,S3-247106369,S3-522006282,S2-606264573,S3-865101395,S2-353286604,S3-480828286,S3-677100540,S2-583917987,S3-957158278,S3-704642188,S3-21680574,S3-330462931,S3-71422225,S3-719407445,S2-122376374,S2-726897952,S3-117281835,S3-937860080,S2-443710695,S3-540198925,S3-41842064,S2-677563863,S3-47307644,S3-602046849,S3-879571762,S3-401339306,S3-248959357,S3-363647890,S3-891837073
S1-706514314	S3-913291659,S2-856253080,S2-243763396,S2-261272734,S3-307554574,S2-549934801,S2-16079282,S3-678595353,S3-723782835,S2-952752344,S3-299347447,S3-522155890,S2-833900025,S3-976237098,S2-662221399,S2-802999298,S2-412075301,S2-472151404,S2-303388367,S2-543089437,S2-633584145,S2-766825000,S3-968154575,S3-126702578,S2-838758736,S2-736010823,S2-224250724,S2-256286125,S2-234084042,S2-257625334,S3-893781323,S2-894602534,S3-428428073,S2-557486904,S3-835400406,S2-106408832,S3-237370255,S2-287872643,S2-869345973,S3-694172187,S2-805208287,S3-771603046,S3-974794121,S2-642164498,S3-623142079,S3-466838253,S3-688354842,S2-636622103,S2-344995401,S2-220336526,S3-932368994,S2-316438347,S2-686713583,S2-580257416,S2-44005477,S3-255908167,S3-376333294,S2-875425202,S3-387430038,S2-232484718,S2-365549667,S3-81722250,S2-352921816,S3-690962479,S2-149660336,S2-315504147,S2-310772102,S3-78951103,S2-818755974,S2-953301568,S3-46274190
S1-352234501	S3-303592906,S3-4086513,S3-873905347,S2-326297637,S3-14834162,S3-636690699,S3-577472264,S3-410945410,S2-59175936,S3-236919991,S2-806945385,S2-172206969,S2-355412571,S2-474914898,S3-856556234,S3-806666926,S2-251858541,S2-334928044,S2-274546833,S3-225764876,S2-968587102,S2-46428650,S2-532409011,S2-440791908,S2-822974581,S3-285665661,S2-429314580,S3-52236204,S2-785378860,S2-239430387,S2-68899217,S2-223078161,S3-520910121,S3-499227267,S3-699409335,S3-401738917,S3-272911996,S3-373634286,S3-595866001,S3-987704104,S3-290134258,S3-837325352,S3-445045809,S3-549018964,S3-328937205,S2-225291787,S3-259110962,S2-156750656,S3-740204735,S3-75072595,S2-668938769,S3-427259835,S2-530812298,S2-53716714,S3-353075225,S2-291292908,S2-864105147,S3-544609737,S3-121597783,S3-105911732,S3-547031989,S2-126113089,S2-720590793,S2-606244528,S2-302747131,S2-783772900,S2-8891804,S2-753699763,S3-567634356,S3-488914643,S3-780162084,S2-802296395,S2-389205277,S2-60183079,S2-454432519,S3-180748344
S1-225119054	S2-190697777,S2-845183243,S2-473531552,S2-980994048,S2-363154872,S2-267161434,S3-252709942,S3-841857117,S3-889635438,S2-606551216,S2-213785348,S3-705642064,S3-376050279,S2-485668522,S3-573282180,S2-21729431,S2-674991742,S3-490149153,S2-472979809,S3-653912039,S2-312235243,S3-241301728,S3-310028766,S3-810471961,S2-480667736,S3-2161334,S2-703992488,S2-783129366,S2-558366994,S2-974438099,S3-529631199,S3-283611851,S3-464350091,S3-285250811,S2-933560931,S2-602684448,S3-162404906,S2-31803204,S3-329500514,S2-633921347,S2-545579232,S3-63658899,S2-428779057,S3-10180366,S2-965852283,S2-538025285,S2-388376138,S3-84788014,S2-732629996,S2-247788920,S3-932066242,S2-66313250,S2-22846917,S2-641754750,S3-762971855,S2-290775709,S2-789812878,S3-354949581,S2-611265714,S3-534864429,S2-206358295,S2-777785870,S2-429661233,S3-563641161,S3-292723286,S2-295974140,S3-895114093,S3-246353690,S2-979001750
S1-543144015	S3-691960858,S3-427226005,S3-233166833,S2-81845902,S3-146405003,S2-31730446,S2-76483638,S2-270157146,S3-200900814,S2-164651728,S2-891050601,S2-45071914,S2-505328569,S2-150997100,S2-829574058,S3-230787418,S3-962039728,S3-179822932,S3-774345900,S2-348663296,S2-81688134,S2-633941400,S2-560523657,S3-930569353,S2-507089204,S3-805783007,S3-750093551,S2-925333233,S2-511945588,S3-260972330,S3-356328247,S3-692608953,S3-861873184,S2-575329360,S2-219201040,S2-772959226,S2-501809454,S2-644703503,S2-420044895,S3-640712286,S2-851238110,S3-736044151,S2-907018183,S2-893932123,S2-192926861,S2-154545267,S3-206243548,S3-751969594,S3-352487898,S3-312660810,S3-544968865,S3-46956620,S3-798235758,S2-515012790,S3-635424318,S2-837975034,S3-799280347,S2-431480388,S3-454380886,S2-138817460,S3-594795887,S3-244718006,S3-208242759,S3-495382572,S2-222791096,S2-982675930,S2-615399596,S3-87907581,S2-237466484,S2-523030647,S3-435412028,S3-611052174,S2-362993903
S1-233584777	S2-599715515,S3-246635042,S3-673683027,S2-338944114,S2-427850625,S2-102690272,S2-896025917,S3-484223699,S2-802305132,S2-202281509,S3-66665520,S3-376084038,S3-709352076,S2-427919055,S3-101844820,S2-414468643,S2-979303211,S2-493814149,S3-923546189,S3-697782976,S2-155417340,S3-559872794,S3-656067284,S3-126841003,S2-911753282,S3-567343571,S3-905501045,S2-553532706,S3-880204670,S3-552566082,S3-219057843,S2-140849700,S3-790232361,S2-172564404,S3-445190168,S2-749108112,S3-723003809,S3-415149508,S3-15746214,S3-300010228,S2-678655005,S3-251183234,S2-761924464,S3-571545426,S3-249573850,S3-367017196,S2-868523803,S2-616710464,S2-426945415,S2-416069434,S3-943406134,S2-375523323,S3-3766008,S2-243763396,S2-751588111,S2-937889258,S2-650028730,S2-623891806,S2-990031995,S2-794115780,S2-413136874,S2-402360628,S2-799428450,S3-368171587,S3-618492389,S3-615017821,S2-248446021,S2-625682061,S2-901348064,S2-8841494,S2-379300554,S3-463613387,S3-305241188
S1-192327811	S3-851537171,S3-932300843,S3-59971944,S2-192504329,S2-284288219,S3-856286485,S2-40380728,S2-302838627,S3-61553434,S3-842014556,S3-597389059,S2-851238110,S2-757248538,S3-649688319,S2-473761277,S2-812711831,S3-219641637,S3-436637944,S3-289849242,S3-453070247,S3-941318147,S2-238243520,S3-805783007,S3-142933131,S2-855633517,S3-155572388,S3-490973637,S2-15148623,S2-311749563,S2-715463042,S2-877745187,S2-633941400,S3-422959828,S2-857720786,S3-241142710,S3-12345934,S3-519753756,S3-259989502,S3-811301901,S3-200900814,S3-685903377,S3-257351577,S2-239141807,S3-867623495,S3-454110391,S3-165242186,S3-114530014,S3-782115782,S3-479950479,S2-381795636,S3-61661813,S2-176077370,S2-590714216,S3-955848974,S3-303873071,S3-936344337,S3-456839344,S3-317034158,S2-91364703,S3-452455811,S2-88861379,S2-756214100,S3-643134776,S3-948614255,S2-20312957,S3-443999243,S3-965000606,S2-505785090,S2-552349499,S2-118399662,S2-887857848,S2-402644725,S2-484070148
S1-993357110	S2-269597022,S2-296450976,S2-596751909,S3-717691342,S2-295899622,S2-421212685,S3-624930441,S3-734089249,S2-32430961,S3-941116868,S2-842463067,S2-94390509,S2-849565658,S2-963300188,S3-295499896,S3-986738936,S3-392626140,S2-185405451,S2-272847385,S2-127104248,S3-961910400,S2-962522174,S2-962122790,S3-285481975,S3-408234284,S2-543392827,S3-12132740,S2-848059971,S2-346007438,S2-611018520,S2-466090775,S2-843069859,S2-71207926,S3-852054600,S2-578307345,S3-114350819,S2-947680951,S2-777589068,S2-329887086,S3-769019341,S2-809576294,S3-559280376,S3-125784951,S2-224441159,S3-232385827,S2-858554963,S3-716889162,S2-890109648,S2-854746558,S2-799118310,S2-510733651,S2-972392656,S2-728541442,S2-165809100,S2-438343829,S2-941941814,S3-141253397,S3-60366007,S2-2485818,S3-168148806,S2-85976459,S3-269888656,S3-164575948
S1-440023753	S3-283611851,S2-414862682,S3-400577047,S3-331345164,S3-513599163,S3-418483324,S3-357152669,S2-853167346,S2-438422856,S3-925200639,S2-355067268,S2-385483565,S3-213034506,S2-309561640,S2-128429263,S3-473301253,S3-57320542,S2-28368771,S2-667102123,S3-409243417,S3-729426273,S2-860405878,S3-330590816,S2-400248854,S2-869229747,S2-531391738,S3-163465081,S2-869675911,S2-829573267,S3-501722258,S3-112802170,S3-248299783,S3-478166451,S2-956642324,S2-608564076,S2-744866798,S2-611908775,S2-802868502,S2-996164548,S3-868560435,S2-893553755,S2-200838295,S3-848734170,S2-595630636,S2-587842886,S3-881042675,S3-886782830,S2-471215013,S2-509938121,S2-805688233,S3-825434233,S2-724144734,S2-575594119,S2-964251531,S3-301713507,S3-742346437,S3-29631894,S2-61330089,S2-949444927,S3-200673596,S3-400389215,S3-158650066,S2-564863846,S2-273319486,S3-183688700,S2-726297804,S2-306080341,S2-87479797,S3-490104025,S2-53256099,S2-32416154,S3-912059056,S3-355011517,S2-851344341,S3-806984784
S1-854319024	S2-84813397,S2-31289364,S3-695300062,S2-759165275,S3-874250123,S2-170578238,S2-532558132,S2-246014557,S3-36991865,S2-192291895,S2-144785112,S2-650216158,S2-750981131,S2-39187746,S2-407432115,S2-26704885,S2-938633265,S3-713868916,S3-610194635,S3-733335439,S2-573925381,S2-992996841,S2-685583583,S2-632333413,S3-300031604,S3-527444284,S3-494545753,S3-65045126,S2-794048762,S2-937454805,S3-218693874,S2-430153476,S2-674212082,S3-105484700,S2-541935990,S2-18124353,S3-87534056,S3-561025833,S2-629323995,S2-991791475,S2-461792832,S2-92513439,S3-832464430,S3-337836605,S3-845137072,S2-298971264,S2-702566686,S2-790623025,S3-588728859,S2-992300702,S3-695535384,S2-209094926,S3-729267832,S2-107382124,S2-805160212,S2-203163707,S2-862770324,S3-450339057,S2-562497096,S3-783891832,S3-585213601,S2-219665952,S3-328758263,S2-915897665,S2-968677134,S3-894729772,S2-282908996,S3-214948609,S2-469218224,S3-20022339,S3-986269471,S3-594152583,S2-32646815,S2-27112598
S1-86094936	S2-156838453,S3-865013825,S3-591233439,S3-403876847,S2-490736028,S2-532020500,S2-57473027,S2-278140976,S2-503975894,S3-249882202,S2-362329289,S2-248809787,S2-385870280,S2-658524207,S2-691313983,S3-565217063,S2-160236956,S2-678886438,S3-480726259,S2-252989755,S2-598628332,S2-592980106,S2-909512087,S2-221773264,S2-382657775,S2-491028094,S2-425817949,S2-969077372,S3-321163554,S2-201089624,S3-699273759,S2-308520060,S3-794191691,S3-712540294,S2-558832922,S2-825048032,S3-782236821,S2-915202445,S3-999105014,S2-411500333,S3-803176614,S2-711906490,S2-788371257,S3-216815698,S3-523665327,S3-416414284,S3-938461085,S3-286045676,S2-141508445,S3-797967887,S3-406174233,S3-65093079,S3-415579908,S3-671742077,S3-509986026,S3-245819797,S3-218890903,S3-554376645,S3-32246920,S3-645964997,S3-301207029,S2-876540783,S2-6505501,S2-300422214,S3-657230379,S2-868242102,S2-738229447,S2-904009571,S3-832894036,S3-863679069,S3-595429613,S2-146498176,S3-793423440
S1-981904067	S3-123348039,S3-997856616,S2-255620073,S3-359337613,S2-485281834,S2-351945894,S2-250884303,S2-909187197,S2-640460274,S2-416677929,S3-52199531,S2-868685123,S3-565488625,S2-563739467,S3-326055755,S2-275161114,S3-364778628,S2-355924537,S2-732609411,S3-151424165,S3-999433749,S2-548762514,S2-140890220,S2-7897890,S3-595366008,S3-276168870,S3-409382018,S3-375475880,S2-177633442,S3-234911384,S2-697920508,S2-162252776,S3-240934835,S2-226252133,S2-512780415,S2-102907056,S3-793253249,S2-397055414,S2-835052671,S2-708254943,S3-949911197,S2-258962214,S3-184420765,S2-662128178,S3-778194057,S2-898307255,S3-290226547,S3-16908904,S2-60755622,S2-688698968,S2-443267137,S2-237000605,S3-134586856,S2-755975615,S3-86025613,S2-937036110,S2-624778412,S2-568285125,S2-567514562,S2-617438911,S2-595928109,S2-95303723,S3-168900346,S2-298832449,S3-784363146,S2-526655953,S2-608141393,S2-434742723,S2-625247661,S3-932066242,S2-802479530,S3-940525809,S2-58327893,S2-754474253,S2-169316016,S2-709487439,S3-670759545,S2-434802460
S1-832211747	S2-537680616,S2-689095179,S2-184793162,S2-600747616,S3-212929497,S3-636247403,S2-176609173,S3-524551978,S2-104215369,S3-251249515,S2-432783537,S2-584891688,S2-625476860,S3-10622524,S3-845432699,S2-483962347,S3-946815458,S2-914534397,S2-220633560,S3-273880423,S2-271205523,S3-562221842,S2-851429652,S3-294496488,S2-56293071,S3-644635838,S2-231564735,S3-882088036,S2-508309561,S2-149947181,S2-661621253,S2-578987912,S2-67822741,S2-101821004,S3-461968451,S2-237375796,S3-215358241,S3-288988102,S2-837187320,S2-460552614,S2-835675172,S3-852338985,S3-28040940,S3-968483077,S3-295659218,S2-578129330,S3-171901473,S3-181345088,S3-282353789,S3-845196134,S3-175476604,S2-366268069,S3-316363684,S3-745764632,S2-425167314,S2-920683648,S3-378005143,S3-791247921,S3-117281835,S2-665068467,S3-503341882,S2-907727358,S2-949444927,S2-926027524,S3-652396445,S3-443417048,S2-360406295,S3-561059469,S3-949017933,S2-134760285,S2-968260152,S2-473085521,S2-560739891,S3-788060316,S2-627360379
S1-488506845	S2-166356230,S3-758370893,S2-976576895,S3-347554538,S2-871018688,S2-350377103,S3-12197219,S3-600536079,S2-618133395,S2-495069747,S2-883730836,S2-857878742,S2-436040141,S2-75408449,S2-461504158,S2-71337268,S3-715356603,S3-416337568,S2-137370606,S3-218226022,S3-971464911,S3-391583959,S2-127778636,S2-460184311,S3-49288857,S3-130838560,S2-90236995,S3-29283137,S2-265990559,S3-738412341,S3-809609194,S2-559615363,S3-962910623,S2-396980286,S3-270357238,S2-504742145,S3-870742686,S2-127085916,S2-802260310,S3-764149863,S3-496756565,S3-528108216,S2-887975460,S3-577657399,S3-377389267,S2-578500844,S2-159384234,S2-463560254,S3-1069046,S3-910295763,S2-617563018,S2-318160184,S3-484599000,S2-732687962,S3-879587838,S2-465428947,S3-324379056,S2-554718953,S3-5412001,S2-91796673,S3-233499385,S3-575089472,S2-17780807,S2-450537004,S3-946006160,S2-258257861,S2-655432234,S2-567599383,S3-8289550
S1-654697159	S3-716369152,S3-172571792,S3-91018323,S3-394068109,S3-222621328,S2-108388778,S3-16050919,S3-649047680,S3-532702862,S3-642605818,S3-262954767,S3-6820574,S2-174298792,S3-649717239,S2-298914373,S3-563271608,S3-597779932,S3-506726696,S2-470289124,S3-359767585,S3-932808408,S3-750038513,S3-411152481,S2-283541803,S3-704059757,S2-666590066,S2-776335567,S3-613009453,S3-573532210,S3-217324582,S2-35554040,S2-431590321,S3-24439712,S2-978294364,S2-138854275,S3-90253582,S3-384334176,S2-851276549,S2-468780590,S3-902298832,S2-848633916,S2-826393674,S2-321576625,S2-898396623,S3-142785179,S2-370115077,S2-587213967,S3-518249613,S2-677927775,S2-927326655,S2-298660364,S2-920720425,S3-823503877,S3-516337958,S2-676486141,S2-575473809,S2-303740801,S2-293480093,S3-983216661,S2-582092399,S2-203335440,S2-671748288,S2-436840512,S3-326050748,S2-549891408,S2-177172144,S2-119346048,S2-125328598,S3-938010521,S2-663575104,S2-598525321,S3-807288290,S2-9116710,S2-558934468
S1-739195544	S2-97351951,S2-365146592,S3-182442478,S3-133190112,S3-217763352,S2-948236487,S2-350898424,S2-247321676,S3-244915154,S3-329109065,S2-142962044,S3-595067051,S2-789903520,S2-401367997,S3-758076760,S2-245103256,S2-107117525,S3-52791673,S2-22123063,S3-112531625,S2-227625686,S2-494876351,S3-42578331,S3-288029572,S2-489486401,S3-483891856,S3-785400621,S2-15496839,S2-479556958,S2-452393306,S3-682681453,S2-787866013,S2-622342431,S2-89956614,S2-676769705,S2-240841658,S2-304711880,S3-65051818,S3-772860915,S2-847364763,S2-725858627,S2-977694963,S2-611531902,S2-828501645,S2-498215317,S3-5094068,S3-189091691,S3-659548090,S2-155152013,S3-393920225,S3-827956342,S2-779197401,S3-595173870,S3-462004622,S2-894768766,S3-922663579,S2-989903662,S3-20030177,S3-997847073,S3-909353726,S2-367240764,S2-835744797,S2-950101944,S3-843251921,S3-434585978,S3-406589904,S2-317485843,S3-539487219,S2-493278380,S2-647021266,S2-706054717,S2-970016569,S3-931992063,S3-159732193,S2-684488116
S1-559551054	S3-695659665,S2-546613246,S3-968443616,S3-7800422,S2-957254728,S2-70487239,S3-806485531,S3-295157636,S2-358763646,S3-113694896,S2-185148108,S2-9074052,S3-729374043,S3-809347354,S2-185226317,S2-30695598,S2-30041980,S2-629377847,S2-325525805,S2-528202337,S3-777437373,S2-826749078,S2-297689675,S2-873028343,S3-804865148,S2-111373832,S2-571039531,S3-290736448,S3-71989301,S3-234548018,S3-875938650,S3-528882942,S2-216916497,S2-400837475,S3-536822348,S3-956754780,S3-294276801,S2-766865081,S2-718283885,S3-201871387,S3-160656304,S2-617540758,S2-830797725,S3-558447100,S3-102168045,S3-410167807,S3-64668085,S2-476685017,S3-901187467,S2-585106009,S3-517084261,S2-198578428,S3-603807651,S2-72013138,S3-1069046,S3-941504236,S3-224612340,S2-44093819,S3-298235113,S2-187171602,S3-532479314,S2-564246707,S2-757506484,S3-595153024,S3-561882006,S2-515850526,S2-854083597,S2-912861816,S2-894616223,S2-926772042,S2-798982674,S3-57582917,S3-792653525
S1-580254632	S3-278281476,S2-675300764,S3-314527048,S3-419606112,S2-953067267,S2-56631800,S2-643584373,S2-635942417,S2-436120738,S3-858411848,S2-872121188,S3-629839168,S2-785554210,S3-341552694,S2-702778982,S2-746406395,S2-271751639,S2-898306750,S3-596254777,S3-690549387,S2-361731375,S2-975848357,S2-199235212,S2-672054842,S2-678096268,S2-298794459,S2-443929330,S2-859754079,S2-879959263,S2-326301027,S2-996882572,S2-460375535,S2-737645923,S3-125237803,S2-290752193,S2-789511558,S2-487582639,S2-827765671,S2-948371997,S2-235111620,S3-334396627,S3-735453176,S2-189305879,S3-386564805,S3-458977082,S2-636160736,S3-305696295,S2-486572799,S3-332073043,S3-530176667,S2-21208850,S2-841182384,S3-354715806,S2-23161647,S2-75437241,S2-851203163,S2-646821307,S3-406174233,S2-209448243,S2-157340867,S2-943955488,S2-870280188,S2-785540693,S3-184919014,S2-957546526,S2-456948206,S3-550867514,S3-104519289,S2-90119518,S2-547364899,S2-227394122,S2-800121835,S2-291084280,S3-273577168
S1-405795474	S2-655025903,S3-14893774,S3-860649560,S2-859797070,S2-447666353,S3-299347447,S2-649648203,S2-831212679,S3-298688689,S2-792370232,S3-729265115,S2-62300552,S2-812058343,S3-213986578,S2-334284265,S3-882268741,S3-639527833,S2-135102887,S3-386495516,S2-29216193,S3-273833586,S2-65481058,S2-73161527,S2-967116799,S3-959881110,S2-416607733,S3-258209114,S2-497513794,S2-538687088,S3-368142562,S2-682509708,S3-647588085,S2-353093436,S3-507256664,S3-160620841,S3-552159027,S2-346292037,S2-534274444,S2-611924632,S2-943376574,S3-869062204,S3-299078705,S3-890811129,S3-369128899,S2-565766655,S3-80839141,S2-582849670,S3-665414268,S2-315020413,S3-552411746,S2-895531443,S3-883071227,S2-476867235,S3-456119347,S3-175283127,S3-805406752,S2-799382079,S3-648659011,S2-211308948,S2-898281058,S3-499268157,S2-696581210,S2-745119505,S2-212727573,S2-730225402,S3-281824025,S2-861242079,S2-848656635,S3-114686337,S2-376460483,S2-480002867,S3-554471651,S3-428515889,S3-887352992,S2-810951129,S3-340691964,S3-276124949
S1-765456522	S2-565525250,S2-535256805,S2-741253849,S2-676645099,S3-175839288,S2-365324422,S2-495557353,S3-801955850,S2-941411557,S3-42466232,S2-706615728,S3-578653004,S3-3352136,S2-582690055,S2-977796762,S3-972762365,S3-616580840,S2-188284584,S3-140078256,S2-283816870,S3-542848367,S3-84971403,S2-835063716,S2-847074664,S2-193517202,S2-795392405,S2-843819916,S2-903161933,S3-178964349,S2-305560315,S3-837401488,S2-23752133,S2-29355178,S2-706360388,S2-618153978,S2-801242513,S2-23811586,S2-422710362,S2-950646956,S2-619523861,S2-957223784,S2-730195368,S2-223649000,S2-255420286,S3-514916011,S2-788065851,S3-984935956,S3-698819264,S3-555369534,S3-562292041,S2-379681725,S3-899028148,S2-627059958,S2-191866478,S2-251194336,S3-788659635,S2-779235994,S2-392331805,S3-38972543,S2-219989202,S3-553102403,S2-783103380,S3-482048668,S3-447427765,S3-755650709,S2-722558285,S3-480811028,S3-189529375,S2-49631654,S2-322553696,S2-826235240
S1-55333937	S2-701018615,S3-348844836,S2-515189832,S2-273605423,S2-191224574,S2-220734316,S3-670951803,S2-382397847,S2-287952211,S2-478345945,S2-194518373,S3-863359627,S2-391533331,S2-474258997,S2-430967143,S2-578921158,S2-333206038,S3-778884990,S2-344767729,S2-580101126,S2-812042582,S3-93397158,S3-31778419,S3-755110100,S3-801955850,S2-393629406,S2-727779415,S3-700019154,S3-867560308,S2-47977754,S3-54572681,S3-958804540,S3-42466232,S2-556021627,S3-798603120,S2-973718374,S2-823726722,S2-433826412,S2-274109622,S2-391696236,S2-502406312,S3-90705914,S3-535237691,S2-253319287,S2-261024705,S2-219989202,S3-191162938,S3-142928300,S2-991036532,S2-191866478,S2-835219973,S2-148707778,S3-314980890,S3-160369962,S3-41937050,S2-518019034,S3-964620688,S2-395396363,S3-529889082,S3-381542993,S3-818582172,S3-788318140,S3-359522947,S2-546070950,S2-957223784,S3-335730766,S2-627059958,S3-555369534,S2-673698181,S2-730195368,S2-419703205,S2-720450102,S3-899028148,S3-917432837,S3-897660264,S2-409647370
S1-876256279	S2-459270736,S2-688700772,S2-935786766,S2-762235357,S2-387602604,S2-858876941,S2-499539567,S3-736840319,S2-840130051,S3-580626791,S2-793465924,S3-909776493,S3-941746145,S2-210703940,S3-748085102,S3-103823624,S2-366007238,S3-334499939,S3-622935829,S2-624736760,S3-12844399,S2-20873018,S3-724980771,S2-29407755,S3-934210306,S2-228797905,S3-739741653,S3-651216579,S3-392106942,S2-521964883,S2-245024186,S3-112918455,S3-119392360,S3-367388904,S2-827503791,S2-235833569,S2-907961744,S3-514108823,S2-807449125,S2-973461104,S3-401962497,S2-920706546,S2-655077376,S2-513182626,S2-332356681,S2-242932697,S3-445077695,S3-705554049,S2-785445556,S2-492669899,S2-820893995,S2-547199669,S3-331155248,S3-158247675,S2-51291991,S2-985300066,S3-977474926,S2-121693296,S2-3914789,S2-846776586,S3-891120469,S2-474488626,S2-130959842,S3-228877953,S2-764483386,S2-153539063,S2-229209285
S1-651095976	S2-789852375,S2-480667736,S3-66611286,S3-418373158,S2-382526213,S3-125666426,S3-476257627,S3-439775969,S3-513599163,S2-404735559,S2-441962446,S2-360063447,S3-418483324,S2-91197868,S3-421438703,S3-457998430,S2-868652736,S3-429937583,S3-209661616,S2-876420525,S2-937610057,S2-898057563,S3-748245753,S2-227109393,S3-109296516,S3-209426948,S3-900545353,S2-145212314,S2-918431235,S2-210262752,S3-112802170,S3-242426644,S3-294512845,S3-945612975,S3-400577047,S2-746764031,S2-960532786,S2-197382865,S3-651913811,S3-302901311,S3-277540256,S3-280613736,S2-33983035,S3-114044421,S2-92546359,S3-489651374,S2-962814088,S3-464741512,S3-431538521,S2-442484301,S2-159559060,S2-825295884,S2-62577574,S2-647596679,S2-371617049,S3-830336011,S3-114332830,S3-318195769,S3-27510545,S2-226521083,S2-311492520,S3-638882019,S3-579262820,S2-452680042,S2-311868409,S2-543007266,S3-981036058,S2-491376508,S3-703009732,S2-943233024,S2-586824619,S3-50615404,S2-505041076,S3-609500573
S1-522840559	S3-175063909,S2-907005741,S2-945759469,S3-150475758,S2-917724974,S2-790947608,S2-287028156,S2-821967722,S2-524438743,S2-27986137,S2-992919488,S3-143895263,S3-138134300,S3-134361069,S2-787431043,S3-745383452,S2-245722348,S2-192156935,S2-17642625,S3-486197675,S2-44770652,S3-142938215,S2-125850020,S3-847639736,S3-294091090,S3-552266398,S2-954704943,S3-602779493,S2-807089370,S2-570144295,S2-581363601,S2-812171463,S2-104840992,S3-772893084,S2-933993678,S2-733794803,S2-453368719,S3-165969719,S2-411582361,S3-184084358,S3-226827951,S3-712753787,S3-108521815,S3-551959767,S2-931607563,S3-689176872,S3-140444870,S3-224740686,S3-554579834,S3-741719955,S3-915660348,S3-495856673,S3-462131477,S3-849355939,S2-60075514,S3-688172276,S3-31186533,S3-728129783,S3-73889033,S3-63344869,S2-779023955,S3-10831286,S3-562278986
S1-601945198	S3-977409556,S2-439786382,S2-505444676,S2-403600839,S2-816508836,S2-152180456,S2-857755271,S3-389563784,S2-133270735,S3-30371165,S2-859754079,S2-616111338,S2-42635997,S3-851505638,S2-433699752,S2-854494591,S3-242024452,S2-386302724,S2-629189951,S3-569453910,S3-382256807,S2-500147233,S2-897714693,S2-455425923,S2-868242102,S2-49975588,S2-599422074,S2-155322095,S3-850900487,S2-638684729,S2-937890212,S2-268505435,S2-454847618,S2-200200363,S2-133110262,S3-770799881,S2-149284548,S2-19146644,S3-93254541,S2-986178595,S2-504301632,S2-388217616,S3-799203386,S3-456547394,S2-454388173,S2-354941392,S2-903178968,S2-125272768,S2-947133868,S3-369365406,S2-120901979,S2-367663348,S2-580778336,S3-640090225,S2-649687413,S3-991264593,S2-522998954,S2-658915534,S2-126506454,S2-77077677,S3-27157849,S2-877665268,S2-346652283,S2-838861846,S2-149173342,S2-383069541,S3-145989836,S2-822482083,S2-498231595,S3-675009586,S3-608274835,S2-130556167,S2-917741583,S3-324805369
S1-757082720	S2-919896803,S3-499847501,S2-859302303,S2-376732061,S3-716478689,S2-614146536,S3-559679152,S2-387549097,S2-537858187,S2-496681066,S3-460838034,S3-707756995,S2-553087095,S2-449004707,S3-660475089,S2-206032485,S2-965326114,S2-144785112,S2-650216158,S2-644251488,S2-50320559,S3-734081487,S2-252359061,S3-329834424,S2-566458591,S3-610194635,S2-882774431,S3-109695157,S3-733335439,S2-393066864,S2-992996841,S2-685583583,S2-948116290,S3-495206311,S3-195996808,S2-27087381,S2-486475455,S3-927967385,S2-793058007,S2-591014212,S3-571880474,S3-913335593,S2-92555763,S3-989241997,S3-953045491,S3-481797808,S3-957011055,S2-849557641,S3-859716269,S3-889559623,S2-156093298,S3-27774861,S3-425653628,S2-481532062,S2-375183247,S3-717050322,S3-826304715,S3-966094133,S2-104584185,S2-669913776,S2-436041396,S2-707727698,S3-740696117,S2-397873979,S3-58356590
S1-590134263	S2-344591721,S2-855633517,S3-236385912,S2-671649180,S3-59971944,S2-210601194,S3-485124793,S2-564112793,S2-615299695,S3-416117385,S3-906745557,S2-736010823,S3-625532396,S2-412866359,S3-563730862,S2-284288219,S2-382704991,S2-594840477,S2-36951559,S3-823114817,S2-384723226,S2-582065410,S2-468712037,S3-166654622,S3-81851034,S3-775086097,S2-812725595,S3-10162961,S3-451907466,S3-698308382,S2-744196606,S2-734527887,S3-605364355,S3-683177627,S3-977289454,S2-912823376,S3-987793237,S3-59210028,S3-871727307,S2-505253212,S2-552762736,S2-733777086,S2-984417999,S2-558726266,S3-912439579,S3-980270798,S2-735876877,S2-498563369,S2-555989079,S2-914281256,S2-27968336,S3-589429775,S3-671725935,S3-549369340,S2-632851303,S2-577024442,S2-944353390,S3-890496189,S2-995695120,S2-937987341,S2-547415476,S2-209709244,S3-907272755,S3-133924988,S2-646187494,S2-230752573,S3-333070340,S2-413012135,S3-163730901,S3-805488720,S2-408271957,S3-571380446,S2-442095282,S3-95020948
S1-842497118	S2-983340750,S3-144155427,S2-540853782,S3-386487348,S2-73503185,S2-715520034,S3-559024102,S2-380796793,S2-577135188,S3-451465347,S3-964593343,S2-79504975,S2-120391369,S2-144785112,S2-757487043,S3-995706277,S3-39519694,S2-546086259,S3-179716888,S3-895120719,S3-880675995,S3-576486198,S3-375927054,S2-361329158,S2-849276951,S2-824243201,S3-466515516,S2-366696624,S3-652361770,S3-24096050,S2-401500260,S2-84328295,S2-362132747,S3-2055323,S2-406401161,S3-473515831,S2-235442218,S3-362668576,S2-259424022,S2-995735104,S3-449146656,S2-583626367,S2-273206686,S2-139179796,S3-449030829,S2-409439851,S3-146549123,S3-642250755,S3-605882384,S3-46684431,S2-9218123,S2-208802628,S3-442218270,S2-717584421,S3-71422225,S3-298208926,S2-285242180,S2-547440367,S3-633449647,S2-647995833,S3-635157237,S2-560656589,S3-327029507,S3-739824280,S2-590760279,S3-788287994,S3-536779950,S3-190886148,S2-564392224,S3-142101074
S1-326704888	S3-746350501,S2-614588117,S2-594607876,S2-686499088,S3-252629392,S3-221669489,S2-102259926,S3-999869829,S2-618616165,S2-114390788,S3-294496488,S3-838521439,S3-679368070,S2-596850209,S3-446763901,S2-551537406,S3-121124088,S3-487399364,S2-990652060,S3-865316253,S2-544993889,S2-55586458,S3-741979340,S3-160918499,S3-167613789,S3-243186999,S2-687374926,S2-299335327,S2-40889632,S2-647040826,S2-35608353,S3-450491024,S2-68447808,S2-843937862,S2-686678084,S2-705543732,S3-737989560,S2-446433638,S3-64704523,S2-180037412,S3-246951807,S3-977729058,S3-702791769,S3-477492425,S3-122459425,S2-57072054,S3-964116216,S3-881890590,S2-38509651,S3-430836697,S3-967216791,S3-879396496,S3-434622685,S3-895071629,S3-440922741,S2-337532928,S2-917871086,S3-488847849,S3-880813812,S2-834773587,S2-45312248,S3-586403190
S1-4869416	S2-998750643,S3-414044972,S2-965016810,S2-654501694,S2-658273368,S2-599484207,S2-176680018,S3-68635253,S2-153452187,S3-85883336,S3-327773168,S2-26733122,S3-783690404,S2-261600606,S2-726642014,S2-300905402,S2-283946378,S2-414438649,S2-89415234,S3-481790456,S2-839300029,S3-505371672,S3-942986352,S2-49245924,S3-480973899,S3-904536214,S3-563944926,S2-418875536,S2-202238304,S3-123468324,S3-167443124,S2-537816737,S2-981269822,S3-771497961,S2-2604821,S2-986504176,S3-482807638,S3-809143662,S2-680916137,S2-430929964,S2-990498314,S2-10593798,S3-296882837,S2-627880969,S2-675594428,S2-605563140,S3-990531392,S3-96384047,S3-950759837
S1-720468760	S2-681529151,S2-203319582,S2-455028134,S2-808365522,S2-223109235,S3-430070224,S2-392587641,S3-730410509,S3-747229821,S2-836566896,S2-340702911,S2-416299761,S2-800425407,S3-983270892,S2-413841442,S2-820608641,S2-146944795,S3-295358203,S2-964820979,S2-58410631,S2-582237001,S2-902545293,S3-265863895,S3-9079678,S2-466052449,S3-393629469,S2-419498297,S3-442252051,S2-573474102,S3-899434417,S2-861276718,S2-166614092,S2-805394619,S2-114102652,S3-102410436,S2-567028491,S2-310525178,S3-164142067,S3-845629343,S3-794370641,S3-507627419,S2-50331098,S2-551798102,S3-853285328,S3-870298002,S2-801484066,S3-352801980,S2-934516313,S2-647450019,S2-605892233,S3-743710063,S2-59405676,S2-653190244,S2-167129557,S2-832206194,S2-15627897,S2-10207377,S3-995651610,S2-168159526,S2-195373941,S3-627404089,S2-637095147,S3-988338365,S2-123660498,S2-641463427,S2-32188352,S2-481972156,S2-109034922,S2-630374803,S2-463939765
S1-93806322	S2-650050463,S2-348051009,S3-901346951,S2-468108039,S2-736616519,S3-113016066,S3-358887377,S3-272086814,S3-25743607,S3-924903246,S3-270839425,S2-339750053,S3-622465136,S2-18633864,S3-922004021,S2-606340051,S2-875386279,S3-179738152,S3-654074788,S2-715600705,S3-868493341,S3-500287892,S3-934752729,S2-879729003,S3-592049354,S3-254815997,S3-789271731,S2-281766113,S3-262836757,S2-633972263,S2-684887331,S2-366207537,S3-289213682,S2-375922548,S2-147883747,S2-309741049,S3-489995216,S3-462900645,S2-515847999,S3-377012216,S2-89378876,S2-878291922,S3-450383858,S3-792493001,S2-187697334,S3-258020557,S2-616866403,S2-79425125,S2-512294509,S2-561199640,S3-674602755,S2-652467206,S3-126979187,S3-410079393,S3-579140349,S2-929600354,S2-781289854,S3-797756584,S2-334354664,S3-672360831,S2-75266878,S3-599788261,S3-620584367,S2-752903533,S2-226258310,S2-342288791,S3-334002793,S3-985816124,S2-535965939,S2-873534462,S3-111675337,S3-414811734,S3-991406128,S3-137739687,S3-709738006,S3-112436878,S3-412529530,S2-184695630,S3-501994128,S3-60298585
S1-16642923	S2-289710863,S2-81998687,S2-287249278,S3-513576159,S2-230870247,S2-590952589,S2-901109596,S2-707609000,S2-884608707,S2-942025833,S2-500808838,S2-335195201,S2-165835874,S2-441938596,S2-210674684,S2-993221227,S2-500952494,S3-98561731,S3-303258990,S2-533185918,S2-754010566,S2-102295585,S2-243422666,S3-431503485,S2-849436272,S3-147606215,S3-594048455,S3-137132257,S3-228830153,S3-242423733,S2-994217444,S2-393971712,S2-406758983,S2-365876998,S2-384616423,S2-388542289,S3-238032780,S2-122744511,S2-859313583,S3-881899727,S3-715278228,S2-186572349,S2-864668733,S3-128842548,S2-761307885,S3-195729302,S2-388299100,S3-158072516,S2-673054837,S3-545041651,S3-154517457,S2-499539567,S3-761346458,S3-982864935,S2-664277199,S2-560470031,S3-454228701,S2-11360197,S3-690537244,S3-595429613,S2-737239660,S3-939716987,S3-969249992,S2-832022865,S2-277669170,S2-109085886,S2-198264730,S2-514450201,S2-584595791,S2-726906183,S2-341726694,S3-184792465,S2-396210710,S2-920469791,S2-532522606,S2-767465005,S3-61889425,S2-187046179,S3-214922062,S3-952285788
S1-951871591	S3-262954767,S3-649717239,S2-174298792,S3-6820574,S2-298914373,S3-597779932,S3-932808408,S2-666590066,S3-716369152,S2-776335567,S2-108388778,S2-468780590,S3-506726696,S2-470289124,S3-359767585,S3-563271608,S2-35554040,S3-172571792,S3-394068109,S2-122650575,S3-704059757,S2-91150593,S2-851276549,S2-298660364,S3-91018323,S3-360664758,S2-283541803,S2-431590321,S3-411152481,S2-381433580,S2-711727482,S2-321576625,S3-928338530,S3-16050919,S3-217324582,S3-750038513,S2-198618627,S2-774705407,S3-573532210,S3-24439712,S3-245987435,S2-101559131,S2-288894535,S2-196080938,S2-271004433,S3-980054863,S3-579084575,S2-231042988,S3-914209153,S2-352691121,S2-595932825,S2-193463317,S2-316935854,S2-834138257,S2-190298268,S3-112112297,S2-587245389,S2-675076934,S2-184183848,S3-617847013,S2-158849722,S3-329662139,S3-980884711,S3-285279778,S2-45732499,S2-265071717,S2-940597016,S3-815432636,S2-957978733,S2-174082310,S2-885810596,S3-303558706,S2-524572700,S3-964505167,S2-919334837
S1-665355186	S2-818726940,S2-261402473,S3-821516081,S2-509341076,S2-133763910,S2-240369106,S3-349969154,S3-548830459,S2-757828083,S2-589300359,S3-856813969,S3-776723844,S2-9071278,S2-436009197,S3-865042536,S2-804627671,S2-722569778,S3-85769066,S2-970560912,S3-390446249,S2-652766993,S2-932875630,S3-827309047,S2-680723758,S2-270768375,S2-434190410,S3-432970517,S3-574063486,S3-719975231,S2-685454476,S3-990945585,S2-885424924,S3-58265200,S3-929560920,S2-317986865,S2-196479888,S2-835441368,S3-377335510,S2-411500333,S2-491000493,S3-982338772,S2-911154739,S3-454071242,S3-1830091,S3-222973046,S2-688196664,S3-667106573,S2-954942261,S3-825661713,S3-921926971,S2-804564527,S2-169495813,S3-160161972,S3-830806629,S2-330665624,S3-158632844,S2-449962028,S3-476090222,S3-42168311,S2-186918703,S2-954914177,S3-752636033,S3-60910672,S2-325625227,S3-120391741,S3-211325283,S3-382544252,S3-427290352,S2-563441082,S2-164758226,S3-204389002,S2-502485918,S3-379406248,S3-126852625,S2-573441368,S3-198773437,S3-833391355,S3-119641302,S3-6498587,S3-204672320
S1-953470089	S3-405225997,S2-684609300,S2-23811586,S2-800768731,S2-788758719,S2-487988118,S2-357545160,S3-108601060,S2-418577059,S3-620122596,S2-9723901,S3-278608400,S2-740242839,S2-955852715,S2-700851619,S2-283751499,S2-414624479,S2-885086841,S3-498381445,S2-772533853,S2-543869668,S2-873237963,S3-410477423,S3-789550760,S2-598071417,S3-877383295,S2-517058756,S2-214208615,S3-993128255,S3-950660541,S2-102115020,S2-719252618,S2-970311459,S2-13917682,S2-117975134,S2-491262606,S3-121756813,S2-413746983,S2-377181975,S3-73046314,S2-732907515,S2-854246316,S3-988331658,S2-914877951,S3-233767917,S2-675348100,S3-684912256,S2-525681970,S3-228360752,S2-248448528,S3-590167657,S2-726906183,S3-279771478,S3-61436435,S2-722400387,S3-153936282,S2-490331120,S3-242063184,S3-385545015,S3-496662825,S3-759657551,S2-31958613,S2-653875888,S3-104821625,S2-758925536,S3-964335832,S3-982864935,S3-143785742,S2-495238985,S2-708621837,S3-778931120,S2-47418170,S3-446482196,S2-201790385,S2-484861843,S3-678948047,S2-460064158,S2-971491700,S2-816119025,S3-534573384
S1-464105135	S2-548237367,S3-975758507,S3-275368011,S3-249343579,S3-922653207,S3-453921960,S3-333429555,S2-97306857,S2-388976005,S2-164661963,S3-691534192,S3-559759700,S2-798513374,S3-993046964,S3-386487348,S3-246576137,S2-499884996,S3-360070964,S3-934096579,S2-444994332,S2-76349004,S2-382500675,S2-540762581,S2-353949876,S2-176181224,S2-155721168,S3-876614027,S2-595605619,S2-937610057,S2-444528389,S2-591536531,S3-727118546,S3-874330567,S3-823195705,S2-867140952,S2-548790486,S2-212924766,S2-950812577,S2-689479583,S3-365296009,S2-890460477,S3-413831659,S3-642908912,S2-304289977,S2-34435205,S3-606324888,S2-401461610,S2-581648789,S2-25608409,S3-463722615,S2-349453927,S2-523876750,S3-301391218,S2-724990460,S3-741611121,S2-105423216,S3-553817834,S2-869942991,S3-194764808,S2-547385928,S2-897423255,S2-518925538,S3-33926955,S3-807294454,S2-581697678,S3-352620092,S2-801877070,S2-210210898,S2-876606050,S2-383728675
S1-272091966	S3-308343706,S2-60528114,S2-25787219,S2-619282421,S2-740246716,S2-382115578,S2-767667411,S2-172598761,S3-823292350,S3-626472668,S3-632405952,S2-853605032,S3-809219790,S2-154936420,S2-168870589,S2-763496374,S2-182953724,S2-978297595,S2-382711062,S2-906504493,S3-482305530,S3-426700938,S2-782369167,S2-565160612,S3-541724260,S2-582250110,S2-742406486,S2-775954166,S2-70400642,S2-370293234,S2-368414400,S3-902859371,S2-247192278,S3-255670031,S2-823787316,S2-808487588,S2-22852364,S2-58857912,S3-579873066,S2-704332402,S3-645634184,S2-234465735,S3-635036045,S2-826305109,S2-317209720,S2-581787641,S2-748126057,S3-779706087,S2-228093709,S3-780913927,S3-52788884,S2-16395748,S2-284812957,S2-918799938,S3-501722258,S2-866770982,S3-891189211,S2-308157268,S3-915794107,S3-925357457,S2-88812123,S2-961656648,S2-76237829,S3-281581595,S3-645720452,S2-33228405,S2-769092236,S2-812902368,S2-614488425,S2-575141378,S2-309842136,S2-730105794,S2-785931738,S2-174541886,S2-273325773,S3-633449647,S3-626637038,S3-556936508,S2-907853069,S3-474227595
S1-675959550	S2-115402940,S2-101441526,S2-143563693,S2-812894315,S2-357561396,S2-411959460,S2-930272452,S2-610026608,S2-165226068,S2-827345339,S3-881175267,S2-42818488,S2-516353697,S2-653427755,S2-386683111,S2-299117454,S2-266336463,S2-377790326,S2-478183673,S2-60332086,S2-997309098,S2-559844539,S2-544679828,S2-759205214,S2-323400357,S2-447035910,S2-221379524,S2-774426640,S2-666690906,S3-454085095,S2-594240342,S2-765455581,S2-711514278,S2-947758414,S2-634350541,S2-762626703,S2-895030236,S2-172032247,S3-673558774,S2-767323298,S3-764021117,S2-377736276,S3-768411184,S2-350227253,S3-191111170,S2-929823058,S2-51839425,S2-667295957,S2-423915641,S2-633165941,S3-330272680,S2-890201606,S2-168560796,S2-284414256,S2-253869093,S2-954942261,S3-838743255,S3-258515312,S3-608209683,S3-474909842,S3-196948983,S3-80484042,S2-608633723,S2-381727448
S1-716442915	S3-656356159,S2-826003982,S3-788185335,S2-917950737,S2-694388941,S2-17646782,S3-981741118,S2-158921481,S2-29657277,S3-447383654,S3-490431510,S2-647021266,S2-921583999,S2-136121441,S3-58682267,S3-868358615,S2-613658458,S2-239313462,S2-449671151,S2-880422318,S3-227047435,S2-131269559,S3-490012659,S3-811047362,S2-588344444,S2-213839930,S2-859768058,S3-419715371,S2-12859194,S3-79787537,S3-335775824,S3-159452674,S3-174059926,S3-184811928,S3-768024761,S3-637335642,S3-248757898,S3-542805234,S3-613085634,S2-858223765,S3-375821438,S2-755712885,S3-285138838,S3-361618710,S3-576363129,S3-909262548,S3-405575016,S3-567196315,S3-807911445,S3-760143593,S2-540035112,S3-669260810,S2-159701054,S3-971956598,S2-869657193,S3-600907413,S2-502013653,S3-725309424,S3-202130366,S2-416100789,S2-911343449,S2-925849745,S3-918564988,S3-84456476,S2-586418130,S3-320796615,S3-171901473,S3-53150552,S3-143913379,S3-754875029,S3-143707962,S3-325748433,S2-366268069,S2-80100770,S2-122228136
S1-657025372	S2-593927445,S3-112183047,S3-200447421,S2-804033782,S3-520465239,S2-11525205,S3-860349458,S3-413239474,S3-676931503,S2-978309428,S2-983509438,S2-58857912,S2-713628273,S2-807187337,S3-896000715,S2-802226501,S2-382164737,S2-700048635,S3-311169432,S3-617650221,S2-783258233,S3-540226684,S3-535973373,S3-301042091,S3-774946579,S3-534003602,S2-873652396,S3-293972001,S3-757270004,S2-239391031,S2-153379743,S3-546770159,S2-398115144,S2-937663650,S2-230564787,S2-840758843,S3-967475149,S3-394992677,S3-506480530,S3-266834851,S2-869788374,S2-794136226,S3-591315411,S2-492478954,S2-71425529,S3-829887407,S2-925983402,S2-77198183,S2-184020156,S3-290420222,S3-544792761,S3-553496974,S3-238411319,S3-303206846,S2-399204738,S2-270140435,S2-459521665,S2-770860974,S3-960510592,S2-503637784,S3-308177033,S2-319516258,S2-502195907,S2-670387021,S2-749345904,S3-809219790,S2-464527456,S2-649639935,S3-587559493,S2-842733615,S2-470191956,S2-255756536,S3-544026400,S2-528887078
S1-958577120	S3-707073473,S3-245421904,S3-513841788,S2-380968778,S3-837852480,S3-548783787,S3-891120469,S3-205445563,S2-322953932,S3-766272393,S2-820558687,S3-566251181,S3-257375698,S2-453685980,S3-738999135,S3-907446075,S3-955001772,S3-594344696,S3-325855796,S3-883815276,S3-241016796,S3-232035434,S3-612408732,S3-374110162,S3-629710261,S3-376323859,S3-602637832,S3-308363101,S3-675818857,S3-868136936,S2-515239169,S3-629562539,S3-392522747,S3-770042543,S2-271749790,S2-145443719,S3-761998416,S3-960584274,S3-447770915,S3-710121090,S2-894833381,S2-209448243,S3-636120881,S2-617585314,S2-265591149,S2-579245677,S2-287402365,S2-772588156,S2-649687413,S2-523657543,S3-682239180,S2-383069541,S2-572213824,S3-79824091,S2-805964373,S2-638060093,S2-64116832,S3-90270734,S3-401962497,S3-511651734,S2-996144882,S3-206518201,S3-655778323,S3-799203386,S2-78967826,S3-797235068,S2-177088130
S1-606480359	S2-75708841,S3-109319319,S3-868358615,S3-190768737,S3-758465532,S2-249997299,S2-973464365,S3-614363035,S2-245887185,S2-420253722,S3-909650961,S3-458156761,S3-142299980,S2-681568197,S2-372556393,S3-622354310,S2-535538356,S3-961664181,S2-928620819,S2-915476300,S3-254451157,S3-175563074,S2-736697077,S2-819424059,S2-569185594,S3-320718948,S3-120005144,S2-357050180,S3-827480295,S3-329618347,S2-734105832,S2-766536822,S2-293759502,S3-767084592,S3-466433338,S2-498071695,S2-832804971,S3-175483776,S3-245212466,S2-264492036,S3-568534384,S2-223493773,S2-230886961,S2-70520887,S3-870213820,S3-859986008,S3-734848611,S2-978286724,S2-576828016,S3-333584521,S3-950566179,S2-305192705,S3-314980890,S2-81518288,S3-948092600,S2-518561014,S3-786061862,S3-94764532,S3-997547866,S3-675912849,S2-419461603,S3-398101718,S3-248233177,S2-843074723,S2-501562255,S3-59345491,S3-699826175,S2-26466375,S2-287727111,S3-474734451,S2-796208627,S2-385605379,S3-996669578,S2-974326661,S3-920801248,S3-6508001,S3-335775824,S3-361889244,S3-758393256,S3-435007433
S1-378652653	S3-32956595,S2-222394289,S2-790992492,S2-961204109,S2-228797975,S2-8628890,S2-308372235,S3-808486776,S2-843071321,S3-327198513,S3-967911607,S3-300964048,S2-727779637,S2-881870797,S2-609073853,S3-967666123,S3-217122628,S2-584088730,S3-362791941,S2-147367965,S2-183900549,S2-211874388,S3-785759398,S2-154384576,S2-237573221,S2-94857452,S3-693058916,S3-45489735,S3-272078723,S2-440253063,S2-503952478,S2-286777919,S3-682851388,S3-652849804,S3-334019885,S3-813728686,S3-277008567,S2-577304095,S2-734336910,S2-567504093,S2-559968500,S3-938640768,S3-201515660,S2-208804877,S3-448551908,S3-417056789,S3-84102034,S3-122308980,S3-248425494,S3-710979604,S3-738616552,S3-237740293,S3-682791459,S3-797133355,S3-255340989,S3-685451370,S2-889620646,S3-722798420,S3-788834852,S2-521688982,S2-212178481,S2-452357649,S3-858130918,S2-908303282,S2-729058852,S2-125254201,S2-102352925,S3-345805254,S2-162276971,S3-270007334
S1-24519478	S3-586556261,S2-715463042,S2-156918549,S3-144488276,S2-195899758,S2-791158959,S2-152104014,S2-190642185,S2-580221145,S3-413446229,S3-657384037,S2-125586840,S2-739783206,S2-11441077,S2-660619106,S2-984543883,S2-831726341,S2-996144882,S3-656465527,S3-957728273,S3-229107813,S2-659290107,S3-356062468,S2-934580204,S3-200836272,S3-750093551,S3-808428655,S2-45071914,S3-720215063,S3-195823221,S3-871664085,S2-474032945,S2-914997368,S3-859456949,S2-679145159,S3-71542232,S3-187623410,S3-501910371,S3-962039728,S2-348005509,S3-861205462,S2-437155096,S2-319104076,S2-803642853,S3-91141912,S2-226030742,S2-607605766,S3-969788274,S2-875461623,S3-403615825,S2-872471175,S3-164962456,S2-235068130,S2-554373369,S3-724470902,S2-965838355,S3-534529439,S3-86119339,S2-702144957,S3-425692794,S2-847120229
S1-539197690	S3-168182935,S3-737779184,S3-118063010,S3-432790523,S3-504415809,S2-100923153,S2-689599466,S3-502891710,S2-531104925,S2-135097605,S3-165564719,S3-90144979,S2-574530757,S3-369275889,S3-304333185,S3-271887757,S3-310979422,S3-854140238,S3-636911998,S2-319702142,S3-255874202,S3-360381459,S3-177139615,S3-553102403,S2-200626985,S3-404484908,S3-670903078,S2-456228438,S3-692796179,S2-988366654,S3-984984583,S3-335828235,S3-364576457,S3-994213020,S3-676725143,S3-346576136,S3-536357654,S2-224952653,S2-24597083,S3-10459302,S3-242019036,S2-844188870,S2-133708034,S2-414061856,S2-574830306,S2-273005906,S3-376039441,S2-943869324,S2-253411130,S2-118267125,S2-827862104,S2-979085903,S3-670419439,S2-65187376,S3-717305989,S3-878850820,S2-640259105,S2-379349723,S3-54865415,S2-149371270,S2-475698813,S2-699038440,S2-18442426,S2-198163085,S3-869020157,S2-81084526,S2-197956367,S3-165279377,S2-473961647,S2-14492873,S2-140298567,S2-20670354,S2-216786940,S2-536231721,S2-739860770,S3-688521544,S2-655815332,S2-119142372,S3-164233773,S2-66222552
S1-977704542	S3-631601392,S3-387382155,S3-796215358,S2-248800034,S3-847369810,S3-864160319,S3-827284884,S3-18865993,S3-882313490,S3-831226768,S3-267798984,S2-575861766,S3-254878870,S2-554374028,S2-616836723,S2-11389574,S3-35585077,S2-872534648,S2-453576576,S2-190847911,S2-174754063,S3-824871944,S3-119972703,S2-272756604,S3-889900564,S2-460184311,S3-426683270,S3-610022411,S2-607283719,S2-927243116,S3-972409322,S3-412998156,S3-223453487,S3-259444679,S3-923784522,S3-553336860,S2-860397487,S3-616867564,S3-59152175,S2-886588982,S3-64184113,S3-466035547,S3-407368765,S3-989417325,S3-513500497,S3-803203400,S2-143614907,S2-148212845,S2-728166595,S2-244581429,S3-539609567,S3-956285772,S3-85777234,S3-480943811,S3-285633760,S3-751071464,S2-318448248,S3-929238256,S2-446585847,S3-893127329,S3-130144839,S3-611112443,S3-857921746,S2-23059455,S2-297769178,S2-144757916,S3-919180108,S2-724144734,S3-576211254,S2-914319019,S3-458988960,S2-681317410,S2-822508319,S2-250783482,S2-904229871,S2-571965538
S1-338840619	S2-826391540,S3-580487492,S2-36061379,S3-452605056,S2-541576004,S2-49268162,S2-376197592,S2-712694790,S2-499970978,S3-483176316,S3-970044634,S2-617975221,S3-781546931,S2-81030404,S2-847639364,S2-666370160,S3-155286158,S2-530544248,S2-476685017,S3-61667923,S3-676735670,S3-66429991,S3-650117465,S3-201742774,S2-970560912,S3-119648435,S2-745858935,S2-500304361,S2-342006176,S2-715633089,S3-368217924,S3-551442332,S3-340783386,S3-550456996,S3-857678700,S2-870058118,S2-355301462,S2-910146414,S3-957994050,S2-853162464,S2-762252952,S2-439932778,S3-598797244,S3-771548807,S3-916873548,S3-387000994,S2-159119430,S3-211088838,S2-963565916,S3-696811033,S2-977512580,S2-690213466,S3-437819298,S2-785890760,S2-392983852,S2-514766483,S2-307484236,S3-589100429,S3-317804950,S3-414080952,S2-368363774,S2-694638616
S1-170960991	S2-203938458,S3-675009586,S3-61661813,S2-141766429,S3-638097452,S2-45071914,S2-611776626,S2-176453879,S2-865681369,S2-517411539,S2-172898922,S2-167206756,S3-640712286,S2-170543760,S3-219641637,S2-391914215,S3-591562140,S2-72109532,S3-289849242,S3-32940847,S3-487955323,S2-325414419,S3-750093551,S2-480126228,S2-344160358,S2-463843842,S3-356328247,S2-478822139,S3-805023613,S2-851238110,S3-477722069,S2-505328569,S2-465642879,S2-632410049,S2-236753378,S3-977859195,S2-905049598,S2-45314376,S3-273977910,S3-306737810,S3-224975335,S3-102451715,S3-898220650,S3-202552588,S2-146349824,S2-102856791,S2-543807747,S2-165416638,S3-102599179,S3-649210123,S3-962339909,S2-277126355,S3-685843783,S2-447271545,S3-914295425,S3-105795921,S3-134195078,S2-93445744,S3-682729997,S3-250398729,S3-568899518,S3-799203386,S3-232828066,S3-147973522,S3-27157849,S2-362600683,S3-911257472,S3-258256039,S2-369145556,S2-30979766,S3-159827762,S3-154710116,S3-452770740
S1-152967828	S2-613442444,S3-397307420,S3-533195659,S2-934983917,S2-196895681,S3-857661343,S2-646295392,S2-365077827,S2-374745311,S3-1033191,S2-743638650,S3-170195323,S3-273097248,S2-51363526,S2-527073160,S3-374031504,S3-858308031,S2-76080261,S3-355792538,S3-197668394,S3-891121855,S3-949656844,S2-478923597,S3-769826757,S2-617509531,S3-136791093,S3-189194788,S2-585332164,S3-472065261,S3-810604564,S2-223812929,S2-19925397,S2-579479988,S3-347093194,S2-347549160,S3-52904929,S2-449578781,S2-397175355,S2-175575862,S3-912059056,S3-760307215,S2-728748032,S3-641142850,S3-84437435,S2-60220510,S2-927099416,S2-815444916,S2-418229731,S2-491673309,S2-912182088,S3-288858547,S2-214416967,S2-689151299,S3-110418169,S2-105250974,S2-839427869,S3-970263582,S2-341506327,S3-310899168,S3-630185395,S3-166677498,S2-832692110,S2-463543324,S3-543180379,S3-373846159,S2-992512822,S3-298235113,S2-709976634,S2-633905411,S2-620985027
S1-13859063	S2-330204725,S2-840133168,S3-385081281,S3-11307910,S2-556478783,S3-340216632,S2-396200717,S2-651842132,S3-437768553,S3-797690762,S2-778554179,S2-426292802,S3-206371434,S2-161476122,S2-924993043,S2-538707200,S3-408433636,S2-927439815,S2-772588156,S3-904117438,S3-18473496,S3-94461583,S2-566796445,S3-910334346,S3-315750790,S3-863845480,S3-447448464,S2-68061385,S3-113875472,S2-336593012,S3-187328827,S3-505544021,S3-724994373,S3-672445100,S3-683215378,S3-24541751,S3-60818006,S2-67773294,S3-555894869,S2-445847221,S2-316935854,S2-675076934,S3-247158081,S2-638248621,S3-566125768,S2-834138257,S2-940597016,S3-755505402,S3-315721846,S3-420239281,S2-358006176,S2-232062824,S3-553590754,S2-887983551,S2-422935277,S3-324639997,S2-163362245,S3-963314919,S3-712868415,S3-339365778,S2-274894024,S2-661036235,S2-25933575,S2-539338575,S3-756197701,S2-510566395,S2-997942681,S2-727665,S2-588551697,S3-736898216,S2-634488277,S3-647554132,S2-663736970
S1-152217425	S2-891983850,S3-320892210,S2-710133999,S2-911946852,S3-496709322,S2-632809976,S2-69071776,S3-632999115,S3-179264236,S3-378781376,S3-317967494,S2-74417438,S2-456559794,S3-576153306,S2-198776059,S2-996222847,S2-127230271,S2-677361078,S3-132011564,S3-342384595,S2-561799341,S3-212507001,S3-419509268,S3-445078755,S3-888378937,S3-441292477,S2-642390000,S3-501299577,S3-519281183,S3-660058538,S3-300104137,S3-124618889,S2-804183832,S3-449224214,S3-769531851,S3-870769328,S2-548582752,S2-899050474,S3-550429378,S3-341639940,S3-161905121,S2-721095589,S3-396759299,S2-412035440,S3-621555952,S3-996390920,S3-703530448,S2-355171738,S2-228186968,S3-975532299,S3-81652494,S3-503939530,S3-977744093,S3-670113848,S3-376874751,S2-645795271,S2-673717263,S2-876144433,S3-642035598,S3-418644431,S2-550782661,S2-841748287,S2-795561516,S3-224532909,S2-990316841,S3-111845605,S3-9034895,S3-975374867,S3-371919133,S2-165551292,S3-692903905,S2-908151511,S3-247224963,S2-270443450,S2-762719636,S2-988716466
S1-113241674	S2-125444759,S3-787010949,S3-219312533,S2-15392990,S2-218229589,S3-337365826,S2-86207260,S2-194683371,S3-704588203,S2-667626408,S3-738247809,S2-303451162,S3-705869700,S2-848223855,S3-72306983,S3-874539641,S2-461400888,S2-580526090,S2-710133999,S3-764565144,S3-882333270,S2-32350390,S2-116796979,S2-14347570,S2-761711898,S2-469451236,S2-818669966,S2-262681979,S2-285751340,S2-230564787,S2-554582702,S2-996164548,S3-49644510,S2-976274862,S2-292248144,S2-669873893,S3-875486421,S3-261842654,S3-57818405,S2-424701471,S3-164142067,S3-15658901,S2-490477729,S2-693555245,S2-834920736,S2-753624641,S3-290180918,S2-66276836,S3-398916820,S3-278691926,S2-622764236,S2-611311903,S3-865950808,S2-431004912,S2-584814653,S3-634520800,S2-29932012,S2-489795633,S3-303206846,S2-683051929,S3-644802324,S2-750252709,S2-304934481,S2-578784308,S3-90393084,S3-672302361,S3-912008474,S3-156227321,S2-405341843,S3-514116185,S3-169085797,S2-354018227,S3-215796625,S2-59004329,S3-238658055
S1-711682948	S3-224626295,S2-934820328,S2-834353592,S2-189441348,S2-389818771,S3-651637678,S2-613451296,S2-464136995,S3-480608794,S2-525004910,S3-725661981,S2-837567507,S3-631534137,S2-682071600,S3-911312162,S3-40772321,S2-681064723,S2-253308634,S3-810388585,S2-701185974,S2-810915319,S2-928003558,S2-696094904,S3-41343912,S2-264507092,S2-248030430,S3-532055371,S2-867730028,S3-477936798,S2-441919235,S3-290388650,S2-538621757,S2-751389924,S2-488071645,S2-87502829,S2-178025693,S3-683032574,S2-44906773,S3-551218765,S3-634655058,S3-81652494,S3-278506355,S2-603383783,S2-825924587,S2-869879385,S3-521925136,S2-458233207,S3-922663579,S2-794115780,S2-599906671,S2-725858627,S3-677611330,S2-582180107,S3-304702980,S2-440770910,S2-919215435,S3-212206324,S2-381512450,S2-471166030,S3-640361796,S3-539487219,S2-608591729,S3-131036934,S3-751145839,S3-623000571,S2-792329125,S3-422846427,S2-654334893,S2-617863527,S2-20818044,S3-270007334,S3-843251921,S2-208966373,S3-251472341,S3-62700837,S2-238887989
S1-284209086	S3-323666433,S2-209200464,S2-949363441,S2-495793419,S2-235402418,S3-467225098,S2-252989755,S2-400714565,S2-308520060,S3-199017966,S3-389879517,S3-965519036,S3-299813922,S2-877598413,S2-19393564,S3-562251470,S2-325872877,S3-943032673,S3-274448663,S3-222310642,S2-846262463,S3-908633281,S3-82418772,S2-357767168,S2-211812429,S3-166231793,S2-168413389,S2-629026038,S2-303482744,S3-589089722,S3-473555160,S3-34252124,S3-887580850,S2-201089624,S3-746668512,S2-627238111,S3-730655231,S2-254411741,S2-902693716,S3-988801692,S2-526671841,S2-613417112,S3-519495284,S3-276572036,S3-534197790,S3-797690762,S3-287055298,S2-697216253,S2-974859045,S2-243821617,S2-90183654,S2-635438277,S3-867611128,S2-876148854,S3-540518160,S3-670292809,S3-413787382,S3-843851583,S2-164758226,S3-540677381,S2-631410361,S3-522461796,S2-75608025,S2-88574479,S2-639481447,S2-295564788,S2-526106012,S2-458448751,S3-21958997,S2-673856747,S2-971353836,S3-704378232,S2-722569778,S3-51925342,S3-120274761,S2-539943184,S3-776415773,S2-938536743,S2-75634404,S2-579981433
S1-537478269	S3-711192918,S3-47295071,S2-866686286,S2-750070126,S3-743036275,S2-362807602,S2-911956239,S2-921074376,S3-355993307,S3-867211711,S2-125859863,S2-570057266,S2-293780930,S3-6994759,S2-199713272,S3-741683325,S3-200067807,S2-621101162,S3-829736534,S3-206730524,S3-796866273,S2-650216158,S2-67921617,S2-644251488,S2-999197530,S3-661390363,S2-860216935,S3-264965317,S2-204090098,S2-44916392,S2-546426576,S2-95209804,S2-537645994,S3-937256627,S2-867814372,S2-976504304,S3-974457651,S3-315667068,S2-439293998,S2-406105988,S2-354091917,S3-729267832,S3-256521507,S2-479747059,S3-428516418,S3-208545469,S3-455985971,S2-330251499,S2-671324495,S3-471642037,S3-370018966,S2-300059355,S2-562990840,S3-701596000,S3-673167830,S2-424613319,S3-891173795,S2-839335978,S3-97563687,S3-577510868,S3-98748622,S3-708844377,S3-425834363,S3-194842431,S3-960221723,S2-62736893,S3-944463422
S1-208550511	S3-345989814,S2-283433987,S3-887439932,S3-522155890,S2-766825000,S3-375927054,S3-661706375,S3-81849998,S2-800522175,S2-175814275,S2-517604201,S3-880937685,S2-875814849,S2-508189457,S3-91211470,S3-155203556,S2-937423785,S3-137203279,S2-373198466,S3-162535846,S2-527099079,S2-604564589,S3-619279944,S2-390167188,S3-972578283,S2-801397011,S3-534760299,S3-121187304,S3-22498234,S3-747799541,S3-229769148,S2-315282227,S2-58857912,S3-160375207,S3-511140505,S2-983340750,S3-26518397,S3-688485106,S2-536514418,S2-345888576,S2-959349075,S2-729500571,S2-84813397,S2-774031665,S2-296850561,S3-778194057,S2-535304511,S2-246533409,S3-550746077,S2-865706404,S2-96201753,S2-908562469,S2-612174379,S2-313797573,S2-398772289,S2-291638083,S3-829615255,S3-311796795,S2-464887178,S2-293266267,S2-117695035,S2-171844982,S2-401906235,S2-94543649,S3-635157237,S2-38075830,S2-952083916,S3-969189771,S2-857074511,S3-688129072,S2-10022360,S3-10180366
S1-632136965	S2-131264573,S2-193519486,S2-530883776,S3-272401700,S2-389496819,S3-287551957,S2-662801686,S3-346847380,S3-71274665,S3-793864068,S3-322814327,S3-573944470,S2-442175885,S2-196898762,S3-816772239,S3-39474544,S3-607544019,S3-756152705,S3-112596128,S2-602682809,S2-811280656,S2-804403788,S2-497812544,S2-479954347,S3-696875685,S2-392844010,S2-117137934,S2-951855357,S2-499755795,S3-622499032,S3-909763896,S3-94971440,S2-765237014,S2-352379983,S3-31186533,S3-701720765,S3-986604156,S3-786461102,S3-897038161,S3-847506201,S2-834228481,S2-656948848,S3-509503082,S3-247638757,S2-908474052,S2-467001545,S3-311214392,S2-543871817,S2-126103359,S3-355011517,S2-165765238,S2-178117194,S3-898724872,S2-20674356,S3-270659770,S3-667473543,S3-674681380,S2-453572513,S2-106287419,S2-117695035,S2-869879385,S3-790715409,S2-366906658,S3-984763052,S2-648045851,S2-327901406,S2-951007298,S2-491327048,S2-70300079,S2-347017935,S3-326194839,S3-663835378,S2-289964561,S2-563768667,S3-468200406,S3-523745746,S3-89109387
S1-133868991	S2-372556393,S2-928620819,S3-884108415,S2-863674443,S2-249997299,S2-194659829,S2-196204984,S3-142299980,S2-161795968,S3-909650961,S2-420253722,S3-648367108,S3-190768737,S3-193175064,S3-734541685,S3-458156761,S2-681117372,S2-973464365,S3-405166328,S3-614363035,S3-175563074,S3-961664181,S2-766536822,S3-329791889,S2-245887185,S2-292395779,S3-622354310,S2-30466066,S3-769838460,S3-121616442,S2-120670010,S3-801701830,S2-290655819,S2-681568197,S2-293759502,S2-569185594,S2-520550170,S3-725210884,S3-245212466,S2-878928576,S3-31440757,S2-98527511,S2-767281816,S2-26466375,S2-903442324,S2-75708841,S2-646088386,S3-979083338,S2-18218879,S2-465889177,S2-913543316,S2-207462895,S2-592241135,S2-891272346,S2-274167062,S2-481213668,S2-61722392,S2-953044877,S3-443952098,S2-563604175,S2-257332011,S2-927043946,S2-142031060,S2-833193799,S2-609292694,S2-306314418,S2-540622617,S2-407004679,S2-441422968,S2-762899428,S2-446507103,S3-941993743,S3-441188460,S2-846876801,S3-263487275
S1-684878299	S2-176139646,S3-354566450,S3-938610500,S2-885153394,S2-704551757,S2-862762162,S2-786544564,S3-807594751,S2-905737147,S2-358567451,S3-68260927,S3-540428808,S3-926326834,S3-376039441,S3-242019036,S3-225460897,S3-479455333,S3-840878571,S3-594771054,S3-549870753,S3-724587574,S3-70013629,S3-285630862,S2-389661710,S2-734226718,S2-35264918,S2-988823880,S3-236873617,S3-456342053,S2-243486155,S2-336358047,S2-649681176,S2-856165672,S2-887589455,S2-428385629,S3-341024024,S2-880536660,S3-80394185,S3-694649203,S2-997452503,S3-137949314,S2-827862104,S3-474959939,S2-601569703,S2-576303948,S2-510681841,S2-607429289,S3-812671275,S3-775248829,S2-848497007,S3-801347242,S3-334883518,S3-433714177,S2-655087081,S2-814704822,S2-414061856,S2-199258629,S3-560736893,S3-684111261,S2-133708034,S2-581926192,S2-379349723,S2-201816258,S3-643263228,S2-457884736,S3-234826136,S2-733025108,S3-792128350,S3-129386364
S1-281356776	S2-343299056,S3-559551680,S2-187492752,S2-189157525,S3-828406749,S3-787938137,S2-482529127,S2-219534467,S2-871151022,S2-259955828,S2-46083391,S2-162012360,S3-569503640,S2-623375302,S2-195731736,S3-942170319,S3-445798276,S3-183570089,S2-384049427,S2-278552620,S2-16851429,S3-303074692,S2-547199669,S2-448750058,S3-636270265,S3-970272163,S2-329960445,S3-832880286,S2-59962775,S3-10186687,S2-55905968,S3-577857740,S3-761301210,S3-523047036,S3-113403816,S2-364225832,S2-16302762,S3-49753912,S3-206371434,S2-657373807,S2-274894024,S2-503324206,S2-154076219,S2-17846996,S2-432086941,S2-201199418,S2-494323945,S2-29753971,S2-137176332,S2-908103405,S2-316935854,S2-460515872,S3-999365314,S2-303915830,S2-688579003,S2-875461623,S2-958141082,S2-747753772,S3-140325232,S3-47209521,S2-772902056,S3-790967150
S1-40830766	S2-821281691,S2-669202712,S2-991604604,S2-710629140,S3-816081479,S2-774576625,S3-242051209,S2-816205839,S3-364992398,S2-896102199,S2-365167281,S2-183050312,S2-785171733,S3-940042304,S2-235976983,S3-745008740,S2-891142270,S2-831913614,S2-771659054,S2-296933351,S2-797406459,S3-949357823,S2-144152685,S2-367663348,S2-821893822,S2-473413592,S3-194038047,S2-33172182,S2-59874644,S2-988215924,S3-606776919,S2-186703584,S2-954365821,S2-278568865,S3-138876124,S3-886479106,S3-51639135,S2-324915977,S2-565073472,S3-167658441,S2-846708060,S2-208689583,S2-947133868,S2-259477709,S2-664764813,S2-473358008,S2-398581269,S2-928022441,S3-275360323,S3-928420819,S2-429078889,S2-298914373,S2-12458420,S2-966958910,S2-563049977,S2-655067434,S3-50429107,S2-534393699,S3-43270956,S2-762600640,S3-960702922,S3-196772926,S2-22700931,S2-198865310,S3-403248786,S2-165416638,S3-762696584,S2-802724006,S2-908168491,S3-863132785,S2-363779880,S2-964246343,S3-799203386
S1-89093509	S3-728639368,S2-369468926,S2-252156394,S2-63595673,S3-353342528,S3-921870008,S3-51584264,S3-901463377,S2-133379329,S3-712274579,S2-57054764,S2-68918440,S2-483668994,S2-526277674,S3-796871497,S3-889785699,S3-253128333,S2-471616572,S2-288894215,S2-768922688,S2-403876113,S2-299541630,S3-863757295,S3-754089081,S2-628814974,S2-222822607,S3-91726858,S3-695784917,S2-759542904,S2-610531467,S3-882774637,S2-616432525,S3-635391646,S3-371338164,S3-741236030,S3-281309792,S3-219921448,S2-344764973,S3-687948594,S3-827861356,S2-955285209,S3-771725380,S3-273245741,S3-225051020,S2-609214167,S2-311814169,S2-89038691,S2-287729619,S3-203457507,S2-351469447,S3-436074986,S3-880259335,S2-99469725,S3-78614365,S3-952375863,S3-462211529,S2-775244215,S3-149363352,S2-462517120,S2-751031269,S3-904946655,S2-659555046,S2-725969272
S1-954595905	S2-293227677,S3-339013298,S2-628010214,S2-715100610,S3-9208236,S3-512821392,S2-535680815,S3-4737363,S2-992393106,S2-377975587,S3-204556360,S2-274811566,S3-455220110,S2-351643471,S3-997028728,S2-796144393,S2-69608051,S3-531050438,S2-262225869,S3-900018703,S2-430423091,S2-953395235,S2-745843779,S2-751380772,S2-494606846,S2-874451827,S3-169632360,S2-534347372,S2-63797915,S3-155036705,S2-804860148,S2-729721165,S2-322800405,S3-422778305,S2-269216752,S2-361145708,S2-511587865,S2-82247162,S3-784625849,S3-936727604,S3-222322100,S2-629585097,S2-739427548,S3-760176952,S3-657326416,S3-520064465,S3-678368985,S3-837558160,S3-68059712,S2-226521083,S3-923325932,S2-583796367,S3-437043882,S3-536503329,S2-727014921,S2-891406198,S2-333497398,S3-739652886,S2-126700325,S3-590837990,S2-64271083,S3-784846691,S2-793282305,S2-57103345,S2-891638142
S1-287666599	S2-272151360,S3-462311143,S2-73377040,S3-358982885,S2-238342311,S2-803487149,S2-183956953,S3-773458063,S3-434237247,S3-253028260,S2-590622585,S2-438698035,S3-720853687,S2-913595486,S2-30525900,S2-160354482,S2-517482096,S2-72311199,S2-856431415,S2-67543387,S3-177746021,S3-858867791,S2-566192738,S2-649827955,S2-611426038,S3-546545505,S3-518239197,S3-105506284,S2-897930527,S2-47667961,S3-105011573,S3-605846378,S2-302441534,S2-590221606,S2-142271329,S3-876420945,S2-523031614,S3-448852670,S2-453796281,S2-259655871,S3-498535611,S3-861134307,S2-196156516,S3-836860729,S2-907293534,S3-192361809,S2-489600685,S3-563709941,S3-903485953,S3-349496943,S3-664385456,S2-16597771,S2-288413584,S2-535571129,S2-917950737,S2-263622171,S2-48866343,S2-634467225,S3-42392906,S3-960249828,S2-963565916,S2-974528001,S3-720976580,S3-308734864,S2-967974285,S3-202926003,S2-672507439,S3-543704731,S2-611742470,S2-783742788,S2-361329158,S2-546554595,S3-105220328,S3-113453925,S3-327784321,S2-854676522,S3-624987815,S2-976085350,S3-917746660,S2-878768582
S1-952988982	S2-595414933,S2-933449184,S3-277697430,S2-36747984,S2-941572722,S2-949265502,S2-984226971,S2-952201155,S2-905395948,S3-621162120,S2-462955243,S3-291633138,S2-529341139,S2-435713935,S3-499144097,S3-418397399,S3-924577515,S3-577677531,S3-937604614,S3-802949721,S2-146711048,S2-186477879,S2-134341052,S2-949254052,S3-128333997,S2-840138340,S3-1708126,S2-673801962,S3-695191524,S3-755124914,S2-618653252,S3-268685976,S2-641105270,S2-865535932,S3-780721307,S2-257733841,S2-223472446,S2-308575945,S3-914734518,S3-480227250,S2-372609733,S2-877297511,S3-16185268,S2-108075616,S3-895114093,S3-693060685,S2-635483565,S2-32257105,S2-959446760,S2-437128444,S3-952164188,S3-364978925,S3-239633633,S3-468708763,S3-28019808,S3-510297461,S2-315317562,S2-117059019,S2-904031766,S3-484564739,S3-205122250,S2-425397364,S2-730120417,S3-392725175,S3-532517329,S3-351924596,S3-142391530,S3-864543325,S2-105354914,S2-578987912,S3-714275237,S3-256514914,S3-328203524,S2-245709451,S2-852971464
S1-349873839	S3-909822550,S2-570937015,S2-899446261,S3-378907298,S2-816210998,S3-946323575,S3-579638496,S2-445378376,S3-320623609,S2-348289362,S2-353205003,S2-211719163,S2-542355547,S2-316728650,S2-525429307,S2-249802986,S2-316636694,S2-112894591,S3-289566539,S2-819222728,S3-943010245,S2-289825697,S2-640982732,S3-337073328,S2-145376316,S2-438191278,S2-492571082,S3-982335878,S2-963311034,S2-48947979,S3-171804547,S3-432825192,S3-608626530,S3-423868740,S3-82623256,S3-806604568,S2-253412037,S3-279044583,S2-413822422,S2-629132795,S3-370018966,S2-347715709,S2-225664845,S3-674955462,S3-654912648,S2-185199099,S3-690657770,S3-624714831,S3-95492421,S2-865536615,S3-927256107,S2-401964317,S2-427815191,S3-327978038,S2-673049982,S2-566981157,S2-80952010,S2-108583420,S3-787320832,S2-671775676,S2-132158251,S2-243328963,S2-197173415,S3-523546604,S3-933074631,S2-621809296,S3-590313890,S3-148967678
S1-279661956	S2-760122386,S3-124271680,S2-345480531,S2-370062955,S2-543421476,S2-231050538,S2-650777122,S2-366731923,S2-860478482,S3-367756343,S3-571546913,S2-988829715,S2-130460888,S3-26219917,S2-106759777,S2-146315013,S3-599686255,S3-131532854,S3-354490234,S2-582731905,S2-791815488,S2-524565588,S3-943869344,S2-761748949,S2-696744966,S2-803730470,S3-124784374,S3-236390144,S2-2670847,S2-679408182,S3-373846158,S2-887297896,S2-622879631,S2-723584001,S2-578590880,S3-116867893,S3-322576637,S2-674920697,S2-208623517,S2-880764652,S3-162862785,S2-52815085,S2-791429680,S3-574263866,S3-446436554,S2-441259680,S3-582310331,S2-531426283,S2-772364231,S2-59280127,S2-261618486,S2-804677280,S2-51363526,S2-920340516,S2-596315569,S3-396691169,S3-590813839,S2-265754056,S2-657108385,S3-531066512,S2-584814653,S2-657114549,S2-517129252,S3-509247297,S2-937109222,S2-418256463,S3-619469715,S3-839896022,S3-844653814,S2-778917413,S2-904984460,S2-64153032,S2-161886862,S3-925815434
S1-353948236	S2-603717216,S2-907823773,S3-448551908,S3-388933339,S3-940027522,S3-442918760,S3-328330417,S2-667274253,S2-48566550,S3-828783048,S2-809287562,S3-432315802,S3-241220146,S2-154123245,S2-594804028,S2-246676918,S2-683817893,S3-656956737,S2-95212748,S3-805458369,S2-432411665,S2-117597110,S2-367775749,S2-915811579,S2-928684896,S3-703820738,S3-555264023,S2-102352925,S2-729329669,S2-784927359,S3-504141451,S3-149319926,S3-984544511,S2-300929164,S3-347802958,S3-30859174,S2-486149503,S2-863641602,S2-900398799,S3-972440505,S2-985833849,S2-501461489,S3-299520841,S2-240041185,S2-228185841,S2-485497007,S2-403315998,S3-4626783,S2-104533087,S3-436760952,S3-290667541,S3-438951846,S3-229549217,S3-81629181,S3-495222869,S2-480113059,S2-872312323,S3-455305031,S3-569006770,S3-866936827,S2-868571048,S2-769514492,S2-203272924,S3-19168567,S2-959847405,S3-276074437,S3-910070615,S3-402298446
S1-126927804	S3-51661,S2-55452619,S3-730424649,S2-154655572,S2-270182492,S3-870774686,S3-868936689,S2-568882672,S2-469312440,S2-278376019,S2-957959197,S3-194245231,S3-662683506,S2-194166943,S2-708630767,S2-81292066,S2-600438525,S2-593515230,S2-562292905,S2-12779077,S3-846429374,S3-361470430,S2-150662180,S2-644676525,S2-31756037,S3-352295331,S3-339819110,S3-423305106,S2-521840497,S2-629591811,S2-26416963,S3-908711544,S2-403004422,S2-439786382,S3-312516944,S2-530493518,S2-99136836,S3-453666157,S3-96747682,S2-185170546,S2-557334223,S2-75744755,S2-561317555,S2-288424236,S3-51532920,S3-57797592,S3-672120292,S2-404621519,S3-451642542,S2-379264064,S3-856628213,S2-360831214,S3-387456739,S2-672381387,S2-498484046,S3-526525584,S2-890710365,S2-81124098,S2-762900092,S3-314039512,S3-632129880,S2-720508994,S2-225516160,S2-572850205,S2-215895230,S3-930230504,S2-562932489,S2-77660416,S3-987628102,S2-828364595,S3-181414603,S2-161142457,S3-889013194,S2-821426502,S3-526878002,S3-964660723,S2-354995381
S1-627443733	S3-525738713,S2-119346048,S2-248909201,S2-588095356,S3-162528796,S2-150997100,S2-138227554,S2-445316560,S2-687036509,S3-871648275,S3-205983028,S2-203207503,S3-388869702,S2-971715985,S2-132940030,S3-528334331,S3-838252206,S2-421077741,S2-634816392,S2-925578651,S3-518253613,S2-57511311,S3-650784579,S2-55126864,S3-392476214,S3-588591061,S2-844042194,S3-113041336,S2-869526823,S2-159098633,S3-383646571,S2-409366097,S3-418501298,S2-829905843,S3-63639446,S2-828719129,S3-643354361,S3-573827522,S2-440835372,S2-329960445,S3-135372133,S2-940397835,S2-537019930,S2-660015464,S2-320337599,S2-435390800,S2-25679689,S2-657373807,S3-479547424,S2-599112374,S2-856318585,S3-695060764,S2-513640291,S2-855743165,S3-689746930,S2-993250954,S2-301667789,S2-985295937,S3-337797724,S3-377299769,S2-130141140,S2-716367683,S3-416477058,S2-96201237,S2-802724006,S3-119777987,S2-16302762,S3-153072441,S2-664863402,S3-607044879,S2-871151022,S2-264423020,S2-490477729
S1-280818643	S3-156124989,S3-453426492,S2-376376659,S3-143044228,S2-471248968,S2-762793223,S2-821682123,S3-759621975,S2-58830756,S2-292592054,S3-99283693,S2-647777235,S3-227627730,S3-516348604,S2-840674220,S2-152690112,S2-217559270,S2-455931286,S3-606785342,S2-183800183,S2-76488310,S2-328515611,S2-948927387,S2-269775293,S2-273027100,S3-468283890,S3-300313238,S2-967352994,S2-968354465,S2-779589177,S2-51419887,S2-717686537,S2-293780930,S3-85987012,S2-912624364,S2-264519859,S3-557589596,S2-411395943,S3-744950017,S2-565690882,S3-648024240,S3-388933339,S3-124316443,S3-289000794,S3-123472655,S3-626256445,S3-511681405,S3-290667541,S2-253979160,S3-675117877,S3-583243513,S3-175903283,S3-354648580,S3-372993654,S3-980789789,S3-180670742,S3-502050156,S3-186923388,S3-400680910,S3-269845253,S3-822826024,S3-870769328,S3-115317461,S2-373136274,S2-364141007,S3-754804826,S3-508197964,S2-460492592,S3-925010676,S2-606891597,S3-397307420,S3-291795674,S2-594279211,S2-689151299
S1-974716750	S3-138828927,S2-595503042,S2-663098623,S2-491820829,S2-154394247,S2-333368088,S2-797310778,S3-751783063,S2-908551000,S2-447666353,S3-25170016,S3-680969648,S2-158757260,S3-215505161,S2-227305150,S2-858310393,S3-354304211,S2-894400514,S2-547767290,S3-963675272,S2-646274481,S3-95584411,S3-500636481,S3-868297721,S2-254271213,S2-480530644,S3-611913482,S2-713247938,S2-253676660,S2-454363045,S3-634873561,S2-540105563,S2-529701011,S3-389330120,S3-140134482,S2-683942776,S3-881165482,S3-776332294,S2-204586085,S2-497944131,S2-62312136,S3-387000994,S2-159376061,S3-631988653,S3-25463383,S3-101104433,S2-439883667,S3-920658684,S2-946265623,S3-471812874,S3-376343258,S2-67741378,S3-381544308,S3-670288888,S2-891032807,S3-363420972,S3-825434233,S2-776140833,S3-807958334,S3-938958133,S3-202926003,S3-534011204,S2-300618629,S2-634467225,S3-985306246,S3-535913229,S2-375035645,S3-558792998,S3-560377002,S3-490555144,S2-641105270
S1-85500745	S2-89572020,S2-181987583,S2-779405377,S2-829715015,S3-369179190,S2-325506489,S2-527365635,S2-169781152,S2-820052038,S3-137203279,S3-712724213,S3-470852642,S3-795172385,S2-422832756,S2-955374431,S2-432364520,S3-504532310,S3-557589596,S2-932122659,S2-914864625,S3-823718971,S3-423607518,S3-913386839,S3-987737974,S3-418373158,S2-104510034,S3-440585281,S2-949390083,S2-257098293,S3-339679437,S2-875814849,S3-643697854,S2-195421473,S2-355895406,S2-285859028,S3-566819481,S2-352747290,S2-702273799,S2-712994058,S3-633998961,S2-616473538,S3-413621307,S3-421850924,S2-318294094,S2-988824861,S2-556903270,S3-568564318,S2-201581429,S3-188468449,S3-917173169,S2-826262059,S2-727514766,S2-972768907,S2-822065881,S3-343023894,S2-749984637,S3-962832147,S2-925296587,S2-641706074,S2-17349916,S2-888036197,S3-211088838,S2-99200588,S2-293776580,S3-344031260,S2-265499693,S2-84875444
S1-452308590	S3-872652637,S3-401623330,S3-34435765,S2-654086957,S3-973415925,S3-456684092,S3-94966201,S2-630688873,S2-308859411,S3-37180132,S3-791120579,S2-985269303,S3-963851783,S3-66095919,S2-565474721,S2-653469113,S3-923885053,S2-287054678,S2-91653620,S3-956808998,S3-600827052,S2-821383594,S3-780402615,S2-104656353,S2-695688422,S2-160979579,S2-536126482,S3-553947782,S3-76805206,S2-570375086,S2-267819172,S2-397065527,S2-69415070,S3-776209058,S2-472108980,S3-774874979,S2-200851154,S3-807832431,S3-778074940,S2-332785331,S2-951006895,S2-139777201,S2-897712063,S2-575321114,S2-544197083,S3-779730488,S3-942009943,S3-860310373,S3-681068780,S3-269584157,S2-476685017,S3-126680014,S3-737445421,S3-70292951,S3-420352437,S3-793299965,S2-259977288,S3-343022661,S3-404252767,S2-622481215,S3-113675795,S3-980982347,S2-451700849,S2-144839551,S3-942781577,S3-980633150
S1-330281696	S3-150772515,S2-970808601,S2-591556489,S2-505328569,S3-356328247,S3-103232482,S3-636433004,S3-871736197,S2-246683352,S2-707195845,S2-861683910,S2-12197952,S2-422696651,S3-844029023,S3-142717788,S2-575524639,S2-849117792,S3-818579995,S3-997058358,S2-791856232,S2-195372001,S2-689428234,S2-192504329,S3-825263544,S3-317072557,S3-750093551,S3-110594046,S3-226330260,S2-868771496,S2-145851590,S2-45071914,S3-888746070,S3-966557042,S2-554886397,S2-769593268,S3-542768559,S3-832383492,S2-357492728,S2-166325550,S2-772959226,S2-51820084,S3-566328140,S3-581718562,S3-442546664,S2-624007311,S2-473761277,S2-379118065,S2-309352140,S2-133568758,S2-915821365,S3-576758130,S3-250876357,S2-70247599,S3-83335472,S2-322536831,S3-79776428,S2-692440516,S3-258531423,S3-346435341,S3-809886365,S3-967616315,S2-727779415,S2-439486038,S2-291198685,S2-565674566,S2-420062889,S3-759698492,S2-639632705,S3-315993616,S3-59971944
S1-75862106	S2-889599681,S3-372380067,S3-910943569,S3-721819099,S2-718652615,S2-489850832,S2-599519312,S2-42101335,S2-869910782,S3-838296338,S3-760165833,S2-849580158,S2-10006430,S2-894784395,S3-961861827,S3-49282967,S3-141650086,S2-55018240,S3-189587079,S3-659993517,S2-689343241,S3-306592033,S2-70908933,S3-535428097,S3-352758621,S2-826305109,S3-231862093,S2-11819500,S2-406647796,S2-919770238,S2-185984569,S3-685244710,S3-2773522,S3-510415101,S3-373818597,S3-517141271,S3-294275787,S3-719871211,S3-690694364,S2-554776207,S2-467221037,S3-602127558,S2-180539860,S2-67294215,S2-906367384,S2-450924279,S3-671461069,S3-533724050,S3-426541071,S2-578915025,S2-373224198,S3-779915458,S2-380022876,S3-654320406,S3-10361180,S3-348867698,S2-546489139,S2-668570916,S2-911956239,S2-492046601,S3-700982319,S3-749059396
S1-763496609	S3-370257539,S2-528833510,S2-214704843,S2-133110262,S2-454388173,S2-597814328,S3-656883852,S3-127344332,S3-377912860,S3-440468063,S3-561510857,S2-873522729,S3-935550753,S3-291320716,S2-661140913,S2-202145719,S2-925713191,S2-549500452,S3-845751067,S2-290526052,S3-49126051,S3-641036111,S2-964619141,S2-334680315,S2-751140686,S2-912507216,S2-56631800,S2-260761338,S3-362352614,S2-692007551,S3-295324850,S2-621519915,S2-638837536,S2-16088526,S2-609856602,S2-298794459,S2-235111620,S2-383200387,S2-91347281,S2-879959263,S3-93402322,S3-603410948,S3-49826653,S2-770240710,S3-275561289,S2-600385395,S2-877665268,S3-442829559,S2-734607199,S2-341127446,S3-614320827,S2-329444574,S2-268505435,S2-508857969,S2-846746205,S3-499482118,S3-306644842,S2-612031052,S2-703430268,S2-915150941,S3-403882358,S2-136292696,S2-827275925,S2-256577191,S2-824135093,S2-826877471,S2-411562397,S2-430060563,S2-777730349,S3-731963102,S2-358648726,S2-59450333,S2-710506734,S2-721588286,S3-155822857,S2-563789790,S2-185537657,S3-318595667,S2-754878127,S2-486015232
S1-631165181	S2-112241,S3-797611444,S3-91568306,S2-595565512,S3-12331662,S2-218416287,S2-634645904,S2-872956773,S2-337282143,S3-207347370,S2-773494057,S3-90352138,S3-582655813,S3-892359141,S3-954342757,S2-915677646,S2-387019026,S3-95768369,S2-346176476,S2-125926135,S2-353778232,S2-181316842,S2-426274147,S2-268322278,S3-380295664,S2-734562288,S3-756474034,S2-710384587,S3-738399635,S2-888684004,S2-591448531,S3-504873323,S3-74422647,S3-517490729,S3-568071793,S2-651192805,S3-950992569,S3-413804447,S2-521568657,S3-398781836,S3-962163521,S2-281120812,S2-656496226,S3-163059795,S2-236500045,S3-225251370,S3-140134482,S2-616827337,S2-477841083,S3-436553786,S3-761402195,S3-563789955,S2-362878273,S3-851266703,S2-881402595,S3-913004794,S3-332852923,S3-486039249,S2-737834652,S3-320666275,S2-735748298,S3-916943607,S3-85936851,S3-878620931,S3-780076256,S2-567599383,S3-297368423,S3-989383398,S2-519165993,S2-630374803,S2-549988202,S2-55327464,S3-617804609,S2-421974100
S1-737977090	S2-845683674,S3-879213116,S2-147569802,S2-347156612,S2-956579766,S2-796561303,S2-604300556,S3-494693556,S3-276957861,S3-549499180,S2-145753282,S3-747040227,S2-693682723,S2-168043586,S3-568675625,S2-919402587,S2-95303723,S2-28695883,S2-149845283,S2-808859926,S2-568362859,S3-88542583,S2-249266164,S2-85642806,S2-80228966,S3-630633029,S2-460552614,S3-33973954,S3-31661312,S2-772458801,S2-89845899,S2-470767395,S2-720715628,S2-53065846,S3-356542257,S2-531849140,S2-417005644,S2-605892233,S2-488076865,S2-804939908,S3-214053553,S3-174520160,S2-46926215,S2-870680107,S2-689806724,S2-132893439,S3-289251880,S2-834638344,S2-399028407,S3-561632160,S2-69798226,S3-443479302,S2-760038969,S3-762304498,S2-314464701,S2-519260263,S3-78255643,S2-211639975,S2-266891331,S3-327911004,S2-392609321,S2-417021356,S2-447643251,S3-111060011,S3-319763691,S3-897845855,S3-325479380,S3-988538174,S2-780607486,S2-431662926,S2-534682798,S2-261913915,S3-589375402
S1-987994833	S2-621857303,S2-582359074,S2-62698041,S2-300588139,S2-584153477,S2-753002679,S3-189951408,S2-673494235,S3-923899279,S3-746328789,S3-561725934,S2-99652803,S2-594118702,S2-224379648,S3-791641083,S2-246875770,S3-373938429,S3-955906689,S3-15219142,S3-26232197,S3-915015664,S2-484559177,S3-740476847,S2-874349392,S3-590045230,S3-865044079,S2-994969595,S3-490285214,S2-516995550,S3-771204573,S2-522135351,S3-835907584,S3-649990817,S2-770724988,S2-810791111,S3-363407515,S2-628467287,S3-401338916,S2-629013822,S3-161604542,S3-34164222,S2-997075825,S3-183164007,S3-129283069,S3-261668341,S3-736640530,S2-557352853,S2-275274403,S2-594630623,S2-122125858,S3-659341903,S3-545041651,S2-934436102,S3-895735788,S2-318088114,S3-926220655,S3-715278228,S2-529101052,S2-984455857,S3-783631819,S3-484589045,S3-717402986,S3-70551931,S2-568882672,S3-154517457,S3-677121608,S2-477191001,S2-970311459,S2-978258725,S3-128714695,S2-726906183,S2-350540796,S2-143045019,S2-47418170,S3-275349290,S3-362853940,S2-211872713,S2-900005165,S3-957059794,S3-547347727
S1-512288351	S2-187697334,S3-458879252,S2-305506065,S2-303178098,S3-502913965,S2-709026541,S2-910157589,S3-849243092,S2-838477753,S2-846262463,S3-237805695,S2-538075936,S2-177344663,S2-349666272,S2-757543295,S3-907610510,S3-155813354,S3-770613933,S2-10616939,S2-743305304,S2-795179437,S3-368879015,S2-78881795,S3-31185970,S2-879172710,S3-977786380,S2-689214924,S3-909715786,S2-548576043,S2-916475560,S3-250539604,S2-55469073,S2-367775749,S2-977435992,S3-383729680,S3-449578925,S3-356263953,S2-121795405,S3-125666426,S2-55136200,S2-151043534,S3-413287427,S3-795973989,S2-259477709,S3-175265312,S2-966971224,S3-956828939,S3-76550766,S2-851754490,S2-665553562,S2-22700931,S2-50131368,S2-2785320,S3-477665373,S2-954814329,S3-161781223,S3-605628947,S2-742734469,S2-711456492,S3-351271265,S3-927610627,S3-114876705,S3-196200700,S2-588935883,S2-292345315,S3-639087821,S3-47035394,S2-75608025,S3-255830893,S3-945691973,S2-938323682,S2-919667846,S3-161598289,S3-660029267,S3-975997048,S2-72094296,S2-359386938,S3-256023069
S1-198026451	S2-96201237,S3-585579178,S3-798008049,S3-890922145,S2-164493706,S2-706360388,S2-416029438,S2-482276567,S3-437394964,S2-664764813,S2-738595618,S3-466583505,S3-996431609,S2-934932345,S3-872752642,S2-954571872,S2-333569615,S3-316805430,S2-287287357,S2-560449715,S2-635360483,S2-118852279,S2-343123394,S3-129120492,S2-896696403,S2-564105006,S2-69965969,S2-75178902,S3-468973552,S2-276290174,S3-162491522,S3-197424360,S2-775280358,S3-244790876,S3-436825166,S3-978040593,S2-447791233,S2-693193772,S2-444503858,S2-737810400,S3-332441961,S2-136090300,S3-243480060,S3-404455209,S2-437610906,S2-43059714,S3-173174736,S3-257404327,S2-534311451,S2-877085471,S3-582655873,S2-373322713,S3-898040613,S2-997075825,S2-736042244,S2-719953503,S2-903791105,S3-736640530,S2-133132935,S2-399052000,S2-9723901,S3-416046471,S3-633444556,S3-311855120,S3-781733238,S2-481114830,S2-389800347,S3-684156557,S3-820719643
S1-493059116	S2-647916136,S3-660058538,S2-117676729,S3-27035825,S2-541270485,S2-465377550,S2-910920599,S2-539393537,S3-399615003,S3-533346881,S3-46320873,S3-502782088,S2-556803824,S2-688957495,S2-905476967,S3-793573279,S3-656293645,S2-863269651,S3-133922628,S3-159854892,S2-173840391,S3-697761654,S2-168155270,S2-681609924,S3-672357851,S2-601697436,S2-683771462,S3-823442303,S2-538112826,S2-877096489,S2-754051189,S2-14952929,S2-40923800,S3-873134369,S3-349514487,S2-187220411,S2-502416225,S3-907516692,S3-842913948,S2-515786024,S3-978399510,S2-869229747,S3-971110098,S3-943452243,S2-783092008,S3-272050575,S3-871276323,S3-343977713,S2-565766655,S2-332541981,S3-273690584,S2-988362074,S3-479991587,S3-517084261,S3-608288581,S2-706054717,S3-355795260,S3-861600310,S3-733868839,S3-412975282,S3-582255764,S2-312514311,S3-396759299,S2-845806476,S3-86200663,S2-755958289,S3-660756657,S2-860344110,S2-869879385,S2-921586557,S2-575343427,S2-9116710,S2-970016569,S2-894768766,S2-199326751,S3-869696744,S3-79431040,S3-543641026,S2-809386295,S3-287401166
S1-708417088	S2-245480717,S2-12779077,S2-448720779,S2-403433940,S2-672902049,S2-23752133,S2-699778678,S2-104884245,S2-231763588,S2-966560033,S2-213550532,S2-264144866,S2-850389621,S2-878310935,S2-524442597,S2-313104341,S2-790425886,S2-246426291,S2-982088229,S2-472234384,S2-605538607,S2-397641530,S2-416401803,S2-825954032,S2-76019573,S2-738477426,S2-843503740,S2-287740185,S2-136178958,S2-149370940,S2-132866128,S2-768046661,S3-621251464,S2-527268589,S2-213874601,S2-860136380,S2-324430030,S2-183033187,S2-846178894,S2-426144370,S3-20878480,S3-131889212,S3-301389993,S2-549680077,S3-770560806,S2-620505687,S3-581779166,S3-565249229,S2-891935518,S2-321302580,S2-976689122,S3-57554529,S3-508912552,S3-874931605,S2-371061184,S2-655597234,S2-554094203,S2-696932,S3-731918750,S3-697673449,S2-164376931,S3-968421023,S3-969249992,S2-828777720,S3-29646153,S3-250750724,S2-382973609,S2-906463696,S2-162069686,S2-314871912,S2-385569092,S2-445398027,S2-817052104,S3-704590786
S1-548116192	S2-25973612,S3-485458754,S3-249312386,S2-109375233,S3-564907767,S3-59474892,S3-384530233,S3-950386493,S2-802605821,S3-227362390,S2-917225023,S2-490084155,S2-560040430,S2-276147669,S2-785442361,S3-452679978,S2-150000368,S2-738309193,S3-397744173,S2-819293089,S2-512659256,S2-921030991,S2-83042259,S2-778907688,S3-670677682,S2-25707762,S2-892115752,S3-642940645,S2-919958047,S2-422884505,S2-91125389,S2-922673479,S3-390097229,S2-561871104,S2-786111039,S2-541166243,S2-616714967,S2-165951706,S3-337954442,S3-231969211,S3-315442890,S3-487782583,S2-398031801,S2-922382020,S3-125626052,S2-729718584,S2-245407427,S3-492929855,S2-494433063,S2-808915701,S2-29424513,S2-120277302,S2-875462793,S3-376769524,S3-132178907,S3-167573768,S3-599179490,S3-879300154,S3-278727955,S3-461792631,S3-601116911,S3-400736852,S3-752413192,S3-332852828,S3-245763777,S3-360467217,S2-884353568,S3-969649464,S3-485408830,S3-213378060,S3-18489797
S1-74901450	S2-984241859,S2-765180811,S3-63857426,S3-968421023,S3-264700180,S3-131889212,S2-243072146,S3-393486943,S3-740718670,S3-704023784,S3-202890629,S2-995109858,S3-764724159,S2-725878569,S2-799765652,S3-343465725,S3-540691273,S2-369752988,S3-836343374,S2-230457131,S3-100410204,S3-52408285,S2-720208474,S3-500708946,S2-799015934,S3-838119522,S2-280193188,S2-203594124,S3-940974175,S2-428861032,S2-53476895,S3-832850046,S3-539578717,S2-549680077,S3-886408025,S2-584065093,S3-328522787,S3-946834033,S2-501778609,S3-754879528,S3-518639121,S3-507397691,S3-625734934,S2-523030647,S3-120935082,S2-573785986,S3-810626450,S3-516953165,S3-297154297,S3-317784311,S3-883319928,S3-765618618,S3-99921495,S3-455817384,S2-864905500,S2-234381814,S2-956723748,S2-976962349,S3-533903911,S2-473142058,S2-222090680,S2-877549475,S3-209059415,S2-968252585,S2-838966683,S2-422398104,S3-273977910,S2-66365564,S3-959640485,S3-225874382,S3-304508041,S3-761346458,S3-134665094,S3-250570873
S1-19868030	S3-947521746,S2-787998914,S3-586466116,S2-235969358,S2-241685542,S3-573962207,S2-55018240,S3-535428097,S2-185984569,S2-538089903,S3-690694364,S2-174396062,S2-217808026,S2-334060084,S2-555854232,S2-578915025,S3-223687558,S2-641228149,S2-53030812,S3-348867698,S3-168890216,S3-749059396,S2-205249802,S2-388764352,S3-942532880,S3-309864461,S3-604834040,S3-533724050,S2-671966057,S2-8750634,S2-808074258,S3-77079883,S2-803060741,S2-103908855,S2-854568174,S2-146301549,S2-381687746,S3-261597701,S2-508046754,S2-953042693,S2-463613771,S2-619531545,S2-630601224,S2-534415637,S3-416017683,S3-506388347,S3-60200006,S3-686085273,S2-741886456,S3-876520610,S3-417645562,S3-626472668,S2-924089877,S2-67294215,S3-134684974,S3-675899579,S2-597744018,S2-438678740,S2-430423091,S2-518692071,S3-827527656,S3-969189771,S2-688766548,S2-412135828,S2-777826651,S3-272319076,S2-711767578,S2-843415575,S3-861600310,S3-69024387,S2-505104098,S2-614580815,S3-792449129,S3-398011682,S2-851404789,S3-919367249,S2-909917104,S2-486290046,S3-171705555,S2-944091149
S1-460136045	S2-550046468,S3-307139168,S3-809690441,S3-303097198,S2-659300097,S2-713031052,S3-955149216,S3-983009332,S2-504869514,S3-526805622,S3-520632322,S3-70967762,S3-234931047,S3-358744532,S2-382549229,S3-361889244,S3-352571127,S3-269732947,S2-42223728,S3-897082727,S3-472910996,S2-339142042,S2-303507876,S3-970751827,S3-355456565,S3-306682201,S3-196926881,S2-82846999,S3-385851146,S3-394403555,S3-710073562,S2-640420911,S2-690767550,S3-666886966,S2-192473864,S3-312592523,S3-292229247,S2-86733399,S2-405144389,S2-991913480,S3-353910299,S2-453685980,S3-513841788,S3-345609352,S2-639191251,S3-837852480,S3-143069160,S3-79824091,S3-766272393,S3-636120881,S2-648793540,S3-606543976,S2-976018064,S3-145093694,S2-905594244,S3-205445563,S3-955001772,S2-509138112,S2-141508445,S2-775484419,S2-625365305,S2-864475923,S3-390013790,S3-767084592,S3-682995762,S3-986505539,S2-783200505,S2-599774274
S1-332388880	S2-995685468,S3-664955520,S3-254529977,S2-720463342,S2-938541625,S2-230109873,S2-244793053,S3-955991590,S2-758590607,S3-379984324,S2-938910288,S3-402867760,S2-461874160,S3-198890539,S2-907888071,S2-569725535,S2-488186065,S2-919219917,S2-469780679,S2-402012174,S3-51724612,S3-652830689,S3-843748942,S2-162390837,S2-589224306,S2-354223872,S2-766754161,S3-138537868,S2-96979646,S2-94656370,S2-759555260,S2-204636630,S3-201439701,S2-190273831,S2-716687956,S2-255178941,S2-505812513,S2-254994837,S2-593004219,S3-750905129,S2-426784242,S2-494754553,S3-144138787,S2-33426944,S2-736455959,S2-51873388,S3-128006494,S3-497277452,S3-213458259,S2-323512047,S3-12982651,S3-532851394,S2-857993643,S2-421111238,S2-438085957,S2-403887208,S2-922011742,S2-236577190,S3-245534902,S2-280110711,S2-579598122,S2-26704885,S3-392756892,S2-430578938,S2-140844769,S2-811072158,S2-545906582,S3-991802869,S2-611542257,S2-934887394,S3-632834138
S1-792880767	S2-366657937,S2-36951559,S2-540205713,S3-775086097,S2-486153386,S2-124538411,S2-515205778,S3-871727307,S3-779692554,S2-359710026,S3-525168084,S2-688438455,S2-788095179,S2-520980817,S2-949012790,S3-530396479,S2-50834050,S3-788909949,S2-256609700,S2-762482264,S2-637677106,S2-577133785,S2-505253212,S3-985804198,S3-516630795,S2-7194237,S3-240454133,S2-328900052,S2-626479709,S2-831204775,S2-162486904,S2-685692005,S3-350496615,S2-965654849,S3-572801661,S2-331103043,S2-328706276,S2-191214217,S2-561796765,S3-17714702,S3-850261723,S2-8864337,S3-289805121,S2-4285813,S3-807042076,S3-304621902,S2-461599564,S2-111018689,S2-690532976,S3-939057194,S3-84788014,S2-662333551,S3-926936408,S2-999218522,S3-568697259,S3-693141979,S3-895114093,S3-228245801,S2-551798102,S3-415637811,S2-678360983,S2-546554595,S3-432702220,S2-865706404,S2-616714967,S3-217691217,S2-441729075,S3-918803529,S3-323550763,S3-133453818,S3-594039593,S2-381289740,S3-596333065,S2-724144734,S3-196853132,S2-292552164
S1-457615425	S2-926575050,S2-724036192,S2-603635417,S2-895820835,S2-723832431,S2-651071923,S3-35914833,S2-438753836,S2-485213030,S2-428875120,S3-806582215,S3-518536342,S2-711363445,S3-223601181,S2-647511333,S3-4487716,S3-728184371,S2-505317886,S2-799122968,S3-124272866,S2-463306239,S3-447101144,S2-844263640,S2-423131785,S3-583028491,S2-339496387,S3-511742220,S3-640730215,S2-508602353,S2-263273654,S2-925511054,S2-282961773,S3-837585996,S3-250519428,S2-368417899,S2-527695405,S2-537634897,S3-68635253,S2-461563520,S2-418380949,S2-130130016,S3-229970219,S3-365392815,S2-842934644,S3-418484560,S2-865308471,S3-557935539,S2-562967662,S3-966311655,S2-453140787,S3-899837188,S2-744063676,S3-936232499,S3-542980413,S2-609467835,S2-835017179,S3-58123014,S3-453188141,S3-278002806,S2-228779604,S3-942798157,S3-830742852,S3-480227792,S2-842675983,S3-234114420,S2-700760422,S3-428007799,S3-936939221
S1-396759763	S3-416063247,S3-190923056,S2-622171608,S3-428170856,S2-654656202,S3-158094939,S2-968550224,S2-996072351,S3-387382155,S2-666179774,S2-715530464,S2-371358638,S3-564364920,S2-99491200,S3-470757981,S3-827284884,S2-61994815,S3-807071310,S3-615578914,S2-333834345,S3-309291503,S2-916421777,S2-190847911,S2-302921486,S2-517314935,S2-608192709,S3-271524840,S3-213764205,S2-616836723,S3-806252660,S2-695141155,S2-832913566,S2-717719587,S2-383023238,S3-70408880,S2-11389574,S2-332778892,S2-275491165,S2-655236365,S2-511863033,S3-778439621,S2-15116571,S2-864311044,S2-484290919,S2-576774941,S2-159918016,S2-311231200,S3-531131655,S2-609330747,S3-292280912,S3-799506416,S2-841303459,S3-630167007,S2-559833029,S3-919196506,S3-418504219,S3-995246766,S2-555762864,S3-730380932,S2-318023531,S2-22407917,S3-650481318,S2-792661362,S2-103317508,S3-100217153,S2-648373570,S2-201200740,S3-970787142,S2-731936604,S2-805898113,S2-440199557,S2-743791425,S3-867491805
S1-944430830	S3-588694693,S2-479991221,S2-351571456,S2-290434126,S2-919402609,S3-660067947,S2-770268480,S3-897229790,S2-628251370,S3-848863582,S2-382421154,S3-31440757,S2-932169977,S3-275360323,S2-119646361,S2-976302472,S2-146397993,S2-131725391,S2-65808333,S3-818749650,S2-641736907,S3-831171671,S3-475749264,S2-814881099,S3-458676868,S2-537495258,S3-450229934,S2-574819874,S2-659959190,S2-153235761,S2-316803759,S3-764293362,S2-598202687,S2-775110760,S3-116697074,S2-507728302,S3-620068963,S2-520839915,S2-332427057,S3-451480230,S3-941559510,S3-314882716,S2-987521464,S2-119907794,S3-226018212,S2-308663635,S2-683438089,S2-133651279,S2-364850737,S2-349006487,S3-252053081,S2-811561229,S2-705041822,S3-516164179,S2-693211953,S3-760606523,S3-664078764,S2-736697077,S2-724775790,S2-634421838,S2-834746561,S3-104585656,S3-406514841,S2-17296529,S2-912288547,S2-395632950,S2-745775056,S3-245185683,S2-625988543,S2-252198140,S3-462871934,S2-468120534,S3-489436323,S3-769838460,S2-216321153,S3-391845160,S3-901554
S1-90032658	S2-596900380,S2-687462113,S2-327833654,S2-416296389,S2-262333345,S3-563124831,S2-954814655,S2-759077049,S2-502254914,S2-998410654,S2-430060563,S2-475793028,S2-290248448,S2-88948665,S2-730331157,S2-667994425,S2-191713797,S3-722306181,S2-115476601,S2-442861595,S2-693683430,S2-971493760,S3-624715659,S3-910627753,S3-718176448,S2-212069177,S2-298879468,S2-1589248,S2-960814077,S2-784127692,S2-928348681,S2-449936287,S3-863463356,S2-891690438,S3-638396833,S2-825954032,S2-482929679,S2-300530622,S2-168717233,S3-730543420,S2-904009571,S3-795973989,S3-942849775,S2-440400231,S2-130840422,S3-47035394,S2-268505435,S2-484772010,S2-699970234,S2-242741002,S3-228630385,S3-76550766,S3-14287432,S3-108042437,S3-661934263,S2-789940564,S2-259477709,S3-608290007,S3-469663707,S2-181600483,S2-731693234,S2-322841470,S2-938323682,S2-666781884,S2-73710322,S2-370892711,S3-748097700,S2-319104076,S3-612509817,S3-967626854,S3-997058358,S2-226654105,S2-136292696,S3-258652851
S1-483140947	S3-813661911,S2-972563811,S2-435376880,S2-486281718,S3-274871855,S2-208911438,S2-964921883,S3-545717025,S3-715219983,S3-117183655,S3-81207642,S2-94642173,S2-799889107,S2-309079448,S2-437592986,S2-413024226,S3-154684419,S2-828684877,S3-791120579,S3-310031374,S2-183956953,S2-925044720,S2-920148988,S3-758700835,S3-457764913,S2-65897181,S2-416659294,S3-587574541,S2-444697678,S2-84176606,S3-412197948,S3-909364799,S3-803973742,S2-910839611,S3-971555812,S3-97966281,S2-276266669,S3-316302368,S3-525164347,S2-804145580,S2-338076516,S3-324688082,S3-970685075,S2-622977075,S2-140276802,S3-830938641,S2-488285022,S2-212872292,S2-989100620,S3-266785479,S3-655246504,S3-755692333,S3-659965089,S2-376956037,S3-473571035,S3-837288365,S3-437226051,S3-727353339,S3-159513253,S2-240795809,S2-612293060,S2-606158577,S3-973502787,S3-913436499
S1-566183725	S2-192618004,S2-118563517,S2-65811919,S2-600211546,S3-859239184,S2-118183515,S2-187182801,S2-304806294,S2-529101052,S3-421012204,S2-695804918,S3-489027411,S3-150273760,S3-299649123,S3-75725124,S2-484626463,S2-968997475,S2-574530624,S3-104585656,S2-814458581,S2-848560056,S2-545179324,S2-132837099,S2-221379524,S2-90768998,S2-637500424,S2-60332086,S2-495748113,S2-573706072,S2-616997096,S2-725166045,S2-651894655,S2-60581228,S2-666690906,S2-217976803,S2-648423814,S3-899201652,S2-795261579,S2-370665662,S2-560413139,S2-539338575,S2-465280450,S3-776625470,S3-584170524,S2-675086559,S2-65975454,S2-108710169,S3-203392629,S2-836403527,S2-727665,S2-25933575,S2-414309557,S2-133328884,S3-553192822,S2-422550948,S2-665803822,S3-363866077,S3-560161390,S2-107651401,S3-712868415,S2-534350999,S3-724994373,S2-219409410,S2-94339175,S3-762222610,S2-66256061,S3-176369405,S2-882591764,S3-398517364,S3-981679670,S3-94461583,S2-303915830,S2-940597016,S3-30239614,S3-230159500,S2-715030074,S3-292931662,S2-689351524,S2-585940770,S2-932897105
S1-756304715	S3-810388736,S2-949590465,S2-278568865,S3-697048659,S3-427735338,S3-691472898,S2-177804281,S2-200795127,S2-836435694,S2-964233372,S2-783576796,S3-491810813,S3-886640234,S3-837988529,S3-661097388,S3-280030124,S3-143036576,S3-949263062,S3-367160402,S3-397262695,S3-360647769,S2-906585643,S3-789443158,S3-992097561,S2-995735104,S2-691463903,S3-996007251,S2-948466104,S2-608037396,S2-175642159,S2-82600026,S2-148653095,S3-466752062,S3-700725239,S3-111503107,S3-78077049,S3-106280872,S2-944903442,S3-827261172,S3-43107872,S2-4738903,S3-688512382,S3-481215480,S2-771096238,S3-832735312,S2-386531852,S3-967435863,S3-401589160,S3-186656652,S2-974140924,S3-280441186,S2-409751632,S3-107950555,S3-436983768,S2-870405980,S2-245013138,S3-339900404,S2-858221970,S3-160217003,S2-7313199,S2-360918469,S3-567085712,S2-411073508,S2-614810613,S2-455178985,S2-275825409,S2-160402201,S3-969469712,S2-920826816,S2-190656528
S1-306095185	S2-439786382,S2-857755271,S2-133270735,S2-343463510,S3-997609453,S3-991264593,S3-617405581,S2-859754079,S2-872414495,S2-454388173,S2-399052000,S3-112603471,S2-863537736,S2-18670662,S3-501791377,S2-833726788,S2-488319175,S3-764149863,S2-42635997,S2-938369898,S3-767336454,S2-927844008,S2-328676951,S2-607456603,S2-445308752,S3-302912324,S2-544365657,S2-920019239,S2-246185804,S2-280281387,S3-440036734,S3-271149484,S2-29677099,S2-988717480,S2-744685697,S2-200200363,S3-166422685,S2-868242102,S2-433431792,S2-493998976,S2-534350999,S3-996006571,S3-187059206,S2-107651401,S2-882591764,S2-65975454,S2-360266810,S3-772450261,S2-303915830,S3-6498587,S3-562748187,S3-395528081,S3-969462909,S3-584170524,S3-391476364,S3-142299980,S3-23059722,S3-748187103,S3-996128043,S2-139899840,S3-374817741,S2-342758238,S2-984197824,S2-529268118,S2-118563517,S2-413180967,S3-420004911,S3-228580902,S2-592456745,S3-762222610,S2-615742370,S3-724994373,S2-327312740,S3-123151759,S3-911565824
S1-387418200	S3-254141785,S3-952636995,S2-788540339,S3-478982310,S2-462973582,S2-739312261,S2-639830175,S2-787156895,S2-124956078,S2-206239009,S3-476257627,S3-679264933,S2-876122064,S2-142401542,S2-816437123,S2-804872908,S2-627744896,S2-199326751,S3-142443963,S2-827878473,S2-705469915,S2-942877515,S3-268296288,S2-542324321,S2-561666989,S2-815037725,S2-239872885,S3-66596634,S2-948547280,S3-680883719,S3-144958431,S2-12434856,S3-751697001,S2-880662813,S2-352575092,S2-246195813,S2-143614907,S2-63528090,S3-365464812,S2-617481567,S3-564283273,S3-966152567,S2-396200738,S2-498947484,S2-307557575,S3-676674557,S2-649346453,S3-763590999,S3-207294843,S2-184650944,S3-130458691,S2-64436784,S3-89215766,S3-431508850,S2-319544446,S2-984464359,S3-520177780,S3-71051397,S2-682938660,S3-518877982,S2-213023142,S2-895872040,S3-982047784,S2-145889845,S2-277858998,S2-206863564,S2-315291297,S3-504183980,S3-622552067
S1-500998121	S2-178117194,S3-518813413,S2-806506198,S3-184934207,S2-542345962,S2-933589804,S2-966460703,S3-775845283,S2-769354462,S2-449053583,S2-409231689,S3-575242593,S2-95360613,S2-106812665,S2-922052082,S2-401967653,S3-949140420,S3-2055323,S3-30796802,S3-710066777,S2-287222508,S2-198819510,S2-735051971,S2-34782740,S3-605872264,S3-525128946,S2-585353727,S2-559305781,S3-45067341,S2-639604597,S3-565511667,S3-147917999,S3-393188326,S2-31597662,S2-776463026,S2-598672944,S2-994457612,S2-338442923,S2-694315600,S3-474499058,S2-827733776,S2-9181274,S3-950463500,S2-881604762,S2-566194399,S2-456896539,S3-198457657,S3-496161832,S2-256121135,S2-383296823,S3-483995612,S3-173470073,S3-675944314,S3-256220691,S2-288413584,S2-16510199,S2-955122509,S3-103934760,S3-944090383,S3-750225053,S3-575772610,S2-117695035,S3-95412500,S2-144339826,S3-769135334,S3-214686230,S3-926797096,S2-857071377
S1-362880192	S2-575594119,S3-235309393,S2-803814098,S2-590622585,S2-942553804,S2-88125197,S2-200744068,S2-977300586,S2-367915011,S3-190320209,S3-272021985,S3-761402195,S3-882422437,S2-775746080,S2-518713308,S2-628503825,S3-778070560,S2-44207403,S2-859493273,S2-518000277,S2-249920346,S2-573445905,S2-496682597,S2-407821837,S2-332014708,S2-977849217,S3-505982740,S3-630466802,S2-604339675,S2-972029996,S2-480618621,S2-146607525,S2-190475286,S2-746447019,S3-87180704,S2-228632458,S3-990634574,S2-243623000,S3-283497338,S2-842753230,S3-858130918,S2-248573642,S3-440541217,S3-788834852,S2-857849107,S2-126132215,S3-313921474,S2-533600566,S2-212178481,S2-636939570,S2-856893981,S3-448551908,S2-197837250,S2-543871817,S3-327426828,S2-664875613,S2-204172845,S2-381289740,S2-32646815,S2-723764863,S2-163736434,S3-427655982,S2-42553029,S3-21680574,S3-263214398,S3-819393762,S3-338126332,S2-847685918,S2-182242929,S2-707662639,S2-729058852,S2-827534980,S3-204230706,S3-746300530
S1-932539298	S3-460769767,S3-135533426,S2-183081071,S3-152623615,S3-915141752,S2-901902642,S2-353872072,S3-796215358,S2-853595597,S2-720472417,S2-531945751,S3-9805725,S3-864160319,S2-658756966,S3-997378084,S3-882313490,S3-231901427,S3-831464500,S3-831226768,S2-650496474,S2-575861766,S2-598177562,S2-554374028,S2-684906759,S2-935935945,S3-413187411,S2-872534648,S2-607283719,S3-393421706,S3-876814148,S3-824871944,S2-272756604,S3-864550182,S3-412998156,S3-466035547,S3-387430038,S2-181849731,S2-304458846,S3-155537173,S2-904682727,S2-805141379,S2-983318792,S2-611558394,S2-615274636,S3-958152743,S3-515159749,S3-654320406,S2-554482045,S2-917977120,S3-683007442,S3-113395177,S2-683230657,S3-297267219,S2-659178877,S3-596447461,S2-640551695,S2-54973190,S2-67294215,S2-888625991,S3-172796510,S2-77263857,S3-797813881,S2-746717750,S2-564032728,S2-551476968,S2-169781152,S2-83070552,S2-982041936,S3-405739954,S3-495580333,S3-490718455,S2-50829465,S2-371999426,S2-171590088
S1-98168281	S2-431387186,S2-258735892,S2-773103009,S2-150997100,S3-694172187,S3-998446209,S2-706168001,S2-244847722,S3-857402779,S2-617467150,S2-352871950,S2-681791787,S2-159098633,S3-388869702,S3-613110570,S2-132940030,S2-979707267,S3-969267220,S2-684733630,S2-231526745,S2-11653091,S3-295659218,S2-948143014,S3-654960748,S2-356532156,S3-150842200,S2-835256551,S3-518253613,S3-758302276,S2-728964015,S2-817302823,S2-531779755,S3-664577720,S2-920227427,S2-473997285,S2-844042194,S3-988481735,S2-699251501,S2-447435573,S2-473403602,S3-677489072,S3-984936535,S2-81036993,S3-383646571,S2-565106345,S3-284803356,S3-633449647,S3-954453270,S2-764952356,S2-15025788,S3-200038208,S3-642909293,S2-234377193,S3-899283566,S3-69263588,S2-377957995,S3-155626714,S2-614640857,S2-404132531,S3-529941080,S2-89176478,S3-80489787,S3-483687206,S3-155814563,S2-838230067,S3-56588159,S2-305734048,S3-450786038,S3-701722071,S3-175007365,S3-662807122,S3-828375003,S3-350371626,S2-202512932,S2-426446831
S1-839067903	S2-373348935,S2-848455113,S2-499378933,S3-340394643,S2-739952783,S2-83571571,S2-122619875,S2-787542897,S3-646647823,S3-15299968,S2-569801375,S2-974060950,S2-968550224,S2-490513785,S2-706073931,S2-91150407,S2-581905425,S2-519857047,S3-864310343,S3-382477272,S2-43780577,S3-274038191,S2-225118724,S2-279764067,S2-641281347,S2-502594473,S3-981977417,S2-690459899,S2-774767132,S2-290302391,S2-174235168,S3-366735914,S2-394926296,S2-244813729,S2-809338755,S2-411545583,S2-855397288,S2-884007692,S2-358785865,S2-837978815,S2-296565781,S3-886719039,S2-495102685,S3-203111699,S3-535046564,S2-801577236,S2-816556591,S3-611133164,S3-451937502,S3-42962854,S2-630971923,S2-408755027,S3-321840031,S3-157503817,S2-386251275,S3-911440718,S3-175007365,S3-816769284,S3-412881910,S3-207544151,S2-529607203,S3-19527532,S2-275925720,S2-50709002,S3-407016029,S2-343099715,S2-939466334,S2-288413584,S3-349514487,S2-242228797,S2-349758823,S3-683771472,S2-69609505,S2-240841658,S3-397947304,S3-905232897,S3-945302284
S1-572490154	S3-890496189,S2-505328569,S2-51820084,S3-658385963,S3-30660442,S2-864396627,S3-57268829,S2-982967148,S2-851185635,S3-725047889,S3-997058358,S3-810267966,S2-494619950,S3-7987552,S2-781210535,S3-993431493,S2-723274486,S3-734059923,S2-613219462,S2-570602711,S3-887777123,S3-897231754,S3-888746070,S2-593793490,S2-707195845,S2-603671813,S3-710072617,S3-829126602,S2-109087902,S3-876203491,S3-442546664,S2-363932189,S3-346435341,S2-539943184,S2-500129418,S3-614430343,S2-746628343,S3-634862007,S3-750093551,S2-514722406,S3-743362386,S3-169505996,S3-899842456,S3-540518160,S3-449890622,S2-734607199,S3-576758130,S3-905080530,S3-898875445,S3-627028990,S2-682095222,S3-128714695,S3-81660444,S3-825263544,S3-952375863,S2-246683352,S3-662322026,S3-783004558,S2-735818792,S3-751156814,S3-335159370,S2-27968336,S3-561164744,S2-624007311,S2-460190561,S2-818251890,S3-379817848,S3-109587129,S3-536416262,S3-110815579,S3-37609162,S2-311299344,S3-752834029,S3-74095611,S3-303592906,S3-811012124
S1-545582895	S2-9723901,S2-491262606,S3-581534431,S2-377181975,S3-848083178,S2-561199640,S2-283751499,S2-310947827,S2-768280420,S2-418577059,S2-955852715,S2-846681979,S3-993128255,S2-788758719,S2-357545160,S2-517058756,S2-487988118,S2-598071417,S2-700851619,S2-885086841,S3-115719066,S2-67773294,S3-484380054,S2-719252618,S3-663062132,S2-474827065,S3-219510143,S3-498381445,S3-93602045,S2-543869668,S2-23811586,S2-873237963,S3-877383295,S2-800768731,S2-217445093,S3-789550760,S2-413746983,S2-978968770,S2-544365657,S2-155462245,S3-339158005,S3-726616104,S3-515787029,S2-417007275,S3-843615821,S2-826183841,S2-181411718,S3-468192805,S3-539742177,S3-832894036,S2-862482272,S3-17785869,S3-410514976,S3-936344337,S2-251764558,S2-591910395,S3-891468650,S3-497678036,S3-312407101,S2-972795385,S2-522998954,S2-440400231,S2-900424122,S3-655984170,S2-569859500,S3-816955909,S3-797592297,S3-675912849,S3-173449142,S2-397641530,S3-563715796,S2-353638829,S2-321140900,S2-934439011,S3-242063184,S2-794412447,S2-544646526,S3-135158924,S2-883376013,S3-81851034
S1-444149322	S2-695740163,S2-810976855,S2-650477073,S2-752638662,S2-636376999,S2-723895403,S2-147409260,S3-769936403,S3-924876918,S3-798141686,S3-913244761,S2-280423223,S3-552748359,S3-964272589,S2-51928671,S2-303388367,S3-586478200,S3-31443654,S2-512834037,S2-353302238,S2-775254016,S3-91507455,S2-155800084,S2-706615728,S3-590484369,S2-845849286,S3-11969856,S3-98455668,S3-207220690,S2-358321743,S2-604094785,S2-87723562,S2-628163203,S2-448440214,S3-693942507,S3-801684546,S2-831814027,S3-382955629,S2-430652707,S3-417288582,S2-755164988,S2-488565793,S2-429220238,S2-147434606,S3-294992256,S3-906002940,S2-744303370,S3-367945179,S2-438678740,S3-804320691,S3-106813631,S3-145197643,S2-320626950,S3-971391621,S2-638983776,S2-796397567,S2-689528333,S2-289255128,S2-710652107,S2-179213874,S3-468708763,S3-764565144,S2-345384395,S2-591507632,S3-880580317,S3-559433434,S2-4285813,S2-112637343,S2-192724062,S2-744269045,S3-298036632,S3-718419415,S2-789794815,S3-257761501,S3-271774606,S2-455690719,S3-376050279,S2-334228743,S2-395520340,S2-88258330
S1-232999426	S2-322687527,S2-39853041,S2-554314129,S2-316434908,S2-189992161,S2-140939692,S3-920087022,S2-560226242,S2-975868695,S3-792824791,S2-739320087,S3-42672457,S3-516169591,S2-224318354,S2-417013477,S2-148837223,S2-527268589,S3-249872336,S2-360645668,S2-157282832,S2-270113589,S2-794497235,S2-199019587,S2-672902049,S2-472234384,S2-756074187,S2-528474928,S2-380973778,S2-320313016,S2-445398027,S2-185170546,S2-448720779,S3-576162444,S2-683098771,S2-174204077,S2-119087459,S2-392982714,S2-658332477,S2-972370164,S2-620063271,S3-699114287,S3-202552588,S2-656704600,S3-730813330,S3-637280595,S2-849620442,S3-987894466,S2-331522608,S3-962339909,S2-260519218,S3-748406846,S3-685843783,S2-505023499,S3-568899518,S3-350080871,S2-500147233,S3-847647838,S3-240025116,S2-384090377,S3-312616762,S2-146349824,S2-633535149,S2-670655129,S2-313713818,S3-436439135,S3-444755420,S2-135590656,S3-669020425,S3-397636012,S2-343349424,S3-224975335,S2-607946610
S1-402046621	S3-234035230,S3-461762128,S3-30844310,S2-151003142,S2-769043427,S2-461635489,S2-494796338,S3-317064250,S2-572789452,S2-604647219,S2-809773843,S2-180315217,S2-463560254,S3-731976754,S3-50205941,S3-567894712,S3-482498869,S3-430632817,S2-962408077,S3-457910199,S3-751380777,S2-455325987,S3-678761237,S2-792863313,S3-443139809,S2-652827281,S2-609859392,S2-859257748,S3-278872592,S3-417316238,S2-243727596,S3-347554538,S3-215276399,S2-337719856,S3-230914336,S2-712694790,S3-5412001,S2-510931094,S3-422078133,S2-794174587,S3-889176340,S3-454169329,S2-388371145,S2-161217540,S3-424192344,S2-687142712,S2-168870589,S2-513257633,S2-548401614,S3-482816603,S3-338271448,S2-893828884,S2-898649100,S3-250119433,S3-877405895,S2-859924222,S2-890476046,S2-941213332,S3-39992114,S3-517072887,S3-681830113,S3-825121040,S2-397789829,S2-461000910,S3-673495166,S2-993003422,S2-611542257,S3-391487640,S3-356976275,S2-512392700,S3-968580726,S2-125314910,S3-948774697
S1-323747485	S3-74817215,S2-608083568,S3-768140740,S3-157274801,S2-120277302,S2-442438622,S2-220541338,S2-532839205,S3-334775675,S2-648444118,S3-311845094,S3-841857117,S2-606551216,S3-705642064,S2-617601578,S3-376050279,S2-690725411,S3-252709942,S3-889635438,S3-436081639,S2-312235243,S3-162404906,S2-877122010,S3-529631199,S3-285250811,S3-686151313,S3-329500514,S3-667059703,S3-69175973,S2-783129366,S3-842976752,S2-175368565,S3-63698503,S2-602684448,S3-215749195,S2-625732376,S3-660647294,S2-250740646,S2-140685473,S2-476525997,S2-626058699,S2-942877515,S3-272131193,S3-614469482,S3-552868353,S2-852691236,S2-192707615,S3-762971855,S2-292436026,S2-281002351,S3-538215821,S2-921030991,S2-610960224,S2-428461775,S3-161793127,S3-316551541,S3-810471961,S2-878003016,S2-704676976,S3-247836691,S2-888826501,S3-227304694,S2-590994966,S3-932368994,S3-4943112,S2-212617788,S3-521283666,S2-248752910,S2-713238299,S3-41077692,S3-279803607,S3-297361998,S3-332379986,S2-208808988
S1-780502827	S2-421111238,S3-673223808,S3-226960314,S2-790554931,S2-462603325,S2-33426944,S2-26704885,S3-445918100,S3-681901307,S2-811072158,S2-522207505,S2-341793407,S2-857993643,S2-407901320,S3-576164825,S3-994994254,S3-808680445,S2-538929326,S3-30736752,S2-482855996,S2-523322770,S3-930296225,S3-493939381,S2-96979646,S2-488186065,S2-190273831,S2-342990872,S3-926893724,S2-505812513,S2-724073389,S2-526876910,S2-458726846,S2-339853392,S3-670968816,S3-863630470,S3-35826234,S3-447248537,S3-563024274,S3-64086565,S2-327453740,S3-711598451,S2-241273177,S3-9160228,S3-281134328,S3-811016421,S2-375337139,S3-213458259,S2-51313753,S3-79030122,S2-140844769,S3-777703134,S3-532851394,S2-236577190,S3-483869715,S2-214341725,S3-662351808,S3-12982651,S2-930878840,S3-172844302,S2-913987669,S2-230109873,S2-70698601
S1-120433302	S3-443036803,S2-679551203,S3-110630740,S2-95236532,S3-175265312,S2-153742450,S3-504602593,S2-486836244,S2-810476656,S3-731904292,S2-765069766,S3-457466471,S3-673803251,S2-405322100,S3-533981091,S2-98281723,S3-247048635,S2-868974295,S3-739419193,S2-457596697,S3-422967168,S3-742960058,S3-146405003,S3-137095212,S3-763994780,S2-38560208,S3-870101799,S2-784569977,S2-53205733,S3-36412007,S3-217085103,S3-393004674,S2-726639142,S3-460504672,S2-81845902,S3-556594182,S2-45071914,S2-675394479,S2-143014389,S2-68831979,S2-708389947,S2-177021293,S2-27742230,S2-866425356,S3-240985352,S3-211843256,S3-767986838,S3-893887525,S2-533289788,S2-898456684,S2-328559856,S2-203263860,S3-794663815,S3-545285539,S2-410319634,S3-897457543,S2-675472707,S2-536831253,S2-249209933,S3-130528087,S2-829165493,S2-131799288,S2-866973157,S2-546938288,S2-879632360,S3-639087821,S2-851238110,S3-498724150,S3-11672588,S3-900106368,S2-616512356,S3-341671709,S2-130832956,S3-302141554,S3-39474544,S3-226091313,S3-827611734,S3-275769386,S3-906709642,S2-616043564
S1-131038804	S2-719019283,S3-7800422,S2-643239949,S3-434084440,S3-806485531,S3-566787232,S2-683854022,S2-619859806,S2-251445827,S3-518771268,S2-351927064,S3-295157636,S3-278691926,S2-53686206,S3-664903374,S2-816261855,S2-135134621,S3-590653999,S3-394968357,S3-462653702,S3-602904272,S2-185148108,S3-125638571,S3-653021292,S3-541779869,S3-624897435,S3-729374043,S2-953848968,S3-668001980,S2-9074052,S2-629377847,S3-2202168,S2-20818044,S3-503843112,S2-287395177,S2-608758567,S3-137152,S2-997592409,S2-388841946,S2-174546090,S3-840823648,S2-606794970,S3-773459318,S2-821637472,S3-862186853,S2-390840959,S3-806957410,S2-310904470,S3-370018966,S2-176779167,S2-671885302,S3-777601753,S2-363534521,S2-746082644,S3-778374264,S3-532479968,S2-185301992,S3-425168912,S2-153520572,S3-470481719,S2-744586380,S3-29631894,S3-757954789,S2-55465373,S2-942555848,S3-497558434,S2-287467530,S3-475237437,S2-794115780,S2-970108649,S3-963992008,S3-111845605,S2-902392436,S2-869879385
S1-436307824	S2-753773305,S2-873162095,S3-523750595,S3-552433034,S2-618127393,S2-972355763,S3-243866485,S2-931005814,S3-945579013,S2-90682936,S3-250307450,S2-823401185,S3-775086097,S2-717883544,S3-340496424,S2-747751155,S2-708704596,S2-615033652,S2-647477306,S3-81118620,S2-578882636,S2-786687739,S2-728626903,S3-224152078,S3-509717765,S3-556640680,S3-269683107,S2-720590424,S2-271173779,S2-824277145,S2-428243144,S2-821122111,S2-299597864,S3-100592497,S3-778149903,S2-624981834,S3-652572642,S3-863237476,S3-759546689,S3-706621537,S3-664703062,S2-2050840,S2-670815978,S2-844558533,S2-605563140,S3-891897787,S2-869592461,S3-510059082,S2-203962033,S2-830510541,S2-926678089,S2-225998968,S2-295254551,S3-890510864,S3-300898366,S2-420371080,S3-716888241,S2-686200132,S2-435844413,S3-207046552,S2-779723055,S2-408165378,S2-300905402,S2-733257581,S2-592124942,S2-694315600,S3-941158983,S3-808708002,S3-512530485,S2-18419358,S2-355373795,S2-808185633
S1-314962839	S2-402644725,S3-335296225,S3-9616727,S2-707195845,S2-781559793,S2-60604464,S2-213464170,S3-88272662,S2-84918759,S3-986276529,S2-262229158,S2-839049213,S2-221767010,S3-781644038,S3-333011430,S2-369692651,S3-760477501,S3-131874740,S3-494498146,S3-772450023,S2-155814526,S2-225331080,S3-139711631,S3-363718240,S2-558163338,S3-724986984,S2-826393674,S3-121288939,S3-997324655,S3-16622171,S2-769593268,S3-295385337,S3-210567387,S2-554886397,S2-913818679,S3-296129018,S3-851537171,S2-715553627,S3-161781223,S2-925333233,S3-476090222,S2-841227826,S3-127984236,S2-263350821,S3-396815883,S3-571042195,S3-436637944,S2-125387366,S2-211478570,S3-241321718,S2-526629027,S3-365522,S2-791121279,S3-443999243,S2-407351065,S2-887857848,S3-559771376,S3-576271053,S3-834243368,S3-643134776,S3-792374244,S2-22060258,S2-552349499,S2-962840985,S2-723525921,S3-142144880,S2-176077370,S3-994571945,S3-924972321,S2-484070148,S3-592220594,S2-583077137,S2-580566062,S3-195668539,S3-559439381,S2-675342274,S3-142611281,S2-14698386,S2-567844590,S2-685349899
S1-804663373	S2-808575628,S3-422117758,S3-533545219,S3-586006087,S2-502732830,S3-314039512,S2-14478748,S2-208614397,S2-345943087,S3-709470866,S2-160530551,S2-842179113,S3-827068074,S3-635335185,S2-811215096,S3-21862534,S3-152429602,S2-147361137,S2-802084293,S3-268251733,S2-656668371,S2-155487435,S3-702628487,S2-24362345,S3-355991767,S2-768125352,S2-748875161,S2-211478570,S3-117391585,S2-856751406,S2-915769300,S2-344657735,S3-621500839,S2-493703998,S3-55485745,S3-646337742,S3-236286128,S2-638291053,S2-70394068,S2-1987676,S2-409546504,S3-872438302,S2-208829725,S3-898220650,S3-54846667,S3-584236583,S3-662065450,S3-26161361,S2-247244617,S3-690491070,S2-43669354,S3-393849242,S3-209530614,S3-941814505,S3-283811286,S2-71494459,S2-291868119,S2-982967148,S3-48755040,S3-599460003,S2-439486038,S3-401336848,S2-952973497,S3-238740585,S2-743305304,S3-743039174,S3-63830947,S3-805914151,S2-732947260,S2-647493914,S2-11147720,S2-72836343
S1-760380153	S2-460552614,S2-693682723,S2-147569802,S2-796561303,S2-956579766,S2-347156612,S2-470767395,S3-494693556,S2-604300556,S2-95303723,S2-547897345,S3-88542583,S2-808859926,S2-168043586,S2-149845283,S2-28695883,S2-89845899,S2-80228966,S3-747040227,S3-568675625,S2-623145014,S2-720715628,S2-488076865,S2-15627897,S3-630633029,S2-568362859,S2-53065846,S2-334516453,S3-33973954,S2-54720637,S2-866544460,S2-953164181,S2-531849140,S2-689085926,S2-876788944,S2-772458801,S2-845683674,S2-605892233,S2-592998557,S2-671681395,S3-707705401,S3-740167153,S3-239262619,S3-56085368,S3-881042675,S3-626455389,S2-303907719,S2-809736862,S3-4611374,S3-181635910,S2-841340666,S2-609642535,S2-838999180,S2-216733282,S2-268328469,S2-768958764,S3-319633665,S3-771277565,S2-118278392,S3-781739116,S3-659282271,S2-98696656,S2-384595816,S2-697456157,S3-361113563,S3-506139735,S3-446755346,S3-192868295,S3-562012570,S2-566194399,S3-940177294,S2-565178740,S3-506939855
S1-820935401	S2-728914835,S3-86672670,S2-766515117,S2-985568851,S2-428132003,S3-578554193,S3-791288352,S3-463537623,S2-382862663,S2-527513925,S3-527839082,S2-998172728,S3-428061889,S2-77538181,S2-622721086,S3-855971520,S2-448763041,S3-713630346,S2-513268507,S3-319783630,S2-149711897,S3-504956761,S2-162450652,S2-980380440,S2-501562255,S3-728256373,S3-124095301,S3-926226078,S2-271004433,S2-402753691,S2-598453879,S3-516448030,S2-60546899,S2-31748589,S2-477956859,S3-810804657,S3-518828289,S2-430576009,S3-176926376,S2-663885249,S2-516422343,S3-774792944,S3-550217951,S3-128324881,S2-404621519,S2-655214877,S2-620026506,S2-652920455,S3-919188074,S2-87379137,S2-448230568,S2-303696091,S3-672443801,S3-230739964,S3-384959638,S2-122744511,S3-987081576,S2-473337184,S2-236030949,S2-203475430,S3-596824838,S2-18646578,S3-77294614,S2-889578554,S3-424304334,S2-821426502,S2-633219059,S2-255719807,S2-639682101,S2-953588261,S3-996327344,S2-483921688,S2-570607082,S3-212772750,S2-440613794
S1-562989120	S3-530064110,S2-594515889,S2-282074875,S2-928620819,S2-249997299,S2-681568197,S2-164682702,S2-364774015,S3-403248786,S2-465889177,S3-399579763,S2-292345315,S3-499205390,S2-726169124,S2-329192467,S2-420253722,S2-555126224,S2-243627614,S2-631811074,S2-514164775,S2-878928576,S2-492271224,S2-766536822,S2-91756497,S3-402458345,S2-569185594,S2-290655819,S3-687967996,S3-725210884,S3-441188460,S2-30466066,S2-52414714,S2-736697077,S3-555954099,S2-164785562,S2-965389616,S2-762899428,S3-508314824,S2-498071695,S2-663614879,S2-446507103,S2-479991221,S2-98527511,S2-75521386,S2-75708841,S3-320718948,S2-959053804,S2-609292694,S2-274167062,S3-284561873,S2-953044877,S2-380572049,S3-810348250,S2-271989826,S3-690491070,S3-868689316,S3-62483197,S2-816989315,S3-979083338,S2-903442324,S2-808028948,S2-704043083,S2-156848450,S2-3914789,S3-952352869
S1-125331877	S3-59971944,S2-439486038,S3-356328247,S2-473761277,S2-296041062,S2-505328569,S2-539943184,S2-311192735,S3-994033040,S2-447585027,S2-45071914,S3-750093551,S3-61553434,S3-649688319,S2-284288219,S2-771390515,S3-962039728,S3-597389059,S2-498185031,S3-260972330,S2-516724848,S3-640712286,S2-857310403,S3-208140829,S2-830424409,S3-543013357,S3-774345900,S3-428977110,S2-363932189,S3-255799386,S2-465642879,S2-219201040,S3-805783007,S2-172898922,S2-377541051,S2-596872719,S2-983020467,S3-487955323,S2-219071662,S2-188349875,S3-601039249,S2-895754142,S2-377002598,S3-247079246,S3-661769407,S3-898875445,S3-169505996,S2-320855366,S2-120352534,S3-150772515,S2-692440516,S2-996477488,S2-322536831,S3-376392291,S3-130528087,S2-915821365,S2-456906802,S2-780242464,S3-230572490,S3-442546664,S2-291198685,S2-970808601,S3-997672504,S3-165242186,S3-809886365,S3-966557042,S2-682095222,S2-426324794,S3-256514914,S2-84351983,S2-851816781,S2-156140023,S2-597115489,S3-219510143,S3-858147582,S3-708666222,S2-215904789,S3-413671146,S2-910103661,S3-775818661
S1-276322405	S2-702806374,S2-539899696,S2-2068478,S2-380650640,S3-458856543,S2-841338302,S2-167532372,S3-80323204,S2-970169752,S2-355459398,S2-874191611,S3-429967951,S2-406091061,S3-867753327,S3-29180505,S2-777273890,S3-834632149,S2-279679940,S3-57767264,S3-37086942,S2-236222569,S3-617679994,S2-214245581,S3-907522847,S2-617288925,S3-626791756,S2-579397978,S2-12135647,S3-616535028,S2-104299111,S3-624979888,S2-498385742,S2-314464701,S3-744298257,S2-838104105,S3-844177252,S3-483120890,S3-799983833,S3-864160319,S2-775470538,S3-275914148,S3-851266703,S2-119191548,S3-201871387,S3-705615961,S3-689929214,S3-282143361,S3-695708093,S2-255983384,S2-187777854,S2-887115352,S3-660342206,S3-705086833,S3-317202317,S2-775868189,S3-437593361,S2-55287070,S2-199120327,S2-236500045,S2-838291969,S2-723481342,S3-251732592,S3-785314785,S3-604369676,S2-944867761,S3-650980070,S3-189793171,S3-585811486,S2-319220293,S3-748245753,S3-814085244,S3-697589920,S2-167109962,S3-944995926,S2-228710851,S2-105423216
S1-71714945	S3-468375641,S2-519136098,S3-646017090,S3-169632360,S2-804860148,S3-395865432,S3-465519276,S2-962599028,S3-488814085,S3-245538102,S3-404309691,S2-965724160,S3-920489295,S3-207220690,S3-22434700,S2-637401802,S3-389563549,S3-669788196,S2-190405690,S2-711906490,S3-907516692,S3-147161435,S3-302901311,S2-859323863,S3-823487778,S3-277340470,S2-891435496,S2-445099411,S3-503991398,S2-327372564,S3-811030681,S2-533036042,S2-948130185,S3-579386034,S2-505166126,S3-457418428,S2-375361898,S3-837497529,S3-248192606,S3-340570897,S3-185605560,S2-563795304,S3-443417048,S2-923783237,S3-597628306,S2-996064384,S2-164099041,S3-544403049,S3-209003719,S2-105112288,S3-851309657,S3-760176952,S2-202810144,S3-837558160,S3-778549953,S3-316363684,S3-26667775,S2-474183803,S3-486605537,S2-135952247,S2-691007671,S3-98647783,S2-357217634,S2-157181662,S3-267846418,S3-974401081,S3-16043096,S2-868645182,S2-302075865,S2-225998968,S2-202972764,S3-337199692
S1-636549603	S2-976611288,S2-35324306,S3-890306153,S2-949018018,S2-320726582,S2-155576048,S3-303471785,S3-549795391,S2-800653250,S2-168976669,S3-538882911,S3-416127783,S2-258524103,S2-647511333,S2-100025125,S3-505241519,S2-573094730,S3-722880270,S2-505317886,S3-695407396,S3-713316389,S3-970302965,S3-941655471,S2-567179556,S3-620658061,S2-423131785,S2-165112809,S3-640730215,S3-769719400,S2-417443887,S2-687022766,S2-764710498,S2-234839191,S2-184741808,S2-893312150,S2-508602353,S2-937082455,S2-57529012,S3-68635253,S2-41118831,S2-660369973,S3-553176058,S3-889176340,S3-852338985,S3-571354224,S2-362555190,S3-347946262,S3-681830113,S2-24216314,S2-467971081,S3-799506416,S2-922138256,S3-777343514,S2-161217540,S2-267640017,S2-864311044,S2-457612732,S2-598991538,S3-914554102,S3-290937864,S2-513257633,S2-898649100,S2-58825780,S3-292766815,S3-356052023,S3-451649328
S1-147465602	S3-736044151,S3-624733554,S2-334911530,S3-295768141,S2-669929945,S2-7638127,S2-543008991,S3-759989225,S3-183414766,S2-351839539,S3-402277085,S3-956420786,S3-549960699,S3-123411266,S2-413887596,S3-165698872,S3-770842088,S2-502808747,S3-155036705,S3-996128043,S2-146607525,S2-198357844,S2-895798537,S3-109022385,S3-312876909,S3-469274248,S3-479561856,S3-995921025,S2-599195929,S2-481254808,S2-118711492,S2-875537961,S3-403795931,S3-491229599,S2-468895832,S3-370396454,S2-244368261,S2-513884785,S3-713237036,S3-856106685,S2-490621987,S2-222791096,S3-205207709,S3-46956620,S2-615399596,S3-299984914,S3-594795887,S3-233166833,S2-177928256,S3-903319181,S3-268374279,S3-828245930,S3-967845805,S3-244718006,S2-80584586,S3-889976201,S3-499069861,S2-185181845,S2-969694515,S2-763088200,S2-642334297,S2-324372014,S2-908082542,S3-312660810,S2-49975588,S2-907018183,S2-344974738,S2-840089690,S2-431480388,S3-493730758,S3-817885824,S3-682484756,S2-196678175,S3-751969594
S1-724291976	S2-819415402,S2-542324321,S2-522933880,S3-909897894,S2-709650804,S3-980982119,S2-46139839,S2-857545705,S2-600747616,S2-618554168,S2-276739341,S3-42114892,S3-468492674,S2-945471595,S2-5170241,S3-915595050,S2-166492842,S3-957007726,S3-16234900,S2-1820162,S2-798504456,S2-756344460,S2-611451201,S2-808185633,S2-74788404,S2-449622014,S2-540153005,S2-516172592,S2-931800481,S2-443502225,S3-552589696,S3-675260138,S3-966309133,S2-985114164,S3-50753483,S2-970203166,S2-661233828,S2-868816108,S2-817239278,S2-130144025,S3-964998085,S3-27899482,S3-504111849,S3-249547509,S3-34204785,S2-439872728,S2-374624287,S3-630118701,S3-354369786,S3-748559355,S3-100761926,S3-893377227,S3-334458671,S3-727024248,S3-33360736,S3-506139735,S2-913240757,S3-267502586,S2-973546566,S3-740073970,S2-982975806,S3-413804447,S2-770746819,S3-250958945
S1-906281937	S2-402146164,S2-968260152,S3-120825147,S3-987882096,S3-633062643,S3-538945304,S2-222391309,S3-67645109,S3-881042675,S2-714882908,S3-535310864,S2-819445650,S2-232490044,S3-531621989,S2-318560121,S2-108545353,S3-372230683,S3-338091884,S3-91397216,S3-859468105,S3-669318207,S2-444945373,S2-80163497,S2-951868317,S3-665209705,S3-982439359,S3-337216879,S2-928745387,S3-184192359,S2-654784858,S2-644567492,S3-288422579,S2-916871057,S2-871689803,S2-174686195,S2-145582255,S2-13498915,S3-627064366,S2-683312986,S2-370110220,S3-528753638,S3-284145799,S3-65282969,S3-440003242,S3-180451895,S3-62927509,S3-102780739,S2-635113172,S3-795044353,S2-160379179,S2-128281659,S3-958649861,S3-162535846,S2-95182609,S2-929529885,S2-706766961,S2-455141694,S2-765929286,S3-212188455,S3-453198772,S2-66165222,S3-594124822,S2-882035608,S2-726863623,S3-673742287,S3-178541878,S3-945956552,S3-839634264,S3-456848992,S3-889130791,S3-730164855,S3-916524322,S3-896498037
S1-97581850	S3-774345900,S3-805023613,S2-216036643,S2-473761277,S3-501994128,S2-446680487,S2-311192735,S3-681570814,S3-743362386,S2-830424409,S3-952471270,S3-907267094,S2-828618527,S2-269412171,S3-664745663,S3-841969667,S2-857044147,S2-808195533,S3-871174036,S3-528095424,S2-840543070,S2-534170377,S2-78276985,S2-253048064,S2-686970519,S2-791822980,S2-228974335,S2-471513047,S2-505328569,S2-277669170,S2-99859010,S2-143437925,S2-51036892,S3-32246920,S3-750093551,S3-394403555,S3-317034158,S2-45071914,S3-356328247,S2-94341972,S2-838002861,S2-386193016,S2-299541630,S3-835907584,S2-633224662,S3-385262101,S2-814955870,S2-886359416,S3-847790890,S3-865485583,S3-699353710,S3-976937264,S3-926918607,S2-784569977,S3-216087881,S3-43595868,S2-288874583,S2-62076916,S3-910465695,S3-932533789,S3-706187241,S3-731412858,S2-126147848,S2-89913062,S3-73113721,S3-712274579,S2-926941044,S2-214835079,S2-972158559,S2-711514278,S2-993991209,S2-964292853,S3-596941072,S2-12437319,S3-116234414,S3-10435719,S3-710357619,S3-289552732,S3-23730068,S2-265951472
S1-15005997	S2-906921519,S2-343368727,S3-342940517,S2-523103832,S3-955991590,S2-402012174,S2-907888071,S2-766754161,S3-402867760,S2-759555260,S2-254994837,S2-354223872,S2-901230514,S2-485274983,S2-569725535,S2-383760149,S2-689049050,S2-85944487,S2-303286540,S2-469780679,S3-379984324,S2-533780258,S2-162390837,S2-192435550,S3-255643726,S2-97506029,S3-652830689,S2-118118305,S3-254807975,S2-492737659,S3-201439701,S2-418311879,S2-759497228,S2-204636630,S2-589224306,S3-254529977,S2-134463631,S2-794926277,S2-255178941,S3-569967564,S2-333208644,S2-706532037,S2-247815090,S2-507662429,S2-99200588,S3-104604186,S3-243430236,S3-558473016,S2-408271957,S3-365616642,S3-443479302,S2-281377411,S2-555833205,S3-121592942,S2-11556073,S2-338704620,S2-138183575,S3-539487219,S2-6887501,S3-692992019,S2-699535842,S2-539968136,S3-467723959,S2-561796765,S2-110739561,S3-99909662,S2-494430185,S3-585871929,S2-356775947,S3-539970930,S2-589108263,S2-73575161,S3-147193294,S3-82061077,S3-33014191,S3-633634179,S2-130727464,S2-799555740,S3-164275028,S3-600468115
S1-866369736	S2-593248468,S2-284591975,S3-252112169,S2-610658835,S2-988150592,S3-931203120,S2-961102638,S2-510481286,S3-43668076,S3-370396454,S2-126761070,S3-71738679,S2-773103009,S2-810427411,S3-52236204,S3-851878169,S3-485540866,S3-236477640,S3-849928389,S3-698308382,S3-688324419,S3-125428613,S3-565489719,S2-672141700,S3-193525534,S2-647477306,S2-667626322,S2-827712584,S2-973304670,S2-9622708,S3-732674677,S2-920227427,S3-146147364,S2-680323770,S3-296505056,S3-187437518,S2-685645264,S3-194853744,S3-445543159,S2-80610471,S2-631247528,S2-36203845,S2-707486309,S2-471625447,S2-375738254,S2-913441778,S3-914554102,S2-705088632,S3-875797776,S3-533414763,S2-891092624,S3-933931461,S2-826566831,S2-11520784,S2-962184693,S3-480608794,S3-452028963,S3-231660884,S3-339852035,S2-870320431,S2-754070605,S2-723849031,S3-78868869,S3-949374891,S3-368351700,S2-520305698,S3-449890592,S3-540834721,S2-926027524,S2-349983374
S1-989125871	S2-630015523,S2-210947837,S3-280929149,S3-659489375,S2-207962777,S3-161667924,S2-639617047,S2-215951541,S2-324483172,S3-171264551,S2-385008826,S2-529058323,S2-208325176,S2-390288960,S3-442800027,S3-867589445,S2-204920200,S2-24959771,S3-282840124,S3-688575092,S3-471332463,S2-727314761,S3-972749148,S2-545352693,S2-756117582,S3-557080246,S2-818669966,S2-826158520,S2-933571447,S2-881377806,S3-332379986,S3-709079016,S2-54045892,S2-804986864,S2-241858534,S2-172088369,S2-38041426,S2-801915833,S2-518525663,S3-16499866,S2-835675172,S3-906709642,S2-702009407,S3-453477880,S3-642689971,S3-407324780,S2-813299167,S2-173666773,S3-379451226,S2-457957345,S2-347212931,S2-114755516,S2-403869292,S2-646958157,S2-672516320,S3-279637281,S3-199800689,S3-273372632,S2-551382900,S2-615385847,S2-473238738,S3-363555581,S3-521207970,S3-968556154,S2-425167314,S3-123118865,S3-84175742,S3-123966064,S3-356238971,S3-409551672,S3-68059712
S1-447452795	S2-958380385,S3-635275159,S2-722938754,S2-33766954,S2-584088730,S2-147367965,S2-539420714,S2-843071321,S3-327198513,S3-300964048,S3-697943180,S2-904092717,S2-727779637,S3-967666123,S2-397743459,S2-118278392,S2-121693096,S3-362791941,S2-27786927,S2-114307818,S3-592854960,S3-879989678,S3-51527370,S3-785759398,S2-343474984,S3-239262619,S2-142547712,S2-911412873,S2-489213279,S2-237573221,S2-671092664,S2-867521655,S2-463713237,S3-272078723,S2-926207350,S3-63456258,S3-682851388,S3-16693061,S2-441192663,S2-723944168,S3-778194057,S2-800425407,S2-139179796,S2-560656589,S2-742276147,S2-819264908,S3-843421850,S3-101022392,S2-895582776,S3-369595587,S3-760808873,S2-352992620,S3-123348039,S2-849467099,S3-891207046,S3-873018226,S2-258962214,S2-10731187,S2-647995833,S2-508663925,S2-129380491,S3-822240112,S2-36718509,S3-84091532,S3-353877200,S2-25787219,S3-936567343,S2-404621262,S2-937036110,S2-237000605,S2-564392224,S2-86106348
S1-698954473	S2-424537185,S2-595481561,S2-307634941,S3-328637777,S2-959081026,S2-363568555,S2-963968278,S2-148508078,S2-806823958,S2-17298657,S2-793579745,S3-381819995,S2-350758781,S2-898599389,S2-934812140,S2-34837906,S2-436621421,S3-534197790,S2-978232132,S2-494430593,S2-666412617,S2-44549169,S3-582285509,S2-189095899,S3-114319848,S3-476529711,S3-974639317,S2-340948199,S2-633968124,S2-489088581,S2-538404976,S3-277538561,S3-558907018,S2-656397915,S2-862364847,S2-883583270,S2-905524748,S2-609934766,S2-647533457,S3-307232744,S2-766251634,S3-688787947,S3-114084604,S3-643062961,S3-786772627,S2-924880473,S3-829150360,S2-533076862,S3-370642381,S3-955001772,S3-241511505,S2-598379790,S3-175915897,S3-326596497,S3-817587489,S2-667105025,S3-348314820,S2-277669170,S3-210129006,S2-638017400,S2-500544510,S3-727908968,S3-297170970,S3-668730034,S2-598610883,S2-246683352,S2-656668371,S3-123174382,S3-586972385,S2-732947260,S3-837852480,S3-784120060,S3-144528526,S2-706238826
S1-701741704	S2-615761919,S2-752508714,S2-237430320,S2-762252952,S2-239615295,S3-552070970,S2-886027246,S3-853511467,S2-869386886,S2-336453778,S2-958818283,S3-176273263,S2-421078322,S3-392449354,S2-989439861,S2-269487856,S3-728977518,S2-615820733,S3-689519414,S3-882904766,S3-337675187,S3-79702847,S2-787512993,S2-917792823,S2-708175441,S2-258516194,S2-69236262,S3-433306607,S3-429816693,S2-302963489,S2-493971999,S3-452040925,S3-65931475,S2-424560120,S3-691926217,S3-985938705,S3-547742386,S2-70937654,S3-421775985,S2-584183723,S2-692060905,S3-308585935,S3-752803117,S2-977512580,S3-102749969,S2-130932159,S2-777785870,S3-485317167,S3-973131962,S3-215247387,S2-272504581,S2-59175936,S3-196518213,S3-158650066,S3-135013296,S3-472551666,S3-228878697,S3-560603245,S3-213941317,S2-788842239,S3-728033586,S3-912059056,S3-465966343,S3-805777308,S3-387000994
S1-314045617	S2-206898764,S2-873178231,S3-945349685,S3-778022309,S2-237823587,S3-211623369,S3-421359780,S2-615780705,S3-796215358,S2-771902332,S3-864160319,S2-609330747,S3-882313490,S3-382477272,S2-31565656,S3-274038191,S3-831226768,S2-575861766,S2-554374028,S3-824871944,S3-853135198,S2-872534648,S2-488274102,S2-884007692,S2-816756927,S2-639604597,S2-963464614,S3-989436626,S2-690720298,S2-272756604,S2-607283719,S3-496196405,S3-412998156,S2-53403506,S3-120715360,S3-187000674,S3-155537173,S2-124956078,S2-906960629,S3-466035547,S2-36075175,S2-853304409,S2-522179011,S2-69609505,S3-916507921,S2-450166696,S3-407016029,S2-801567871,S2-838635486,S3-490976542,S2-540155192,S3-62006897,S2-827539299,S3-547985923,S2-9840102,S3-471237975,S2-787936112,S2-641059334,S2-627238245,S3-684674724,S3-553709376,S3-87965512,S2-161129978,S2-373348935,S2-836200407,S2-314671392,S2-724196256,S2-49874188,S2-771470392,S2-208432546
S1-832593986	S2-971390564,S2-854951998,S2-411545583,S3-256338338,S2-983824538,S2-528810805,S3-2972631,S2-301993127,S3-902831029,S2-248864759,S2-898522892,S2-696538156,S3-397018406,S2-282629268,S3-977162582,S2-929186697,S2-79330211,S3-37255658,S3-661400778,S2-392587641,S3-365855722,S3-996117650,S3-533760888,S2-516030205,S2-478941851,S2-529781809,S3-544654095,S3-338069301,S3-551391501,S3-396947075,S2-698652632,S3-190231775,S3-350344446,S2-825931548,S3-951624052,S2-578129330,S2-540149861,S2-517995133,S2-168892374,S2-727541864,S2-662183117,S3-328580065,S3-700473416,S3-699970840,S3-649790692,S3-288968019,S3-425320243,S2-951482504,S2-983123295,S2-404660862,S2-615355227,S2-89667075,S2-76243565,S3-761713325,S3-764872044,S2-269035196,S3-546216913,S2-92582087,S2-878049277,S2-85687046,S2-505623185,S3-568932165,S3-327907320,S3-257773351,S3-434836825,S2-363838256,S2-22846917,S3-99905252,S2-473412740,S2-929529885,S3-801805778,S2-668003913
S1-889584874	S2-924787328,S3-954166515,S2-986841746,S2-199903657,S2-939333476,S2-990986170,S2-605818522,S2-541750887,S3-513599163,S3-482194656,S2-926955218,S3-418483324,S2-39131524,S3-200192601,S2-420880486,S3-330590816,S2-790103191,S3-248299783,S3-889268461,S2-297163513,S2-362269169,S3-526917396,S2-642831788,S3-400577047,S3-339054765,S3-896696130,S2-68971155,S2-669018725,S3-460504929,S3-188408431,S2-910209862,S2-35725361,S2-2166086,S3-18532307,S3-127544752,S3-876817226,S2-400248854,S2-931738080,S3-159706237,S2-128281659,S2-564863846,S3-616085784,S2-135495875,S3-382955629,S3-847993975,S3-886539572,S3-791231982,S2-611265714,S2-867714376,S2-94625584,S3-399220586,S2-515473872,S2-71948771,S3-330161275,S2-346645864,S3-470755659,S2-69604314,S2-96201753,S3-708844377,S3-741471413,S2-42553029,S2-543007266,S2-812195223,S3-723581906,S3-487051305,S2-824243201,S2-877062093,S2-200838295,S2-863107900,S2-567504093,S3-301713507,S3-192700913,S3-626180143,S3-611047017,S3-548992827
S1-926018314	S3-93258009,S2-343643466,S2-974728151,S2-87312842,S3-37838877,S2-178951342,S3-172244784,S2-829494611,S2-227430845,S2-387278623,S2-50843171,S3-474204342,S3-165411018,S2-540454967,S3-561667927,S2-996004135,S2-153204393,S3-876276029,S3-757179318,S3-284234701,S2-94789309,S3-852278356,S3-552204575,S2-443088271,S2-195177761,S2-122498745,S3-60162519,S3-325762388,S2-91704178,S2-239476537,S3-114901242,S3-124070071,S3-257382564,S2-86502528,S2-837069807,S3-362353278,S3-754616361,S2-248519506,S3-626757713,S2-455392082,S2-673822351,S2-247595002,S3-523693211,S3-735111283,S2-872956773,S3-93503695,S3-480670181,S2-625825667,S2-236618443,S3-271502822,S2-775675743,S3-965557227,S2-286135254
S1-90128015	S2-460184311,S2-976576895,S2-945865905,S3-705372982,S2-735311594,S3-848755687,S2-245722271,S2-886588982,S3-367810574,S3-430583109,S3-341639940,S2-945443831,S2-996569294,S3-466660359,S2-72854232,S2-14572380,S3-696705199,S3-282606734,S2-421767648,S2-797024719,S2-762491292,S2-571618880,S3-938339904,S3-715736002,S2-803926791,S2-560198199,S2-461000910,S3-803203400,S3-845091889,S3-177331079,S2-202519591,S2-731440566,S2-924855502,S2-134584922,S2-742093160,S2-48543925,S2-68447808,S2-262002046,S2-92226573,S2-667109943,S2-655432234,S3-330875150,S2-602258114,S3-347554538,S2-11478342,S2-981022954,S3-324379056,S2-871018688,S3-910295763,S2-149166318,S2-831399457,S2-984150029,S2-584195132,S3-139782808,S3-911991670,S2-5190986,S3-260397408,S3-819205125,S3-879587838,S2-626574896,S2-232910371,S3-946196806,S2-353326035,S3-507532679,S2-238706757,S2-512987103,S3-675803389,S2-579598122
S1-748243940	S2-691989785,S3-144661299,S2-386690759,S2-956853184,S2-730017669,S2-829070070,S2-542662547,S2-272367904,S3-36683911,S2-574807271,S3-560999407,S3-1556329,S3-948729725,S3-264588616,S2-314041172,S2-854860724,S3-514887556,S2-784105752,S2-890553341,S2-624943863,S2-503670850,S3-508595249,S2-178541959,S2-847853762,S2-27986137,S3-846024710,S2-837187320,S2-276160279,S3-177663150,S2-60457908,S3-722381828,S2-372769846,S2-403406101,S3-717027970,S2-175400854,S2-475388932,S3-128120053,S2-165515231,S3-755984340,S3-36599845,S2-52815085,S2-171255805,S2-819428741,S3-874542848,S3-690005762,S2-105176367,S2-434557872,S2-204090546,S3-807715631,S2-586418130,S2-417881232,S3-395679001,S3-553709376,S3-730967234,S3-883236398,S3-358167069,S2-887987859,S2-315896688,S3-275831595,S3-15837840,S2-164086509,S2-851657278,S2-566627479,S2-852984555,S3-852747920,S2-616868746,S2-82808602,S2-647142013,S2-689151299,S2-658675261,S3-259406648,S2-785890760,S3-88047111
S1-543291404	S3-381486954,S3-156330310,S2-857237851,S2-601569703,S2-769684218,S2-533991289,S2-217616946,S3-867623495,S2-490837077,S2-35311460,S3-83085059,S2-202394836,S2-748489586,S3-575169013,S3-655358737,S3-31565227,S3-814014551,S2-933304627,S3-896112923,S2-219010063,S3-259899357,S2-659105051,S3-1845870,S3-74428037,S2-57930209,S3-912662044,S2-652336922,S2-41185687,S3-447230430,S2-149849444,S3-828371656,S3-247671864,S3-574369026,S3-807871983,S2-837664918,S2-163887487,S2-193026221,S3-413297469,S3-782215702,S3-483011160,S3-992592351,S2-337778372,S2-948689170,S2-5733881,S2-656704600,S3-376039441,S3-124238386,S3-258916688,S2-888007637,S2-288801001,S2-223123751,S2-730629241,S2-874462383,S2-839180643,S2-790978768,S2-198163085,S3-392539749,S2-979085903,S3-963404620,S2-290526052,S2-974123948,S3-943270448,S2-325256245,S2-273005906,S2-338306766,S2-455830760,S3-846141743,S2-956792233,S2-873860395,S2-827862104,S2-559318149,S2-636625504,S2-911436670,S3-348314820,S2-874785034
S1-878904744	S3-280521257,S3-162004312,S2-340603304,S2-405277031,S2-622840253,S2-432301242,S2-945583457,S2-141003517,S2-600485958,S2-327738915,S2-421169166,S3-387563975,S3-139227407,S2-232805709,S2-482965691,S2-73311915,S2-362715401,S3-174301132,S3-54506841,S2-342889384,S2-848995836,S3-996596324,S2-804045537,S3-990698216,S2-416625657,S2-185991906,S3-30255685,S2-114996032,S2-208966373,S3-650578844,S2-509448346,S3-222062653,S2-436332034,S3-677049377,S3-825165108,S3-225099963,S2-158003513,S2-310311721,S3-414854538,S3-795730928,S2-573142972,S3-883820251,S3-39275186,S2-215101171,S2-727190886,S2-617764631,S3-76788867,S2-266314965,S3-248802685,S2-578718206,S2-691956246,S2-767035579,S3-637175345,S2-831064278,S2-496567278,S2-656246406,S3-14314164,S2-55378143,S2-806783806,S3-884861558,S2-982003904,S3-600707396,S2-847642452,S3-520377103,S2-109889328,S3-57190679,S3-609326189,S2-292955368
S1-778456014	S2-246606641,S2-691633172,S3-715193452,S3-946735227,S3-172048523,S3-744386247,S2-354233452,S3-670025369,S2-226368140,S2-376613927,S2-189559939,S3-188982806,S3-713420790,S2-178288311,S3-782147692,S2-44619810,S2-656668877,S2-859457080,S2-459611127,S2-582933655,S2-494249069,S2-668006700,S2-219409410,S3-937611136,S3-730543420,S3-155327527,S3-436017154,S3-237588519,S2-659108174,S3-928579968,S2-843071321,S2-968256714,S3-327198513,S3-300964048,S2-727779637,S2-900874404,S3-967666123,S2-817694053,S2-33766954,S2-986113058,S2-143071604,S2-914464011,S3-813209732,S3-822317430,S3-375678805,S2-636083666,S2-850846611,S3-629807044,S3-927292915,S3-368578128,S2-76454474,S2-406978991,S3-748406846,S2-105291052,S2-290606494,S3-277806071,S2-242741002,S2-406758983,S2-122232872,S3-605150414,S3-637280595,S3-728503317
S1-887285254	S2-15514991,S3-838891953,S3-604981741,S2-964319654,S2-912425801,S3-163732043,S2-871260688,S2-362590281,S2-539159666,S2-427346802,S3-896408933,S3-610892447,S2-100842773,S2-779977911,S2-511417083,S3-901098984,S3-894294313,S3-250961343,S2-362105495,S3-27249580,S3-436248775,S2-215664868,S3-984342101,S3-118884302,S2-397504417,S2-520123843,S2-130236998,S3-741683325,S3-709590173,S2-571340986,S3-932372681,S2-137670139,S3-762842554,S3-107707916,S3-141430377,S3-438433160,S3-627439990,S2-452180384,S3-728300724,S3-231901427,S3-987592769,S3-664577720,S3-559411007,S2-775557828,S3-799880195,S3-115397796,S3-334578050,S3-1988068,S2-534352483,S2-854701431,S2-589485083,S2-793665137,S2-952832530,S2-138434987,S2-371168439,S2-787819112,S2-506407741,S3-834812305,S2-184257308,S3-121712118,S3-531590789,S2-871695908,S3-607880358,S3-941866875,S3-73676398,S2-834537601,S2-395921475,S2-105273366,S3-222789499,S2-286415765,S3-448721337,S3-728848964,S2-725206393,S3-257977734
S1-387008828	S3-332858888,S2-511657954,S2-540656284,S3-307139168,S2-282819380,S3-90270734,S3-83144758,S2-505253212,S2-70053123,S3-410139907,S2-792060456,S2-117456020,S3-946561656,S2-770241202,S2-367392617,S3-82569247,S3-725021799,S3-563043948,S3-199106071,S2-398522547,S3-187000674,S3-997089709,S2-645255979,S3-32634960,S2-621153347,S2-789483631,S2-337431163,S2-197226842,S3-322578647,S2-160530551,S3-905382925,S3-702183940,S3-387130498,S3-68458126,S2-780441093,S3-867745530,S3-554806679,S2-279020077,S2-181851707,S3-254124703,S3-4309704,S3-852961697,S3-890496189,S2-795013823,S3-205445563,S3-655778323,S3-837852480,S3-79824091,S3-739506170,S3-955149216,S3-711816016,S2-551513992,S2-315694448,S3-513841788,S2-747655695,S2-577085849,S2-929233396,S3-313164597,S2-346045130,S2-759342715,S2-710175093,S2-407995273,S2-302194961,S3-883815276,S2-498563369,S3-284775945,S3-413892144,S2-80308941,S3-912485810
S1-338441694	S3-62096928,S2-79480873,S3-700131657,S3-932336301,S3-265844825,S2-785534349,S2-608886373,S3-133956685,S3-342701185,S3-646020698,S3-845853753,S3-963594439,S3-167865202,S3-750144335,S3-610863213,S3-684070518,S2-478163523,S2-64252621,S3-507741208,S2-212696900,S2-475119161,S2-773180947,S2-473142058,S3-241839853,S2-340753807,S2-206607762,S3-311870926,S2-474152123,S3-563889217,S3-739100742,S3-581181577,S2-965461083,S2-258085782,S3-919263244,S2-919088656,S3-553627806,S2-240969961,S3-823487778,S2-392473632,S3-169632360,S3-961613524,S2-59313394,S3-914295425,S3-330034464,S3-920087022,S3-738787637,S2-729001239,S3-925278717,S3-13876101,S2-678904352,S3-988392943,S2-367720673,S3-650244808,S2-757543295,S3-339365778,S3-702484182,S3-745376778,S2-910157589,S2-337149027,S3-766133073,S3-692430080,S2-669684920,S2-503603114,S2-840513052,S3-420014676,S2-796407874,S2-135344931,S2-638017400,S3-576765885,S2-576100292,S3-573066760
S1-407730822	S2-237485171,S2-232671237,S2-328879342,S3-793484098,S2-210636419,S2-49496863,S3-544773732,S2-634559197,S2-653279340,S2-57435864,S2-260445319,S2-942862170,S3-352199260,S2-898599389,S2-395838316,S2-755909297,S2-307634941,S2-894087016,S2-706238826,S2-296758999,S3-118169863,S3-582285509,S2-511657954,S2-148508078,S2-17298657,S3-847045318,S2-904833346,S2-436621421,S2-789302288,S2-42223728,S2-368846644,S3-499017863,S2-71992794,S2-771383678,S2-506206793,S2-84094385,S2-33349923,S2-444646417,S2-812749808,S2-494430593,S2-747478411,S2-684321221,S2-615081941,S2-676460188,S2-326621295,S2-442062682,S3-123030748,S2-344621502,S2-133651279,S2-637773566,S2-72201874,S3-6782932,S2-815206256,S2-170153718,S3-708152979,S2-759589362,S3-447704502,S2-730894531,S3-683315105,S2-585632681,S3-56081360,S2-293360947,S3-297878569,S2-340786070,S2-715125787,S2-864220986,S2-679380535,S2-129607000,S2-238325329,S3-349427847,S3-702169366,S2-939873956,S2-890652884
S1-584442364	S2-916621994,S2-33929897,S2-853387610,S2-291305952,S2-578214121,S2-908457811,S2-460534164,S2-711369792,S2-843819916,S2-777164404,S3-884925160,S2-193517202,S2-36411551,S2-618153978,S3-774792944,S2-765106214,S3-474472395,S2-837343331,S3-269767469,S2-433680239,S2-950646956,S2-11775502,S2-29355178,S2-571569015,S2-478000488,S3-634998414,S2-243475006,S3-233374841,S2-89438839,S2-18496240,S2-240717795,S2-234531116,S2-185354648,S2-313713818,S2-168525681,S2-584981256,S2-869578325,S2-453569170,S2-462926227,S2-566796445,S2-268504009,S2-750489472,S3-767404299,S2-359510060,S3-804122043,S2-5728899,S2-130781321,S3-902977492,S3-545947556,S2-542662534,S2-135239443,S3-335095570,S2-801364284,S2-769684218,S3-83727805,S2-980454567,S2-650227105,S3-643754518,S3-382008584,S2-922765242,S3-306170136,S2-31756037,S2-288252849,S2-345637244,S3-302912324,S2-767242447,S2-822436411,S3-20935600,S2-667619662,S3-161815031,S2-685201536,S2-720822553,S2-110268264,S2-873746699,S3-223421919
S1-590082446	S2-867359249,S3-28808434,S2-362329289,S3-467225098,S2-400714565,S3-589089722,S3-219727548,S2-495793419,S3-887580850,S2-201089624,S2-252989755,S3-199017966,S3-831988468,S3-332361882,S2-209200464,S3-965519036,S3-943032673,S3-71503410,S2-877598413,S3-389879517,S2-97351227,S3-222310642,S2-308520060,S2-915202445,S3-761375461,S3-562251470,S3-34252124,S2-411500333,S3-412760988,S2-161614632,S3-274448663,S3-746668512,S2-43059714,S2-19393564,S3-730655231,S3-147564135,S2-599195929,S2-193990459,S2-484697078,S3-204389002,S3-544968865,S3-789000078,S2-49975588,S2-222791096,S3-205207709,S2-969694515,S3-46956620,S3-984837155,S2-512556732,S3-430500000,S3-233166833,S2-490621987,S2-237466484,S3-947459164,S3-624733554,S2-907018183,S3-343808694,S3-682484756,S2-844463416,S2-344974738,S3-594795887,S3-805154460,S3-192219844,S2-212279628,S3-493730758,S3-155369851,S2-908082542,S3-889976201,S2-30506454,S2-768849361,S2-196678175,S3-269732947,S3-557253020,S2-937520933,S2-597814328,S3-600392737,S2-589452459
S1-629969170	S2-289255128,S2-460204141,S3-145197643,S2-928125078,S2-603028157,S3-158632764,S3-255014287,S2-23959887,S3-367052311,S3-635351288,S3-666059878,S3-108088897,S3-554339833,S3-811209488,S3-179162648,S2-591278842,S3-349595821,S2-458233362,S3-51661,S2-650477073,S2-54720637,S2-27154574,S3-510859140,S3-308734864,S2-227060998,S2-303388367,S2-112637343,S3-670126534,S3-607392217,S3-782817216,S3-627362615,S3-628141157,S3-798141686,S2-910888549,S3-510338326,S3-910351363,S2-227533280,S2-559038587,S2-123409799,S3-139154800,S3-277612971,S2-997533848,S3-764565144,S3-58638802,S2-941494901,S3-554089509,S2-7000961,S2-494430185,S3-243873033,S2-281377411,S3-190848973,S3-973502787,S2-960244181,S2-971873262,S3-988474965,S2-471154795,S3-908726689,S3-6965579,S3-706551098,S3-718419415,S3-538000458,S2-717111685,S2-78204878,S2-488272086,S3-807402099,S3-786046183,S2-344308178,S3-93704936,S3-876249707,S2-836777625,S2-307224611,S3-333366228,S3-617083897
S1-883468618	S3-607045837,S2-194062690,S2-979987380,S2-246463733,S2-37011973,S3-256268041,S2-771383678,S3-143069160,S2-424155052,S2-918083165,S2-529616999,S3-441229834,S2-462855488,S2-466131371,S2-924164917,S3-554068446,S2-108065880,S2-436621421,S2-472923957,S3-348392662,S2-672674442,S2-148508078,S3-187437518,S2-225242157,S2-543696907,S2-806823958,S3-381819995,S2-44549169,S3-880436924,S3-471324702,S2-486015232,S2-898599389,S3-782277276,S2-332786546,S2-769765145,S2-909064291,S2-656412330,S2-309593662,S3-498506729,S3-514206086,S2-777642350,S3-515309732,S2-668860670,S3-26161361,S2-189954727,S2-517966898,S2-566998274,S3-995505566,S2-409657574,S2-75608025,S3-58973096,S2-952973497,S3-672557970,S2-770945909,S2-550265337,S2-20456380,S2-980024410,S2-854133167,S3-376039441,S3-764293362,S2-791212666,S3-183630433,S3-17161672,S3-897229790,S2-321140900,S2-506206793,S2-986299302,S2-882995826,S2-840637471,S3-147024802,S2-286097795,S3-779902233,S3-792374244,S2-488789411,S2-994500979,S3-550217951
S1-904228116	S2-457833592,S2-798669751,S3-46705563,S2-139219752,S2-582244287,S2-940240024,S3-275631575,S2-251434823,S2-238706757,S3-80323204,S3-952927081,S3-954439246,S2-67322077,S2-639544968,S3-414922290,S3-584191562,S3-834320729,S2-827422557,S2-539487483,S3-719874902,S3-564536603,S3-229608727,S2-674642033,S2-713198548,S2-876220008,S2-976466718,S2-610166732,S2-512466481,S2-398785897,S3-727470461,S3-740362280,S3-751794169,S2-867382421,S3-608635752,S2-701003436,S3-944380792,S3-468492674,S2-661232572,S3-728503317,S2-581920543,S3-192147556,S3-435489279,S2-394546497,S3-738784046,S2-764047604,S2-533115756,S3-418791122,S2-565534751,S3-223078123,S2-245397920,S2-892302414,S2-521247473,S3-20751477,S2-575206081,S2-729888442,S2-231888175,S2-818799823,S3-536641655,S3-891729757,S3-761205081,S3-787010949,S2-586574424,S3-950184402,S2-684046440,S2-874938733,S3-157503817,S3-370459448,S3-517072887,S3-627439990,S2-349129683,S2-345786785,S3-435716175
S1-805104360	S2-479735619,S2-278495483,S3-447671172,S2-756200941,S3-630902778,S2-50320559,S2-97346546,S2-734378710,S3-325940811,S3-254490394,S3-870484133,S2-559833029,S3-605703742,S2-81426854,S2-871252202,S2-587945736,S2-471338858,S2-734527887,S2-35739278,S2-100025125,S3-268722722,S3-3777534,S2-755299964,S2-597591142,S2-244573233,S2-655893676,S2-22172314,S2-187204746,S2-687022766,S2-986527094,S3-647588085,S2-577335449,S3-970302965,S3-966459156,S2-683539102,S3-696671091,S2-489541541,S2-171955793,S3-4654856,S3-164102024,S3-894824038,S2-88617556,S2-573795106,S3-880658725,S3-250930431,S3-503435156,S3-737679104,S2-399340797,S2-180815933,S3-139662055,S3-146749745,S3-352757870,S3-2857315,S2-358313984,S2-52630225,S2-814461239,S2-900035338,S2-132513427,S2-239643245,S3-773087318,S3-953274819,S2-846535978,S3-140040712,S3-978939556,S2-525847711,S3-181819854,S3-242917873,S3-599755648,S3-355630626,S3-262726412,S2-361759747,S3-254012509,S3-703439922,S3-69945671,S3-904030880,S3-794080148,S2-554005167,S2-666134870,S3-30755609,S2-824427833
S1-224534945	S2-777793443,S2-816243530,S2-349767251,S2-866429125,S2-976398248,S2-379681725,S3-358313364,S2-542437660,S2-227919796,S2-672810684,S2-827362320,S2-704733115,S2-369242155,S3-9688432,S3-77789877,S3-119777326,S2-576312763,S3-664802217,S3-765325140,S3-10903789,S3-990707716,S2-508590948,S3-552721566,S2-193843454,S3-555712720,S2-423606381,S2-148829004,S2-346216089,S2-405852552,S3-839886025,S3-627106847,S2-106947569,S3-436753363,S2-866973157,S2-439954450,S2-347143135,S3-418783598,S2-611460372,S2-920839173,S2-210486816,S3-882733945,S3-462558214,S3-899403469,S3-595429613,S2-636160736,S2-574122485,S3-322063735,S3-685843783,S2-20456380,S2-8120187,S3-362979068,S2-240969961,S2-704519097,S2-991014361,S2-29658224,S3-881398220,S3-381808802,S2-808414800,S2-611776626,S2-52414714,S3-680180466,S2-23161647,S2-424081386,S2-173755141,S3-53798279,S2-846708060,S2-232837916,S3-882700917,S2-224839523,S2-699970234,S3-15415386,S2-656358437,S2-135617526,S3-550867514,S2-513836299,S3-794793838,S3-616203059
S1-631840437	S2-824093906,S3-825434233,S2-170115165,S3-848135982,S2-472675182,S3-695746838,S3-723319625,S2-199011759,S2-362772997,S3-496466299,S2-312514311,S2-722206336,S2-675808168,S2-154696595,S2-715384790,S2-808108552,S2-836744918,S3-437617024,S2-579994551,S3-312382426,S2-424177226,S3-529807556,S3-504816419,S3-169135473,S2-932841417,S3-561632160,S3-801786576,S3-674325150,S2-730721394,S3-119724795,S2-468128213,S2-416653461,S2-299862740,S3-627954722,S3-757059205,S3-46320873,S2-742547138,S3-733127623,S3-791169148,S2-321590109,S2-428779057,S2-641105270,S3-376343258,S3-619478353,S3-795469394,S2-30786142,S2-355467530,S2-471215013,S2-794115780,S3-807537365,S3-811258241,S2-273319486,S2-429010267,S3-927232498,S2-861242079,S3-893147596,S2-979001750,S2-125297289,S2-185240784,S3-754065952,S3-694994042,S2-158987035,S2-588189324,S3-534011204
S1-117902162	S3-600733701,S2-911716180,S2-439860786,S2-657242727,S2-667682486,S3-561848617,S3-963782070,S3-502107860,S2-417386837,S3-416046471,S2-305506065,S3-948240477,S2-357726324,S3-936893512,S3-697520722,S2-716754790,S2-790695226,S2-885978611,S2-449109120,S3-384440446,S3-14539018,S2-128722330,S2-254287077,S2-770247756,S2-898236596,S2-309116601,S2-412024214,S2-75778551,S2-35560140,S2-146827374,S2-163840404,S2-50930109,S3-852718450,S2-782305478,S3-806540290,S2-35845915,S2-366070890,S3-514717307,S2-970457952,S2-710114025,S3-535700698,S2-817235345,S3-987793237,S2-460784113,S3-954070164,S2-849960223,S3-78243064,S3-718296290,S3-695405534,S3-269764519,S2-716367683,S2-76454474,S3-903129610,S3-429685653,S2-952618609,S2-315889723,S3-305809682,S3-609088023,S3-390947627,S3-150772515,S2-825131753,S2-317964465,S2-772902056,S3-642920117,S3-245890939,S3-346435341,S2-545605859,S2-774802693,S3-585088862,S2-353104334,S2-236254867,S2-251752267,S3-757072503,S3-8163509,S2-490837077,S2-152505560,S2-579671165,S2-532839946,S3-49029972,S3-309509011
S1-381957415	S3-864309749,S3-826923897,S2-693810410,S2-357545160,S2-418577059,S2-955852715,S2-788758719,S2-700851619,S2-23811586,S3-789550760,S2-283751499,S3-877383295,S3-993128255,S3-498381445,S2-873237963,S2-885086841,S2-543869668,S2-517058756,S2-214208615,S2-9723901,S3-219510143,S2-598071417,S2-13917682,S2-772533853,S3-121756813,S3-484380054,S3-620122596,S2-740242839,S2-970240609,S3-663062132,S2-414624479,S3-718966374,S3-29284590,S3-832009894,S2-117975134,S2-112039656,S2-719252618,S2-377181975,S2-96029056,S2-515649417,S3-73046314,S2-561199640,S2-413746983,S3-610586970,S2-458005139,S3-169253738,S3-142044846,S3-847045318,S2-208383049,S2-290752193,S3-190848973,S3-81785067,S2-551755963,S2-739949685,S3-799203386,S3-573396832,S3-258774916,S2-504551861,S2-514164775,S3-736209230,S2-188474350,S2-542529670,S3-546666545,S2-720057792,S3-712021998,S2-821893822,S2-320275515,S2-571922317,S2-483921688,S2-433060011,S2-841621811,S2-635321054,S3-669020425,S2-47324818,S2-579863213,S3-732674677,S2-674631547,S3-545928776,S3-78417146,S3-823716595
S1-258353664	S2-480803535,S2-181468156,S2-789914570,S2-802075529,S2-981517288,S3-728960712,S2-334526165,S2-282446638,S3-996759333,S2-99318091,S2-632506460,S2-645674782,S2-967970221,S2-186516392,S3-293632747,S2-997050752,S2-60458825,S2-961236214,S2-14478748,S3-709470866,S2-436225620,S2-684260787,S2-208614397,S2-748875161,S2-160530551,S2-962108340,S2-502732830,S2-441043339,S2-876762695,S2-93373345,S2-93135134,S2-656668371,S2-944765512,S2-147361137,S2-345943087,S2-814704822,S2-533076862,S2-703556722,S2-772527930,S2-842179113,S2-727779415,S3-962916286,S3-124238386,S3-79268761,S3-126982322,S2-18656630,S3-535769539,S3-359713624,S2-20456380,S3-134195078,S2-391533331,S2-23161647,S2-539444098,S2-956792233,S2-253076862,S2-501562255,S2-242741002,S2-864668733,S2-703246591,S3-609979213,S2-370549501,S2-48337240,S2-76454474,S3-335545219,S2-943955488,S2-606988718,S2-734607199,S3-795874436,S2-37996167,S2-638291053,S3-422117758,S2-866768357,S2-938187956,S3-586529094
S1-745976550	S3-935470358,S2-928224698,S3-537389576,S3-145632508,S2-537046055,S3-368317788,S2-399206808,S2-134458400,S3-450496899,S2-45099840,S3-34725266,S3-712484577,S2-807870259,S3-641355504,S2-318217219,S3-507614639,S2-149421134,S2-634792939,S3-903977112,S3-990252204,S3-913078072,S2-20521724,S2-151583137,S2-976148413,S2-333785315,S3-288994679,S3-102029592,S3-134394771,S2-415477440,S2-160671845,S2-887314549,S3-738238165,S3-243480545,S2-508267409,S2-654599086,S2-323141708,S3-745946844,S2-758429705,S2-368510797,S3-347093194,S2-873254087,S2-796111194,S3-936604496,S2-674565629,S3-396819935,S2-290914687,S2-927362731,S2-498385742,S2-461878491,S2-681956450,S2-681384833,S3-302333763,S2-842144377,S3-862519478,S3-89184259,S3-45593778,S2-437964581,S2-591536531,S2-152505560,S2-607996297,S3-652849804,S3-197069383,S3-170356654,S3-752234903,S3-373061755,S3-68218290,S3-440043116,S2-929529885,S2-314464701,S2-66276836,S3-446567063,S3-488800845,S2-84560700,S3-949537436,S3-549989806
S1-164240371	S2-876765444,S3-85364732,S2-126132215,S2-950112893,S3-702961294,S3-132602926,S2-184430029,S3-118973043,S2-558659500,S2-234084042,S2-229187750,S3-976237098,S3-867211711,S2-839504070,S2-12310612,S2-201822017,S3-288216766,S2-3280462,S2-866686286,S3-832829143,S3-6994759,S3-35691553,S3-188117749,S3-829736534,S2-57529012,S2-816576858,S3-227627730,S3-388946626,S2-574605032,S3-935209369,S3-541815091,S2-532740069,S2-995230514,S2-633643020,S3-711192918,S2-199713272,S2-765802852,S3-15422768,S2-576739598,S3-741683325,S3-96459860,S3-720781040,S3-799506416,S3-229196908,S3-993982617,S3-810809197,S2-132409242,S3-400079254,S2-440199557,S2-102039611,S2-151364780,S2-216568703,S3-576536707,S3-300901243,S2-747943345,S3-818372025,S3-93928387,S2-314512553,S3-759766866,S2-888767595,S2-401967653,S2-825404345,S3-86170242,S2-698383825,S3-416063247,S2-262102453,S2-689031692,S3-257760061
S1-346603579	S2-273732223,S2-711641582,S2-66236312,S3-360302156,S3-352190708,S3-71438279,S2-715208426,S3-522155890,S2-326258996,S2-640858326,S2-766825000,S2-69071776,S2-607973478,S2-492571082,S3-702495340,S2-253072483,S2-762335042,S3-913436639,S2-508784928,S2-570022455,S2-490448223,S3-160375207,S2-507533577,S2-986509901,S3-871894639,S2-875814849,S2-327738915,S3-835058332,S3-779158643,S3-411762666,S2-289222177,S2-635513613,S3-880937685,S2-614093014,S2-508189457,S2-548558874,S3-137203279,S3-827889168,S2-604564589,S2-254271213,S2-569871738,S3-366255112,S3-360796658,S2-483580248,S2-771695132,S3-431041774,S2-941207751,S2-536514418,S3-976541956,S3-327543423,S3-98400904,S2-226399798,S2-474175294,S3-677971342,S2-361230651,S2-794833499,S2-613204180,S2-926533987,S2-531391738,S2-919510342,S2-401906235,S2-556092053,S3-889770828,S2-271538007,S3-849510511,S3-982564153,S3-47307644,S3-671016721,S2-332937136,S3-135068162,S2-857492499,S3-916096237,S2-934536741
S1-328371553	S2-283541803,S3-572293729,S3-649047680,S3-532702862,S2-122650575,S3-172571792,S3-394068109,S3-649717239,S2-298914373,S3-90253582,S2-174298792,S3-360664758,S2-774705407,S3-606153222,S2-666590066,S2-35554040,S3-573532210,S2-470289124,S3-262954767,S3-597779932,S2-468780590,S3-642605818,S2-816357824,S3-6820574,S3-716369152,S3-746113016,S2-431590321,S3-835143504,S2-711727482,S2-108388778,S2-926115434,S3-902298832,S3-320995973,S3-932808408,S3-91018323,S3-250655904,S3-201773035,S3-981185355,S3-474365099,S2-851276549,S2-877085471,S3-568783127,S2-846887097,S3-524365192,S2-170413686,S3-20374768,S3-142785179,S2-731738095,S2-676460188,S2-717577484,S3-36425781,S3-823503877,S2-155322095,S2-128766509,S3-289275935,S2-244869949,S2-50513846,S3-258652851,S2-228099575,S3-699279096,S2-713926622,S2-848633916,S2-405520451,S2-967394303,S3-35359027,S2-436621421,S2-237439909,S3-526831018,S2-850270135,S2-892012151,S2-868771496
S1-542424915	S2-568612668,S2-9308859,S2-404614173,S3-859100334,S2-108731549,S2-922157110,S2-430083316,S2-522844813,S2-318025254,S2-372789171,S3-242869823,S2-814528835,S3-101300498,S3-38982455,S2-230769519,S3-486129200,S2-268859026,S3-562191021,S2-667932583,S2-716473017,S2-872471175,S2-236920731,S2-926069490,S2-439786382,S2-948378324,S2-785669238,S3-603483342,S2-629189951,S3-831997818,S2-329399212,S3-294172582,S2-69753631,S3-689228728,S3-850900487,S2-29504815,S2-454889190,S3-509736980,S2-200200363,S3-515917721,S2-827765671,S3-883192297,S3-823730750,S2-862337278,S3-10496426,S3-889875779,S2-901286039,S3-948348282,S3-715640742,S2-859313583,S2-309819640,S3-128062172,S2-715463042,S2-478064148,S3-590045230,S3-213919916,S2-352121573,S3-41233105,S3-255846010,S2-444445874,S3-515787029
S1-116081375	S2-393705126,S2-896461087,S2-770154880,S2-872149441,S2-533534875,S2-191968370,S3-419821397,S2-237459247,S2-74154365,S3-103181839,S2-569636721,S2-357901444,S2-692209141,S2-32646815,S3-824411989,S3-889470091,S2-193517415,S2-786750988,S2-740831697,S2-430929964,S3-336415633,S2-564433190,S2-918422876,S2-20393024,S2-258962214,S2-689070673,S3-690962479,S2-867194813,S2-854459566,S2-170082458,S2-68755534,S3-170267850,S2-403364722,S3-570397691,S2-499689264,S2-208781797,S3-629893212,S2-496777850,S3-969306519,S2-85687046,S3-354642906,S3-989383398,S2-981979031,S3-501031701,S3-594898057,S3-290628343,S2-306131740,S3-86876873,S2-872690777,S2-387549670,S2-616827337,S3-279454260,S2-219002207,S3-906530645,S3-609326189,S3-394452589,S2-139236703,S2-372026603,S2-95400853,S2-780599712,S3-122518048,S2-71425529,S2-495131696,S2-236947927,S3-275391786,S3-547607589,S3-569861839,S3-714823926,S2-271599210,S3-199845690,S3-148917049,S3-348860672,S3-310645758,S3-314367132,S2-659189614,S2-948927387
S1-956108284	S2-298914373,S3-6820574,S3-35359027,S3-262954767,S3-649717239,S3-359767585,S3-506726696,S3-929282683,S3-725021799,S2-468780590,S2-666590066,S3-363493614,S2-581355561,S3-454772850,S2-431590321,S3-573532210,S3-902298832,S2-122650575,S3-1145145,S3-932808408,S2-283541803,S3-872756681,S2-363897400,S3-704059757,S2-531346412,S3-90253582,S3-727493715,S2-174298792,S3-572293729,S3-411152481,S3-193032570,S2-434711089,S2-774705407,S3-430385119,S3-563271608,S2-44446790,S2-729028339,S3-418835231,S2-711727482,S2-470289124,S3-73942880,S3-724226907,S3-568783127,S2-736310522,S3-205138176,S2-142039996,S2-500185652,S3-576289932,S2-6795460,S2-325464860,S3-811801643,S3-612815814,S3-823053051,S3-222417890,S3-735658070,S2-498286147,S3-571974187,S3-547623946,S2-241086103,S3-216059064,S2-465061617,S2-92615749,S3-422909111,S3-864302899,S2-728872073,S2-346555626,S2-798263394,S3-126371567,S3-746113016,S2-484679463,S3-267728695,S3-803547603
S1-599703679	S2-698497238,S3-396099796,S2-910920599,S2-241733605,S3-259865732,S2-416493575,S2-891716428,S2-823474959,S2-217063105,S3-867176023,S3-746337122,S2-813707507,S3-203449116,S3-836860729,S2-797566632,S3-970035903,S3-858715667,S2-540094749,S2-694627142,S2-673801962,S2-270211292,S3-668864651,S2-954748429,S3-771133128,S2-399028407,S3-953474825,S2-73599515,S2-547440367,S3-759621975,S3-325479380,S3-87965512,S3-468972948,S3-758582078,S3-463002835,S2-98658177,S3-785636015,S3-924976959,S3-400840619,S3-343758842,S2-309950217,S3-69135412,S2-648944614,S2-627655247,S2-428344998,S2-700570155,S2-865387879,S2-449221515,S2-579397978,S2-404649098,S2-700124108,S2-62370779,S2-356775947,S2-992631178,S2-898065794,S2-488623836,S2-537022290,S2-780949838,S2-796205724,S2-201581429,S2-848123212,S2-931885453,S2-503074833,S2-457418610,S2-282283458,S2-293776580,S2-70424548,S2-939107769,S3-408417403,S2-749984637,S2-669159196,S3-203114922
S1-159067707	S2-11775502,S2-14004517,S2-706360388,S2-263163004,S2-337412204,S2-698375843,S2-253428263,S2-60794651,S2-128570081,S2-824625824,S2-257268400,S2-705380566,S2-857701760,S2-498492409,S3-219461059,S3-445901533,S2-730208329,S2-3261389,S2-35453945,S2-992199248,S2-846422993,S2-304461331,S2-169037846,S2-873059596,S2-902760758,S2-260747264,S2-29267624,S2-802821766,S2-777164404,S2-764817782,S2-319300525,S2-738411676,S2-623738605,S2-409818790,S2-701586058,S2-498530785,S2-659060419,S2-990137731,S2-761644899,S3-447416942,S2-308718946,S2-128766509,S3-677121608,S3-332441961,S2-26746986,S2-366575972,S3-545041651,S2-877085471,S2-768327585,S3-600722800,S3-953552320,S3-133793647,S2-568882672,S3-213919916,S3-574114935,S2-835259028,S2-3204799,S3-242063184,S2-557352853,S3-761346458,S2-997075825,S3-798008049,S2-392377844,S3-842159804,S2-855831597,S3-380875628,S2-611092385,S2-778736994,S3-645655098,S2-279343282,S3-143785742,S2-136090300,S3-350003946,S2-596285860
S1-590285242	S3-390559825,S3-143830884,S3-609132740,S2-481248258,S2-255224117,S2-650496474,S3-850258104,S3-244810918,S2-596878321,S3-851583897,S3-110748788,S3-7812561,S2-161129978,S3-83214860,S2-241328561,S2-705616076,S3-218138570,S2-53703391,S2-489326796,S3-389736382,S2-263112597,S3-798961070,S2-455173085,S3-229549217,S3-481291610,S3-806485531,S3-417077249,S2-14569417,S3-7800422,S2-412058850,S3-649348770,S3-634341099,S3-901392268,S3-668164932,S2-614551324,S2-41857374,S2-655914561,S2-812224540,S2-996960231,S2-209338117,S2-345307034,S2-404439207,S2-469085227,S3-57220694,S3-712192459,S3-621868889,S3-671717841,S3-415295978,S3-985306246,S2-441863190,S3-534011204,S2-296505578,S2-806977057,S3-279145234,S2-588948787,S2-8350988,S3-418340696,S3-152522028,S2-956067903,S3-215965899,S3-808362830,S3-151761126,S3-333995584,S2-633313805,S3-864814854,S3-496756565,S3-920658684,S2-497553530,S3-734000134,S3-988868160,S3-106082045,S2-206974721,S2-943861018,S3-895291273,S2-851057087,S3-709124728
S1-378978603	S2-633230289,S2-761733049,S2-513069666,S3-409998509,S2-304513888,S3-545305880,S3-986898381,S3-703072783,S3-230409571,S3-725384696,S3-2730433,S2-862382923,S3-57373208,S2-609437425,S2-655931020,S3-215921084,S2-195421748,S2-768521689,S3-161169503,S2-349666497,S2-227021092,S2-377362486,S3-619093712,S2-743615667,S3-665712186,S3-987715758,S3-767991407,S2-633551626,S2-159472146,S3-330800916,S3-736466793,S2-901341721,S2-156580157,S2-461792832,S2-228054761,S2-342761527,S3-353938359,S2-634957046,S2-162387508,S3-53291923,S2-161886862,S2-438794468,S2-158486419,S2-655923189,S2-788983242,S2-20789680,S3-379415128,S2-752356884,S2-168932461,S3-152668629,S3-657063826,S3-317726102,S2-610040280,S2-482937242,S2-921432038,S3-203270661,S3-852278356,S2-61990010,S3-643482228,S2-654957336,S3-37386420,S3-947291626,S3-973204304,S3-609614968,S3-710357619,S2-319555833,S2-380968778,S2-745993033,S3-450339057,S2-208802628,S2-785320108,S3-223322621,S2-6530182,S2-569585207,S3-999147462,S2-663717672
S1-730858380	S3-656883852,S3-140091780,S3-52682410,S2-542512870,S3-137418449,S2-753769600,S2-193622609,S3-905710420,S3-621578492,S2-904833346,S3-575968805,S2-796492281,S3-326931900,S3-807805252,S3-73610575,S2-872213594,S3-858018885,S3-605157544,S2-566487687,S2-513622283,S3-859268022,S3-310706352,S2-647533457,S2-509606065,S3-554806679,S2-986299302,S2-42969376,S3-891999240,S3-911180148,S2-898599389,S3-653250965,S3-1481812,S2-143028616,S2-245096815,S2-47910771,S2-368846644,S2-816989315,S2-43701816,S2-511657954,S3-878552259,S3-679223645,S3-795499634,S3-990226940,S2-573785986,S3-698592979,S3-765618618,S3-929723822,S3-104336699,S3-533903911,S3-730814053,S2-906811475,S3-872950615,S3-849305010,S3-802786092,S2-956723748,S2-838966683,S2-759110424,S3-500029759,S2-473142058,S2-839180643,S2-211198150,S3-291537681,S3-246971548,S3-651393036,S3-625734934,S3-579135170,S2-687298097,S2-422398104,S2-647844092,S3-213653542,S3-507397691,S3-834848830,S3-895860680,S3-353410816,S3-716678885,S3-362301352,S3-81613813,S3-949842036,S2-782823783,S3-869109487
S1-101076392	S2-800992054,S2-8661228,S3-686092977,S2-632667174,S3-629248231,S2-192802782,S2-167575886,S2-121534599,S2-83604237,S2-502169508,S3-615616085,S2-302438585,S2-880755170,S3-937822487,S3-31622036,S2-14145604,S2-727234193,S3-705351228,S2-361206026,S2-342188745,S3-524276079,S2-190923505,S2-124227417,S2-592113355,S3-298614468,S3-16006442,S2-509256741,S3-515696539,S2-932830398,S2-909126088,S3-484495786,S2-520587790,S3-236368944,S3-804292827,S2-320720125,S3-515241928,S3-116294622,S3-842739966,S3-883758289,S2-312231193,S3-327989806,S3-631595732,S2-652176197,S3-671891516,S2-464470231,S2-829980962,S3-637539205,S2-210625117,S2-804872908,S3-476474599,S2-589224004,S2-290176873,S2-29015198,S2-508374208,S2-608790110,S3-1335727,S3-285052264,S2-690459899,S3-233401059,S2-814193727,S2-570560297,S3-969181489,S2-163212711,S3-695333385,S2-182935297,S2-410013422,S2-675428560
S1-635491453	S2-80171195,S2-468683267,S3-847600032,S2-560140043,S2-964251531,S2-879696234,S3-4086513,S3-873905347,S3-556091021,S3-410945410,S3-577472264,S2-429314580,S3-875843349,S2-273158478,S2-915100929,S3-806666926,S2-916060093,S3-225764876,S2-784563143,S3-636690699,S3-285665661,S2-915470927,S2-351702304,S3-520910121,S3-52236204,S2-653124030,S3-208747740,S3-510164984,S3-987704104,S3-8782083,S3-551403580,S3-517808921,S2-482123618,S3-190372431,S2-218416287,S2-950812577,S3-524379126,S2-619193843,S2-667222355,S3-27933425,S3-108085103,S2-585489181,S3-679408461,S2-829010840,S2-772650502,S2-856145116,S2-992224961,S2-543871817,S2-364729065,S3-811665159,S3-678014926,S3-183688700,S2-952504100,S3-952398941,S2-710971383,S2-985317252,S2-495723525,S3-854878941,S3-384330587,S3-204348270,S3-76794438,S2-892253983,S3-972779597,S2-156750656,S2-453572513,S2-682304335,S3-533654183,S2-735404504,S2-108576447
S1-148845479	S2-949112739,S2-446263986,S3-362695637,S2-7809937,S2-217009276,S2-81922376,S2-620474049,S2-987080711,S3-357467710,S2-943230715,S3-272200272,S2-788822218,S3-996802106,S3-616344570,S2-718807938,S3-504207463,S2-51477351,S3-185576487,S3-67355855,S3-112790056,S3-514789414,S2-586183955,S2-848509370,S2-481522759,S2-799889107,S2-413024226,S2-395448941,S2-309079448,S3-758700835,S2-828684877,S2-448548244,S2-521781437,S2-622977075,S3-791120579,S2-65897181,S3-754065952,S3-415969054,S3-457764913,S2-84176606,S2-779589177,S3-10104553,S3-674705950,S3-950160902,S3-577141304,S3-584434733,S3-696001564,S3-750652424,S3-316551541,S2-184650944,S2-331525470,S3-356245179,S3-671663261,S3-949657782,S3-889604839,S3-300949770,S2-681275696,S3-388704705,S3-94470860,S2-76289234,S3-973278193,S2-442818695,S2-803498807,S2-991521451,S2-535256805,S2-919775570,S3-509965743,S3-626717144,S2-883117276,S3-537225968,S2-565217049
S1-29696416	S3-92853265,S3-262954767,S2-174298792,S2-298914373,S2-971652107,S3-649717239,S3-6820574,S3-597779932,S3-932808408,S2-776335567,S3-716369152,S2-468780590,S2-666590066,S3-563271608,S3-506726696,S3-359767585,S3-394068109,S2-108388778,S3-172571792,S2-470289124,S2-35554040,S3-411152481,S2-122650575,S3-704059757,S2-431590321,S3-704384302,S2-298660364,S3-750038513,S2-91150593,S3-222621328,S3-91018323,S2-283541803,S3-16050919,S2-381433580,S3-902298832,S2-851276549,S2-711727482,S3-217324582,S2-321576625,S3-24439712,S3-317784311,S3-894677598,S3-507397691,S2-573785986,S3-714841881,S3-655606488,S2-818675935,S3-67912149,S2-164976993,S2-412478228,S2-62446720,S2-77153596,S2-768280420,S3-569049551,S3-518639121,S2-800293952,S3-137418449,S2-922751574,S2-311299344,S3-606043354,S2-759796468,S3-541720444,S2-115105012,S2-593913634,S2-339090107,S2-993991209,S2-158509070,S3-289552732,S3-959275585,S3-73742124,S3-343533064,S2-918547934,S3-926918607,S3-940381838,S2-984241859,S2-71161222,S3-324607124
S1-684012770	S3-201742983,S3-389401238,S2-281542495,S3-523047963,S2-939753296,S2-325760130,S3-731097085,S3-67010968,S2-405556536,S2-816374880,S3-512873193,S2-899558762,S3-209905362,S2-409310206,S2-782408561,S2-599910283,S2-51304489,S2-273581003,S2-557634773,S3-583906705,S2-984033130,S2-308398652,S3-656956737,S3-257145159,S3-773794059,S2-93682954,S3-314389597,S3-118533150,S3-695407396,S3-848202233,S3-658302515,S3-170842349,S2-728507538,S3-708812153,S2-125606042,S3-95253140,S3-30600920,S3-646566297,S3-148547894,S3-555264023,S2-241464589,S2-165476555,S3-355087594,S3-522187166,S3-296724785,S3-554241945,S3-765667934,S2-952108344,S3-129221151,S2-341288100,S3-636365965,S2-827584632,S3-62810269,S2-151631013,S3-810492289,S2-879030047,S3-1556329,S2-753035497,S3-854661282,S2-140184475,S3-663469434,S2-356738680,S3-382435910,S2-448183049,S2-622381127,S2-600485958,S2-802305132,S3-891721680,S3-806922519,S2-332108079,S2-991208169
S1-71172417	S3-590167657,S2-93204758,S2-270510197,S3-299049528,S2-439786382,S3-65954707,S2-38490269,S2-360020259,S2-857755271,S2-469312440,S2-133270735,S3-486736871,S2-859754079,S2-523476248,S2-866514693,S3-277853129,S2-49975588,S2-897714693,S2-454847618,S2-868242102,S3-818011726,S3-207385893,S3-715438783,S2-433699752,S3-931219163,S2-638684729,S2-871519433,S3-861927181,S3-778931120,S2-26787543,S2-872414495,S3-678948047,S2-19146644,S2-708630767,S2-899616853,S3-213955752,S2-43051021,S2-986178595,S3-550811197,S2-341476036,S3-385545015,S2-854246316,S3-228360752,S3-531178226,S3-988331658,S3-972296342,S3-233767917,S3-137253745,S3-799203386,S3-318274534,S3-496662825,S3-433388625,S2-265591149,S2-495565633,S3-91721410,S2-786894806,S3-24375996,S2-328849658,S3-871339238,S3-647253446,S2-232053686,S2-684609300,S2-493998976,S3-205063248,S2-454388173,S2-860617697,S3-336601124,S2-579245677,S3-475295516,S3-859574495,S2-909960255,S2-617585314,S2-103969126
S1-8813651	S2-915853003,S2-578579566,S2-395060437,S2-395800668,S2-154655572,S3-670128288,S2-264144866,S2-459481005,S3-300856269,S2-988297985,S2-758188088,S2-699778678,S2-16423658,S2-649478790,S3-313131665,S3-767196077,S2-572329107,S2-339749558,S2-613451296,S2-124522842,S3-229690438,S2-766451503,S2-834353592,S2-537166823,S2-901287604,S2-997484752,S2-399552910,S2-998423643,S2-448720779,S2-151688807,S2-464136995,S2-525004910,S2-21471138,S3-62971906,S2-810915319,S2-647795033,S3-651637678,S2-109817052,S3-634655058,S2-634818651,S3-707346710,S2-913038433,S2-190553331,S3-472456960,S3-356103753,S3-151326341,S2-167460619,S3-102521271,S3-83503168,S3-5836114,S3-918635551,S2-248655244,S2-353638829,S3-564842449,S3-369680873,S2-237497049,S2-771337374,S2-686851024,S3-699114287,S2-826516454,S2-277904285,S3-967626854,S2-850858500,S3-58973096,S2-437548135,S2-963907446,S2-609292694,S2-768376501
S1-183363639	S2-458195456,S2-501875319,S3-296246968,S3-316551541,S3-247836691,S2-10768566,S2-428070930,S3-25752121,S3-138768321,S2-466317389,S2-298405093,S3-390115824,S2-31009230,S3-965016948,S3-879301973,S3-467420360,S2-278021863,S2-33513454,S3-94355032,S2-448548244,S2-802975583,S2-621548932,S2-630138778,S2-817628593,S2-170894125,S2-21141769,S3-104373022,S2-14241037,S2-516057966,S2-518113328,S2-348093874,S2-625247661,S2-570344226,S2-980211827,S3-311753027,S2-642172125,S3-694611323,S3-205122250,S2-294412541,S2-855926686,S3-4906745,S2-217920730,S3-633955131,S2-338853492,S2-749468029,S2-216434283,S3-513490849,S2-264022860,S2-349129683,S3-308326760,S2-926996577,S2-227990415,S3-514260198,S2-71002895,S2-938561651,S2-400718321,S2-366268069,S3-304074495,S3-568317198,S2-471713177,S2-532839205,S2-679761638,S2-365108836,S3-551768273,S3-568084706,S3-558201160,S3-840150743,S2-892115752,S3-694532064
S1-999555430	S2-427506185,S2-131191131,S3-136329799,S3-355278217,S2-704302082,S2-138371332,S3-322557743,S3-872210380,S3-973094916,S2-361784563,S2-433966432,S2-415941852,S2-802130222,S2-853930812,S2-17776298,S3-202344913,S2-982612712,S2-445149265,S3-435310695,S3-46672214,S2-439888025,S2-657946400,S2-781548230,S3-574445505,S3-359441915,S3-971540785,S2-558847223,S3-819311522,S3-299099717,S3-453098310,S2-103249097,S3-703591163,S3-827320968,S2-326258996,S2-150997100,S3-130856564,S3-253380501,S2-295617119,S2-939986664,S3-535879730,S3-309257393,S3-635441065,S3-966803338,S2-659107686,S2-599864991,S2-434200786,S2-788842239,S2-298634403,S2-604984256,S2-310578826,S3-685244710,S2-471713177,S3-882094124,S2-564663076,S3-126470686,S3-794463322,S2-770871265,S3-228878697,S3-522146126,S3-164140182,S3-120825821,S3-334458671,S2-941056545,S3-380501819,S3-633510675,S3-943379440,S3-445898365,S3-355516599,S2-708254943,S3-316722510,S2-53256099
S1-633779655	S2-717551722,S3-233427784,S2-721293248,S2-639976590,S2-651796542,S3-403534940,S3-511066816,S2-223158631,S2-1411324,S3-103168501,S2-893108988,S2-205621531,S2-887677243,S3-2973402,S3-64767479,S2-297933495,S2-31802229,S2-139757130,S2-104390468,S2-683865354,S2-280323423,S2-5676480,S3-590184812,S2-268104978,S2-935397972,S2-812656407,S3-782024328,S3-409566684,S2-87963492,S3-932778223,S3-822368056,S3-726193642,S3-844266618,S3-275214725,S3-216618198,S2-63261077,S2-647778163,S2-279664505,S2-824359905,S2-211323364,S3-531909500,S2-723293439,S3-471642037,S2-43723004,S3-435995885,S2-728055261,S3-993706537,S2-474491903,S3-927138491,S2-76500698,S3-944768043,S3-991099247,S2-864449489,S2-865944757,S2-281483518,S2-253120022,S2-769308658,S2-62300552,S3-338810162,S3-912059056,S3-732682423,S3-226313889,S3-984763052,S2-505187682,S3-112200097
S1-913042783	S2-876128288,S2-84893523,S3-891906960,S2-950035920,S2-698413615,S3-242831822,S3-689159011,S3-522155890,S3-459676076,S3-569468215,S3-16376566,S3-279056307,S3-996423936,S3-739988497,S3-731652378,S3-661211050,S3-22498234,S3-637595241,S2-400259664,S3-880122228,S2-306905047,S2-656156729,S3-770141930,S2-116895038,S3-162620371,S2-875814849,S3-301828787,S2-853290202,S2-972217648,S3-340104300,S3-349504758,S3-825873488,S3-975751583,S2-817335528,S3-769611978,S3-487306955,S3-369748691,S3-804394618,S3-227387827,S2-937543996,S2-910920544,S3-387408422,S2-900484551,S2-189369869,S3-689394326,S3-682224422,S3-294301138,S3-650736971,S2-287005471,S2-580101126,S3-106563679,S2-634015823,S3-148418242,S2-747334800,S2-531391738,S2-755008630,S3-123118865,S2-967185833,S3-895114093,S2-973302756,S2-210115827,S3-6320755,S2-768709186,S2-482678265,S2-592623251,S3-887946505,S3-275539274,S2-345888576,S3-979754162,S3-715356603,S2-668182982,S2-369512771,S2-73825356,S2-472151404,S2-364546871
S1-558031216	S2-14314968,S3-952844723,S3-250766433,S3-349584500,S2-374649875,S2-315253973,S2-427638122,S3-173896351,S2-130797961,S2-936595492,S2-621267029,S2-225147088,S2-780123305,S2-751058119,S2-673518147,S2-152264568,S2-814240015,S2-753773305,S2-415554005,S2-165180502,S2-403491724,S2-689528333,S2-63106291,S2-549898315,S2-1862520,S2-66288890,S2-370927609,S2-378683103,S2-663471831,S3-502685010,S3-515519184,S3-895372940,S2-209372229,S2-877555522,S2-826062114,S2-135923064,S2-606826366,S2-70937654,S2-407646669,S3-267727561,S2-224513042,S2-85982908,S2-880677902,S3-325117644,S2-310409547,S2-364349922,S3-157695622,S2-154063343,S2-596045920,S3-886649027,S2-63398509,S2-400140731,S3-149944576,S3-223378799,S3-747317802,S3-853254201,S2-280550905,S2-620079579,S2-566627479,S2-744112705,S3-439448924,S2-78097888,S3-538461805,S3-85308239,S3-671154542,S2-602525424,S3-279637281,S3-521481769,S2-597243519,S2-478937782
S1-690538628	S3-101891714,S2-862841483,S2-828042825,S2-216236637,S2-548870825,S2-167528177,S2-361177185,S2-632327324,S2-220627807,S2-245887185,S2-929907500,S3-92837925,S3-48755040,S2-145379986,S3-559761868,S2-934796779,S2-679609784,S2-985298375,S2-974796269,S2-409357408,S2-557253038,S3-343870456,S2-588491670,S3-102181072,S3-190768737,S2-770435205,S3-134195078,S2-335116479,S2-778057968,S2-368384203,S2-361553623,S3-801701830,S3-139981007,S2-974735952,S2-693145762,S3-239043259,S3-148556735,S2-534393699,S3-458156761,S2-976412040,S2-662891369,S3-691224672,S2-713135503,S3-636270265,S3-623708410,S2-461543673,S2-258351117,S2-920904095,S3-505940680,S2-83768658,S2-565891604,S3-106876368,S2-506270318,S2-796310966,S3-220892491,S2-953067267,S3-977023342,S3-712221169,S2-593589165,S2-3523097,S2-623862587,S2-964646724,S2-560382482,S2-434774439,S3-429210030,S2-852109622,S3-42797614,S2-402910440,S2-630787822,S3-836343374,S3-517083467,S2-359104621,S2-361098007,S2-973287013,S2-655067434,S2-215182600,S2-592820941,S2-92900333,S2-702569533,S2-843640697
S1-86804153	S3-340337483,S2-949109872,S3-445355176,S2-59049982,S3-794293711,S3-967535890,S2-291488555,S2-802648022,S2-52461216,S3-249002145,S3-984984695,S2-14506136,S3-162981237,S3-544119362,S3-79702847,S2-833441536,S2-588784793,S3-593419985,S2-493145930,S2-743906548,S2-94895211,S2-549301778,S2-839763761,S2-498390029,S2-35739278,S2-698305314,S2-762033913,S3-519534976,S3-702220697,S2-615761919,S3-477336083,S3-227086715,S2-778025278,S2-619282421,S2-898029820,S2-992996841,S2-650216158,S2-144785112,S3-576383180,S2-259053443,S2-998889775,S3-481062600,S3-13037893,S2-869386886,S3-16813092,S3-991107968,S2-336453778,S2-448088052,S2-844416938,S3-642356028,S3-752803117,S3-256995092,S3-138443272,S2-571675727,S3-32363117,S2-655123278,S3-392257519,S2-762252952,S3-276074437,S3-173022888,S2-42154825,S3-906411275,S3-168064025,S3-485317167,S2-774806802,S2-673940503,S3-647109749,S2-902205396,S3-738408010,S2-701185974,S3-818967501
S1-92768400	S2-966992154,S3-843391155,S2-933197055,S3-280842895,S3-450496899,S2-680762771,S2-166028065,S3-228559790,S2-478297072,S2-125254201,S2-908719488,S2-221209198,S2-877598413,S3-581577760,S2-960265505,S2-16171480,S2-618798011,S2-535981152,S3-431514808,S2-912252732,S3-127041351,S2-389911332,S2-659558728,S2-645394998,S2-341089895,S3-91364038,S3-255190556,S3-294230186,S3-83727805,S3-713345476,S2-295432206,S2-440701572,S2-904833346,S3-930022795,S2-282894751,S2-887573110,S3-466319483,S3-281533319,S2-932536548,S2-183559327,S3-677489072,S2-419837913,S3-534011204,S2-362207868,S2-9370449,S2-745478213,S2-869606758,S3-984936535,S2-255763248,S2-614640857,S2-368991907,S3-981086057,S2-959725981,S3-767909828,S3-718650938,S2-837439453,S3-153468633,S3-958843511,S3-230826619,S3-462074405,S2-752949161,S3-565048668,S2-939908187,S3-954453270,S2-84451483,S3-155626714,S2-404132531,S2-375877172,S2-838963215,S2-519136098,S3-386624368,S2-678322177
S1-246225268	S2-442144356,S2-799889107,S2-624005973,S2-413024226,S2-116955752,S2-309079448,S2-828684877,S3-791120579,S2-163108225,S2-733088840,S3-187191351,S2-836680156,S2-372005913,S3-457764913,S3-910671497,S3-758700835,S2-65897181,S2-84176606,S3-720605374,S3-459858818,S3-803973742,S3-971555812,S2-137787594,S2-224322085,S2-831707743,S2-783844229,S3-50670771,S3-266785479,S2-174240991,S2-690871239,S3-699422893,S2-927023028,S2-951032156,S2-952582171,S3-73387339,S2-658373403,S3-525164347,S2-276266669,S3-530497743,S2-557780223,S3-314079525,S2-480002867,S2-302075865,S2-59405676,S3-599077720,S2-889587153,S2-917792823,S2-512567536,S2-929186697,S3-585648120,S2-939908187,S2-305734048,S3-162584369,S2-908474052,S3-263214398,S2-185240784,S3-121788110,S2-319012131,S2-305917618,S2-487897647,S2-134822749,S2-671885302,S2-568464507,S3-528663759,S2-355467530,S3-934767279,S2-613001830,S2-768958764,S2-24668132,S3-90558953,S3-29631894,S3-292373763,S2-894690049,S2-750473552
S1-979509841	S3-908889377,S3-248455870,S3-262484771,S3-735039301,S3-650481318,S2-579015405,S2-717546,S2-392958095,S3-103202509,S2-897680704,S3-990372771,S3-788984169,S2-614319442,S3-534783457,S3-335426478,S2-263112597,S3-927660716,S3-463381394,S3-439146941,S2-720676030,S3-965119673,S2-203177179,S3-656956737,S2-759175669,S3-522359643,S3-380826131,S3-549497837,S3-716043682,S3-96491764,S2-133664209,S3-99342018,S3-324631768,S2-617449437,S2-620018177,S2-40845920,S3-620653507,S3-746487312,S2-73372129,S3-42671836,S2-381212418,S3-252284978,S2-254459731,S2-941652547,S3-960205913,S3-167573768,S2-652160731,S3-173833997,S3-425320243,S3-871326699,S3-917108713,S2-394645988,S2-318627840,S2-22846917,S2-537968038,S3-822368056,S2-994905861,S2-398456093,S2-17442525,S3-438753881,S2-528305272,S3-839808791,S3-438401988,S2-905512469,S2-369645131,S3-434836825,S2-805898113,S2-302989296,S3-738229554,S2-703267220,S3-528753638
S1-942087593	S2-682339489,S2-759079441,S3-521986911,S3-384492697,S3-763478361,S2-839293906,S2-864600696,S3-709143333,S2-930991582,S2-506829976,S3-467551879,S2-775262626,S2-479732238,S2-470266918,S3-266661984,S3-295703552,S3-377503111,S2-637958052,S2-985317252,S3-940664124,S2-820998599,S2-287792084,S3-866922104,S2-233994357,S3-204098364,S2-19370241,S2-748439824,S2-291292908,S3-611369340,S2-156750656,S2-509938121,S2-548353339,S2-47695826,S2-422080443,S2-757062932,S3-866430069,S2-751160677,S2-639751075,S3-191488033,S3-857084553,S2-366785932,S2-867382421,S2-274988866,S3-22627834,S2-346097654,S2-758145635,S3-431195246,S2-743615667,S2-453909888,S2-124071553,S3-814535438,S2-574605032,S3-493434833,S3-165870437,S2-727122409,S2-946872072,S3-871843718,S3-993381924,S3-878073109,S2-771890475,S3-134745608,S2-52173611,S3-978032089,S2-24668132,S3-352331557,S2-171380499,S2-540685940,S3-886445489,S3-544784208,S2-357561196,S2-745165633,S2-102352925,S3-53584208
S1-566485202	S3-856809177,S2-457341466,S3-926561005,S3-849708458,S2-154220920,S2-910540859,S2-107905251,S2-474648878,S3-525707099,S3-936571893,S2-565976253,S2-698687453,S3-3215588,S2-402210101,S3-850803399,S2-890977739,S2-499250466,S2-851532300,S3-231617718,S3-417557607,S2-954926042,S2-962963050,S2-409910382,S2-34956606,S2-676850116,S3-132213554,S3-190075117,S2-29317506,S2-853277837,S2-935705789,S3-892908848,S3-725004442,S2-494517765,S2-755527042,S2-302752401,S3-20955706,S3-146023217,S3-771053376,S3-295214504,S3-319541313,S2-482448268,S2-375337139,S3-351767854,S3-492823672,S2-252010908,S2-707147172,S3-811016421,S3-771504351,S3-186323077,S2-569386615,S3-659282445,S3-468864567,S2-140844769,S3-563024274,S2-630700904,S2-598458137,S2-341793407,S3-346907687,S3-489252881,S3-214400375,S2-496353454,S2-38830683
S1-360188878	S2-569739603,S2-315823580,S2-196562486,S3-569969889,S3-763940657,S3-692038601,S2-263244436,S3-648102632,S3-578143206,S2-424537185,S2-471852141,S3-490880308,S3-402958681,S2-164274633,S3-29795188,S3-992341899,S3-67443313,S3-693882651,S2-757793146,S3-478832844,S2-944634045,S2-31256790,S3-37236824,S3-324607124,S2-165103314,S2-926365725,S2-692772574,S2-89438839,S3-957059794,S3-175183145,S3-627658448,S3-700555341,S2-865745597,S2-939504093,S3-826923897,S3-794790437,S3-862063751,S2-991161951,S2-411496852,S2-468780590,S2-303809454,S3-543348168,S3-596029979,S3-450635469,S2-814704822,S3-678311307,S2-201040866,S2-946158355,S2-525930404,S2-733025108,S3-614308226,S3-172111976,S2-759863524,S2-721922246,S2-455124754,S3-362552465,S2-386307336,S3-404188224,S2-754627896,S3-716739385,S2-690666650,S3-304501038,S3-83653959,S2-200895905,S2-366393391,S2-726813453,S3-433714177,S3-819895784,S3-403473052,S2-561028551,S3-412987812
S1-607646145	S2-74533932,S2-544837670,S2-235409456,S2-651218587,S3-512503469,S2-795545317,S2-585835879,S3-983691988,S2-875171099,S2-437307977,S2-649183633,S3-913436639,S3-745942608,S3-251586416,S3-833501559,S2-36059605,S3-540335041,S3-706185976,S3-578704824,S3-764442097,S3-825770797,S3-970302965,S2-157917727,S2-924300091,S2-214274250,S2-346427565,S2-58060331,S2-405222082,S2-915148371,S3-332387082,S3-253638877,S3-313588426,S2-61100587,S2-118879181,S3-231872175,S2-520841493,S2-115314774,S3-32478182,S2-210211020,S2-152926449,S2-910635230,S2-617577195,S2-340397246,S2-241318094,S2-605437177,S3-272319076,S2-555846632,S2-806553512,S3-768781931,S2-856103258,S2-203237790,S3-720553518,S3-746588415,S3-223609196,S2-405733042,S2-849470270,S3-680771688,S3-31850482,S3-726696515,S2-319488783,S2-95866349,S3-997751296,S3-255019477,S2-311492520,S2-864105147,S2-870171243,S2-588597341,S2-40787846,S3-573962207,S2-885509144
S1-422926253	S2-506507828,S2-637816415,S2-494134518,S2-526720745,S2-883995183,S2-563115127,S2-737827326,S3-712720337,S2-641807236,S2-411075953,S2-701817548,S2-115741826,S2-282247919,S2-177546393,S2-487658056,S3-403708677,S2-693193772,S3-842504961,S2-516203334,S3-297498597,S2-163204011,S3-663881743,S2-201065522,S3-697282731,S3-397750283,S3-456966111,S3-100042312,S3-607044879,S2-911750057,S3-338395204,S2-836050391,S3-954042417,S3-32735211,S3-828072436,S2-583496904,S2-496203045,S3-327864558,S3-657983477,S2-185015967,S3-767099175,S2-284106540,S2-871151022,S2-954007911,S2-416029438,S2-815078712,S2-900822837,S2-802724006,S3-251781031,S2-130141140,S2-250840257,S2-616556706,S2-25679689,S2-941993883,S3-415190500,S3-455878026,S2-474488626,S2-898171065,S2-385362895,S2-203207503,S2-32251757,S3-802882603,S2-189892225,S2-940397835,S2-846776586,S2-130556167,S2-205940570,S2-731730534,S2-374932545,S2-330793449
S1-92729851	S3-400872309,S2-817411710,S2-912300310,S2-574384975,S2-832217974,S3-821427001,S3-30616921,S2-763142748,S2-406417949,S3-636968217,S2-573296825,S3-845849635,S3-234043023,S3-689653521,S2-822199651,S2-384198832,S3-98007898,S2-540979392,S3-54059681,S3-186248891,S2-370635933,S3-607045512,S2-314114422,S2-90657044,S2-844363575,S2-755318198,S2-392186091,S3-580202227,S3-556785725,S2-334631662,S2-383687370,S3-884241182,S2-479410496,S2-571375645,S2-785986172,S2-521408532,S2-6921001,S3-423659085,S2-778948236,S2-410342697,S2-909479279,S3-658831177,S3-275026777,S3-704410979,S2-420291012,S3-656868659,S2-992673515,S2-813475758,S2-384316606,S3-988300481,S3-907272755,S3-627157676,S2-489486401,S2-559855687,S3-634380382,S2-288188326,S2-373104551,S3-804193171,S3-12113516,S2-800252422,S3-576258518,S2-946184519,S2-139050497,S2-581657957,S2-208595646,S2-509988862,S3-220080021,S2-146593098,S2-731553190,S3-99909662,S3-647472046
S1-674558177	S3-513576159,S2-230870247,S2-872966114,S2-932843757,S2-259929846,S2-993221227,S3-431503485,S3-559857129,S2-500952494,S2-441938596,S3-766461982,S2-827740014,S2-858372241,S2-165835874,S2-959549116,S2-210674684,S2-628335210,S2-934047348,S3-760665673,S2-243422666,S2-102295585,S3-881899727,S2-406758983,S2-523271338,S2-122744511,S2-534095600,S2-849436272,S2-859458159,S2-310840604,S2-996245861,S2-533185918,S3-549531669,S2-388542289,S2-867958453,S2-365876998,S2-57223675,S3-44513075,S2-335195201,S2-942025833,S2-508328321,S3-904545740,S2-681221227,S2-919348669,S2-719245109,S3-785271288,S3-940076412,S2-691003831,S2-267090069,S2-757943880,S3-956181807,S3-374583103,S2-978616516,S2-398076373,S3-363423547,S2-318974024,S2-29471782,S2-462387080,S3-336161963,S3-280056874,S3-107982956,S3-350124491,S3-359713624,S3-349717823,S3-356032800,S3-450383858,S3-972870344,S2-641141099,S3-437243930,S3-716940802,S2-391790274,S2-493952708,S3-652099563,S2-114606790,S2-956723748,S3-116889975
S1-126393436	S2-764236252,S2-897714693,S2-439786382,S2-454847618,S2-857755271,S2-133270735,S3-177197704,S2-859754079,S3-382256807,S2-263831667,S3-403953578,S2-49975588,S2-543043500,S2-26787543,S2-899616853,S2-218886187,S2-868242102,S3-325851644,S2-629189951,S2-920019239,S2-616111338,S2-464183193,S3-261977206,S2-532301142,S2-623235077,S3-825002811,S3-500600375,S2-433699752,S2-638684729,S2-42635997,S3-237771570,S2-562439207,S3-504533907,S3-818011726,S3-142923075,S2-91347281,S2-523476248,S2-43051021,S2-712777388,S2-270113589,S2-375080152,S3-216014667,S3-704025615,S2-78456694,S2-238325329,S3-462738389,S3-95020948,S3-459560805,S2-442062682,S3-569781496,S2-153869095,S3-991483226,S3-546901221,S3-56081360,S3-164586083,S3-830756557,S2-428723787,S3-775827148,S2-837262034,S3-445045809,S3-422848940,S2-630020405,S3-779779382,S2-684321221,S3-840495215,S3-439413671,S2-459377527,S3-349427847,S3-278727955,S2-444018594,S3-959942875,S2-75129136,S3-785002331,S2-344621502
S1-806365059	S2-766212881,S3-719452923,S2-735192003,S3-991090069,S3-379022150,S2-490736028,S3-288097235,S3-249882202,S3-120776314,S3-242213659,S2-208754757,S2-385870280,S2-563441082,S2-308520060,S2-909512087,S2-201089624,S3-388566099,S2-252989755,S2-425817949,S2-532020500,S3-403876847,S3-782236821,S3-699273759,S2-558832922,S2-400714565,S3-145093694,S2-744794854,S3-712540294,S3-715994092,S2-362329289,S3-447448464,S3-561013713,S2-915202445,S2-145865332,S2-161614632,S3-67645457,S3-839189434,S2-411500333,S3-593592676,S3-936452712,S3-901565695,S2-152411138,S2-688756738,S2-770945909,S2-75608025,S2-776588528,S3-541688875,S3-408499897,S2-300588139,S2-6505501,S3-582971513,S3-437033673,S2-739603930,S2-619852536,S3-922531735,S3-420014676,S3-989301323,S3-759462555,S3-985263434,S3-820598415,S2-243821617,S3-595429613,S3-535473329,S3-932308817,S2-403979359,S3-766937403,S3-310015971,S2-367720673,S2-38734044,S2-594722602,S3-383933681,S3-423665047,S2-198163085,S3-721486890,S2-258069548,S3-917488774,S3-805946449,S3-404343538,S2-902147205,S2-715698913
S1-180523534	S3-269035579,S2-684203603,S3-842807032,S3-715040857,S2-160094478,S2-244020674,S3-754719347,S3-959927802,S2-155080488,S3-446325893,S3-499494829,S2-79390585,S2-495431990,S2-312379347,S2-22326392,S3-395753334,S2-765627283,S2-665668157,S2-985113991,S3-274001469,S2-165142876,S3-337137453,S2-366734174,S2-118962579,S2-398772289,S3-151348822,S2-717265066,S3-459858818,S2-272847385,S2-462856163,S2-445173692,S2-632333413,S2-70925361,S2-956655346,S2-268699905,S2-802288394,S2-28469648,S2-672709140,S2-477873982,S2-654086957,S2-805160212,S2-297215873,S2-296505578,S2-885699604,S2-72013138,S3-588728859,S3-311747045,S3-924059254,S2-879980104,S3-869222496,S2-82808602,S3-384175839,S3-376333874,S2-463239170,S3-892145439,S3-297727972,S2-774806802,S3-377372619,S3-709077086,S3-828183665,S3-419356359,S3-795805750,S3-722728573,S2-14972120,S3-919909941,S2-194885385
S1-713966229	S2-101451801,S2-962138377,S2-263244436,S3-692038601,S2-551662137,S3-648102632,S3-402958681,S3-763940657,S3-992341899,S2-217445093,S2-31256790,S3-578143206,S2-844882406,S3-490880308,S2-424537185,S2-165103314,S3-997821216,S2-939504093,S3-29795188,S3-794790437,S3-862063751,S2-678028752,S3-709963397,S3-693882651,S2-325773900,S3-185300025,S3-713910721,S3-493450555,S3-293458255,S3-802882603,S3-867086393,S2-230184729,S3-752088719,S3-259288925,S3-850596301,S3-478832844,S2-199425487,S3-300768172,S3-700555341,S3-118707874,S3-579443866,S2-465492790,S3-681698905,S3-599556556,S2-255680733,S3-337369967,S2-403876113,S2-486574451,S3-221042789,S3-35183835,S3-187938488,S3-107068445,S3-811657034,S3-815425720,S3-580656612,S2-546934117,S3-405925982,S3-51587702,S3-891618576,S3-435007335,S3-531845075,S3-73017836,S3-198792125,S3-358744532,S2-978232132,S3-166652488,S2-949810971,S3-656610579,S3-741459211,S3-21156033,S3-233271394,S3-982081845,S2-731193103,S3-848040724,S2-693072766,S2-221641616,S3-45327783,S2-378716140,S3-782666865,S3-969759029
S1-790887991	S2-837766097,S2-526958838,S2-159917784,S3-337037961,S2-138565051,S2-436225620,S3-709470866,S2-962108340,S3-165265802,S2-943710664,S2-14478748,S2-857555749,S2-1987676,S2-160530551,S2-211478570,S2-598610883,S2-502732830,S2-961989190,S2-748875161,S2-208614397,S2-507366348,S2-147361137,S2-811215096,S3-99671655,S2-656668371,S2-345943087,S3-229421197,S2-768125352,S2-842179113,S2-332937136,S2-551109833,S2-99318091,S2-60458825,S3-764949655,S2-155487435,S2-802084293,S2-847179162,S2-39490448,S2-645138790,S2-703556722,S3-707867400,S2-288894535,S2-495756044,S2-783730157,S3-285279778,S3-530095938,S2-369155141,S2-303177508,S2-184183848,S2-740607429,S3-245987435,S3-112112297,S2-514722406,S2-196080938,S2-231042988,S3-964505167,S3-957830439,S3-303596559,S3-529197970,S2-527388422,S2-834716913,S3-279044583,S2-682818309,S2-218501800,S2-919334837,S2-965581478,S3-891308648,S2-210794360,S2-582548853,S2-551682918,S3-871894639,S2-101559131,S2-940338542,S3-815432636,S3-878882119,S3-750097591
S1-46049969	S2-637536373,S2-571229284,S2-287588845,S3-392722000,S3-981396357,S2-570057266,S3-665630576,S2-95209804,S3-686908676,S3-259746654,S2-164685384,S3-818486597,S3-623468230,S3-341982320,S2-675366763,S3-221513452,S3-911955296,S3-243866485,S2-97436758,S3-200067807,S3-204399147,S2-365103520,S2-644251488,S2-650216158,S3-429016906,S2-621101162,S2-2600373,S2-952660147,S3-120900965,S3-751783063,S2-996072351,S2-31411556,S3-59133681,S3-779162057,S2-859262520,S2-875879557,S2-860216935,S2-548558874,S3-502745307,S3-640997844,S3-583713917,S2-285723667,S3-640877197,S2-741124141,S2-478151070,S3-797465857,S2-398772289,S2-426755542,S2-281481906,S3-701630960,S3-945019608,S2-662333551,S2-784742941,S3-837524679,S2-791633373,S3-604361098,S2-532740600,S2-615282050,S3-757058533,S3-551320302,S2-108078608,S2-367140671,S2-68812643,S3-79539220,S3-182187466,S2-161093615,S2-547570766,S3-510297461,S3-792618829,S3-416032716,S2-672351661,S2-38154661,S3-240369392,S2-745445816
S1-106691524	S2-671503159,S2-221379524,S2-774426640,S2-377790326,S2-968997475,S2-666690906,S2-947758414,S2-562884138,S2-422398104,S2-344085581,S2-600115417,S2-383148775,S3-553144510,S2-568760734,S2-686218274,S2-293444864,S3-729806324,S2-969898742,S2-812772307,S2-539019770,S3-630184262,S2-685264609,S2-400958216,S2-478183673,S3-310657973,S3-884562966,S2-759794091,S2-544679828,S3-131096569,S2-38114861,S2-881799150,S2-603978285,S2-577486256,S2-786024064,S2-3332574,S2-374932545,S2-98149180,S2-143563693,S2-786651838,S2-955950684,S2-211198150,S2-906113528,S2-298914373,S2-151242144,S2-529101052,S2-770847663,S2-898171065,S3-25238211,S3-497898909,S2-75608025,S3-851806350,S2-42818488,S2-790527036,S2-278285112,S2-243821617,S2-69730118,S3-994213020,S2-48337240,S2-138864892,S2-644867803,S2-954814329,S2-478831502,S2-810558775,S2-495238985,S3-956828939,S3-228157744,S2-237762946,S3-509335648,S2-727803781,S2-226654105,S2-723525921,S3-743039174,S3-80319637,S2-608886373,S3-122836633
S1-183540234	S2-898171065,S2-403536251,S3-260392183,S3-38582448,S2-921432038,S2-769281362,S2-38220478,S2-4790543,S2-868186176,S2-589300359,S3-391714264,S3-776723844,S2-76129496,S3-865042536,S3-349969154,S3-400910477,S2-324630156,S3-14770650,S3-821516081,S2-835441368,S2-804627671,S3-432970517,S3-88341122,S3-632448342,S3-574063486,S3-185213835,S2-685454476,S2-133708034,S2-432261970,S3-874175440,S2-317986865,S2-871909789,S3-61619477,S3-320911135,S3-377335510,S3-990945585,S2-909201388,S2-834060510,S3-389428922,S3-522370920,S2-327042196,S2-722569778,S2-22700931,S2-923598538,S3-691565353,S2-906898057,S2-808414800,S2-75608025,S2-879172710,S2-517460204,S3-524208467,S3-782236821,S3-19908783,S3-550796803,S3-881398220,S2-138052849,S3-887586797,S3-311870926,S3-887580850,S3-865331235,S3-605628947,S2-243821617,S2-6505501,S2-631410361,S2-133132935,S2-460054572,S3-891651718,S3-933038091,S2-503525880,S3-471719999,S2-114606790,S2-87360292,S3-719452923,S3-729351589,S2-333060453,S2-288243765,S3-144954349,S3-786432591,S2-48463008,S2-862498153
S1-545370440	S2-263087763,S3-571880474,S3-284065542,S3-939544501,S2-261633301,S2-4660785,S2-14278997,S3-66055609,S3-388826916,S2-509577880,S3-707756995,S2-708502020,S3-785759398,S3-663866449,S3-555723298,S3-617044944,S2-400428534,S3-850669268,S3-464728611,S2-405268162,S2-168848975,S3-735478027,S2-256698844,S3-785380989,S2-613440639,S3-179626749,S2-728570647,S2-763835236,S3-998909983,S3-155649882,S2-316154806,S3-396256962,S2-959566926,S2-112136673,S3-521135202,S3-634945121,S2-976704268,S3-329834424,S3-291126055,S2-684055122,S3-391682344,S2-833867348,S3-989241997,S2-746271686,S2-896235762,S2-95822029,S3-886496073,S2-733582518,S3-154127132,S2-92555763,S3-34138431,S3-343632632,S3-225828108,S2-907475289,S2-947221890,S2-303296462,S2-849557641,S3-147388550,S2-366081375,S3-953045491,S2-599203426,S3-766100811,S2-930406617,S3-726624236,S2-481532062,S2-375183247,S2-725412413,S3-732016338,S3-40564334,S3-859716269,S2-104584185,S2-274195777,S2-479438945,S3-732472806,S3-96326193,S3-170298594,S3-640691361,S2-831938783
S1-410040347	S2-409910382,S3-466523185,S3-856809177,S3-760448236,S3-3215588,S2-107905251,S3-525707099,S2-698687453,S2-565976253,S3-926561005,S2-29317506,S3-849708458,S3-725004442,S2-630700904,S3-351767854,S3-346907687,S3-492823672,S2-402210101,S3-231617718,S2-694315600,S2-474648878,S2-890977739,S2-457341466,S2-34956606,S2-910540859,S2-962963050,S2-935705789,S3-936571893,S3-190075117,S2-154220920,S3-146023217,S2-494517765,S2-755527042,S2-598458137,S3-771504351,S2-524606152,S3-186323077,S3-874344144,S2-156803152,S3-771053376,S2-527468510,S2-241273177,S3-459513073,S2-569386615,S3-213458259,S3-836358336,S2-940079305,S2-466214280,S2-777835859,S2-507106072,S3-580716022,S2-38830683,S3-79030122,S3-971577180,S2-280110711,S3-809830171,S3-125845903,S2-618727098
S1-174390454	S3-511558180,S2-931900562,S2-762899428,S2-756890612,S2-984480300,S2-954486837,S3-808496544,S3-602235760,S2-629543845,S2-535538356,S3-551114082,S3-231523086,S3-472881816,S2-699029532,S3-838008352,S2-565609932,S2-701008849,S3-896872183,S2-928620819,S3-58288284,S2-232876579,S2-927043946,S2-420253722,S2-766536822,S3-353910299,S2-722558285,S2-993472875,S2-249997299,S2-991227315,S2-290655819,S2-878928576,S3-718296290,S3-373166455,S2-492641049,S2-91377268,S2-364774015,S2-681568197,S3-783126833,S2-164682702,S3-39840375,S2-705041822,S2-644231577,S2-444794612,S2-119907794,S2-13761214,S2-31483296,S2-192199797,S2-375080152,S2-799626400,S2-783576806,S2-446507103,S2-988080322,S2-345936905,S3-123030748,S2-455750535,S3-74233507,S3-736819838,S3-128013423,S3-572310159,S3-546901221,S3-713139878,S2-21126963,S2-912161036,S2-793153206,S2-344767729,S3-58090666,S2-731738095,S2-73838846,S2-459540462,S3-955149216,S2-99859010,S3-278727955,S3-653669467
S1-695737678	S3-80483400,S3-966803338,S2-200628014,S3-664509992,S2-723849031,S2-862139087,S2-344732838,S2-535108453,S2-351927064,S2-309321467,S3-723782835,S2-189641281,S2-797287113,S3-862960270,S2-698770637,S2-618062766,S2-833900025,S2-287395177,S2-129302226,S2-1112988,S2-662221399,S3-115021245,S3-714752110,S2-802999298,S2-20818044,S3-832829143,S2-813350027,S2-303388367,S2-116195313,S3-462653702,S2-388841946,S2-676661435,S2-997592409,S3-221958438,S3-976237098,S3-105968409,S3-801856992,S3-541779869,S2-608758567,S2-155368104,S2-180996143,S2-834228481,S2-260504995,S2-163575109,S3-959566703,S3-263214398,S3-879571762,S2-724847000,S3-601460627,S2-8419441,S3-865736546,S3-90651189,S3-96873382,S3-438837864,S3-692891401,S2-185301992,S2-637753619,S3-319633665,S2-655477966,S3-888856135,S2-722257514,S2-895946886,S2-11520784,S3-551218765,S2-9116710,S3-560603245,S3-285920914,S2-867814372,S3-465276202,S3-906095832,S3-1755839,S2-272944416,S3-806984784,S2-228372424,S2-576333741
S1-143410687	S2-291353274,S3-474779966,S3-62939172,S2-938508012,S3-329776460,S2-479893171,S3-440168071,S2-226306885,S3-998937858,S2-984324064,S2-441899223,S3-975824073,S3-625714252,S3-724436961,S2-666412617,S2-78920509,S2-672601660,S3-880347108,S3-799584171,S3-787716287,S3-779642627,S2-750225773,S3-176227429,S3-388292576,S2-93415794,S2-769670550,S2-894616416,S2-54356365,S2-736654053,S2-894573315,S3-816253451,S2-66432399,S3-628708596,S2-567837097,S3-416198234,S3-663938352,S3-257761501,S2-986728349,S3-290285288,S3-353236618,S3-553737011,S2-950794754,S2-934911551,S3-914470681,S3-637905424,S2-592623251,S2-356953783,S3-197850265,S3-832764102,S3-636533366,S3-481991219,S3-203891072,S3-450440228,S3-242015140,S3-667311476,S2-712815990,S3-295659218,S3-320411861,S3-562012570,S2-38075830,S3-639095135,S3-19658046,S2-802129140,S3-301781131,S3-693267377,S3-372993654,S3-401339306,S3-149092724,S3-133572120,S3-609500573,S2-372772311,S3-540324260,S3-548765254,S2-892936907,S3-954745636
S1-690898835	S2-438148510,S2-404639263,S2-751749898,S3-58783452,S2-471441474,S2-935217572,S2-889020512,S3-968971811,S3-720128986,S2-866268955,S2-219275051,S3-841924608,S3-724874305,S2-808728262,S2-365968904,S3-363251552,S3-55706982,S2-594000607,S2-282384593,S3-400414441,S2-361820762,S2-704684954,S2-412042490,S2-585489181,S2-361387824,S2-224142995,S3-803761260,S2-946075760,S2-789729286,S2-615246459,S3-926620838,S2-639081854,S2-947363575,S2-373953326,S3-303786741,S2-804219829,S2-493061716,S2-738669515,S2-991507759,S3-472792786,S2-199066227,S3-521925136,S2-289186799,S3-239905502,S2-183967309,S2-717781411,S3-968847114,S2-147317655,S2-325615566,S2-851074270,S3-319831126,S2-788395227,S3-105263451,S3-520886736,S2-621216422,S2-89626299,S2-421162180,S2-338740167,S3-280613736,S2-617863527,S2-420141877,S2-269818257,S2-546554595,S2-678360983,S3-230826619,S3-183688700,S2-134159847,S3-692025079,S2-725858627,S2-22273375,S2-368991907
S1-196054265	S2-289656809,S3-861314721,S3-167008454,S2-283918647,S3-233776311,S2-566407734,S2-462969878,S3-949139593,S2-517314553,S3-676261651,S3-504554963,S3-595579857,S2-272405669,S3-643656989,S3-102781518,S2-93747646,S2-760833579,S2-498248823,S3-772426378,S2-891533963,S3-582655813,S3-90352138,S2-918643499,S3-45510150,S2-913672240,S2-956708079,S2-893148057,S2-24561574,S2-657946400,S2-551271954,S3-595344158,S2-80914247,S2-304449280,S2-490773265,S3-835974857,S2-974261911,S3-42484426,S3-762594029,S2-811684306,S3-618635930,S2-30349466,S2-689399817,S3-698020603,S3-765580800,S2-745714890,S2-617245553,S3-67559056,S2-491748471,S2-336880119,S3-39582871,S3-21971942,S3-498118662,S2-533197229,S2-591417577,S2-543610219,S2-125001890,S2-591934435
S1-710909094	S3-669318207,S2-402146164,S2-511519776,S2-610833438,S2-494655227,S3-292569516,S2-328773938,S2-13963616,S3-404487618,S3-519497142,S2-215173585,S2-575953609,S3-965119673,S2-714882908,S2-192566893,S2-420777299,S3-67645109,S3-946196806,S2-585053686,S2-819445650,S2-232490044,S3-372230683,S3-91397216,S2-871689803,S3-633062643,S3-618126362,S3-538945304,S2-222391309,S2-444945373,S2-80163497,S3-98007898,S2-122498745,S3-897145140,S2-512369708,S2-968260152,S2-494427848,S3-184192359,S3-926309722,S2-926047574,S2-296655894,S3-841743389,S3-990500146,S3-839634264,S3-891011695,S3-440003242,S3-740167153,S3-207294843,S3-929331349,S3-84038969,S3-355865641,S3-636247403,S2-225998968,S3-444579714,S3-197850265,S2-126100779,S3-133572120,S3-137411620,S3-803783626,S3-265999592,S3-191558081,S2-869123096,S3-952115561,S3-1755839,S3-480657856,S3-232911367,S2-983676891,S3-987267410,S3-968483077,S3-135549469,S3-890861575,S3-56085368,S3-951454269,S2-416607733
S1-171653159	S3-597011393,S3-195867122,S2-814853152,S3-603338246,S3-821147559,S3-603235983,S2-566443534,S2-817242919,S2-989998989,S3-247396825,S2-199309396,S2-766546763,S3-92624949,S3-95057795,S2-363932189,S2-930882610,S2-176453879,S3-627362615,S2-705890173,S2-487005531,S2-130608178,S2-179524589,S3-556242957,S3-816078296,S2-847640027,S2-864135069,S3-644979463,S2-320855366,S3-669418661,S2-309992091,S3-895567106,S2-578011300,S3-133936349,S3-76448730,S3-42246356,S3-888739376,S3-393369508,S2-815576787,S3-203065440,S3-77294614,S3-893252275,S3-94415865,S3-42037876,S2-246424192,S3-291520829,S2-247163144,S3-728318597,S3-682142621,S2-76595366,S3-533139704,S2-636241885,S2-828508860,S3-534475640,S3-844117197,S3-451526773,S2-182378373,S2-736964650,S2-211366725,S3-711235567,S3-767239080,S2-97997258,S2-713946561,S3-586147189,S2-133239838,S2-639932791,S3-142208199,S3-994805260,S2-941641598
S1-861378966	S2-219071662,S3-889875675,S2-665501932,S2-468761482,S3-579062321,S2-161122749,S3-901131935,S2-678028752,S2-45071914,S2-225927782,S2-505328569,S3-604316635,S3-962039728,S3-624533943,S3-774345900,S2-145851590,S2-292316755,S3-614430343,S3-369978353,S2-126147848,S3-750093551,S3-356328247,S2-60604464,S3-167131647,S3-805783007,S2-708805617,S3-712101613,S3-169357017,S3-487955323,S2-719637845,S3-911064052,S2-219201040,S3-260972330,S3-962364406,S2-465642879,S3-700400722,S3-895567106,S3-516103089,S2-887857848,S2-113674828,S2-333447782,S3-577870128,S2-285242955,S2-275795730,S2-629530702,S2-435735384,S3-691156820,S3-937945935,S2-638311910,S2-970808601,S3-509281704,S3-475226933,S3-8239057,S3-109942194,S3-116952809,S3-128468410,S2-1706199,S2-753452160,S3-557226529,S2-723601409,S3-767182636,S2-717197999,S2-238243520,S3-130723912,S3-115061195,S3-820118804,S2-992553286,S2-575329360,S3-861205462,S2-356692451,S3-798652385,S2-518683159,S2-797821871,S2-97500151,S3-160196746
S1-60629534	S2-425445777,S2-705223241,S3-272692931,S2-32554056,S2-567318654,S2-592335494,S3-629272358,S2-863270404,S2-521331122,S2-93581811,S2-984642202,S3-465934118,S2-137370606,S3-698704990,S3-315279368,S3-935470358,S3-255509045,S3-723070493,S3-355516599,S2-116092947,S2-477885437,S3-472095820,S2-791163818,S3-441953820,S2-419315255,S2-832051344,S2-468700275,S2-759501371,S2-472278678,S2-91704178,S2-386690759,S2-553201776,S2-138622990,S2-53173995,S3-346773982,S3-639706835,S2-496971162,S2-228711689,S3-225377108,S2-565703063,S3-66596634,S3-425246395,S2-112711706,S2-542594018,S2-370099937,S3-436842681,S2-112678769,S3-545629303,S2-964879738,S2-559067232,S2-62214818,S2-483538525,S2-428282271,S2-671474707,S3-418874497,S2-701376661,S2-256926185,S2-109993355,S3-744240599,S2-544556444,S3-471237975,S3-431369048,S2-7897890,S3-376333874,S2-956821432,S3-704445612,S3-157927074,S2-665426130,S2-497878093,S2-469898952,S3-983466333,S3-511140505,S2-132158251,S3-264075437
S1-679782609	S2-303563625,S2-785641119,S3-47684365,S3-788185335,S3-336170976,S2-221980761,S3-662967977,S2-228800846,S2-815892148,S3-896408933,S3-135586708,S2-70948394,S3-522006282,S2-684003498,S3-754716126,S2-844687740,S3-639047028,S2-252816537,S2-808317602,S2-278269475,S2-201984079,S2-631247528,S3-332442906,S3-627013556,S2-462012236,S3-545201381,S2-603141194,S2-952697415,S3-180565002,S2-627975007,S3-934161101,S2-215874680,S2-395504295,S2-698463172,S3-129339480,S3-585464626,S2-920207477,S3-245773701,S2-279968715,S3-619287201,S3-114044421,S2-753408999,S3-856161057,S2-582517364,S3-12187447,S2-727608986,S3-87157483,S3-444175673,S2-892898418,S3-391249700,S2-681779895,S3-526304229,S3-161338369,S3-273690584,S2-168555097,S2-821463039,S3-811459990,S3-227082747,S2-596242375,S3-585974483,S3-430121015,S2-331836866,S2-441073639,S2-263813651,S3-542805234,S2-94225976,S3-959631961,S2-889549203,S3-857046951,S3-38603666,S2-107924419
S1-150829563	S2-929186697,S2-474002834,S3-365855722,S3-801955850,S3-42466232,S2-706615728,S3-578653004,S2-301993127,S2-698652632,S3-140078256,S3-84971403,S2-898522892,S2-79330211,S3-178964349,S2-696538156,S2-825931548,S2-478941851,S3-977162582,S2-835063716,S2-282629268,S2-488793642,S2-758723157,S3-951624052,S3-397018406,S2-516030205,S3-127637575,S3-542848367,S2-529781809,S2-168892374,S2-578129330,S2-328308841,S2-23752133,S3-616580840,S3-551391501,S2-847470450,S2-125306550,S3-868332799,S3-141214788,S3-996117650,S3-338069301,S2-350299409,S2-839035917,S2-231603712,S3-828375222,S3-367948062,S3-25142872,S2-638653989,S2-838012558,S2-195421748,S3-9911992,S3-990634574,S3-912059056,S3-946988556,S3-351545980,S2-512947690,S3-647252083,S2-882907234,S3-417991481,S2-959725981,S3-768365903,S3-21680574,S2-907726815,S3-33085448,S2-763098788,S3-14801142,S3-959541556,S3-973979833,S3-610385177,S2-359230295,S3-124972296,S3-154084109,S3-701596000
S1-986863583	S2-428247939,S2-593330090,S2-52897342,S2-659388516,S2-675338643,S2-131647303,S3-513449712,S2-464667255,S2-918105213,S2-634504463,S3-910389077,S2-41468811,S3-402844066,S2-639373844,S2-750677464,S2-225350159,S2-972129901,S2-134405471,S2-921137386,S3-134173636,S2-817141568,S3-906018045,S2-980743302,S2-153330537,S2-135281783,S2-939501813,S2-373967213,S2-759160109,S2-672736825,S3-146157047,S3-611913482,S3-264788430,S2-219665952,S3-721893905,S3-797396722,S3-266114170,S2-213839930,S2-615690557,S3-921835388,S3-644402215,S3-216617915,S3-80965940,S2-439088774,S2-132895527,S3-496466299,S3-586426609,S3-91987621,S3-372402269,S2-8419441,S3-439466786,S3-560603245,S2-414388057,S2-869879385,S3-121950053,S2-598658234,S3-973358340,S2-975266530,S3-69061992,S3-625234479,S3-787219199,S3-761988542,S3-207950330,S3-56451013,S3-902624764,S3-394124343,S2-86710286,S2-540228886,S2-480821739,S2-322260418,S3-242486515,S3-730957085,S3-43428103,S3-438607609,S3-660756657
S1-67904101	S3-35359027,S2-298914373,S3-394068109,S2-468780590,S2-926115434,S2-122650575,S3-572293729,S3-320995973,S3-649717239,S2-774705407,S3-262954767,S2-525629316,S3-573532210,S2-174298792,S3-90253582,S2-666590066,S2-431590321,S3-606153222,S3-360664758,S3-6820574,S2-35554040,S3-597779932,S2-283541803,S3-835143504,S2-470289124,S3-823503877,S3-649047680,S3-485267936,S3-691152634,S3-359767585,S3-975576582,S3-902298832,S3-201773035,S2-711727482,S3-642605818,S3-806461336,S3-506726696,S3-932808408,S2-637815811,S3-369503938,S2-261749908,S3-174713586,S2-363897400,S2-816357824,S2-3914789,S3-904807000,S2-243627614,S3-5836114,S2-88205041,S3-568783127,S2-947133868,S2-683695538,S2-147531698,S2-671700250,S2-222540081,S3-991264593,S3-94565107,S2-370115077,S2-321576625,S3-707346710,S2-298448326,S2-997441729,S3-430123984,S2-259477709,S2-69730118,S3-454772850,S3-564842449,S2-328559856,S2-709748280,S3-800398987,S2-101411979,S3-311380074,S2-434799271,S3-332395580,S2-122125858,S3-185531684,S3-386770747
S1-552720726	S2-65187376,S2-677307722,S3-552611934,S2-379349723,S3-426539608,S2-163887487,S3-889395203,S2-197051644,S2-203774138,S3-836272198,S3-448673815,S3-750448068,S2-256125023,S3-788062473,S2-969741720,S2-396214517,S3-616207215,S3-632713634,S2-494311438,S2-585413507,S2-112452524,S3-82502095,S2-879158207,S3-795044507,S2-228917785,S2-735201125,S3-176316398,S2-546440731,S3-327769806,S3-288479294,S2-794730061,S3-374956800,S3-834979061,S2-251067677,S2-20742028,S2-699038440,S3-823400406,S2-444238695,S3-278334032,S2-82235070,S2-627283630,S3-348021008,S2-209903753,S2-482466821,S3-459890455,S2-215453955,S2-986189127,S3-658783001,S2-827862104,S2-846035038,S2-198163085,S3-792128350,S2-636625504,S2-852111696,S2-18442426,S2-374750542,S2-205502216,S3-743318478,S3-351271265,S3-226541510,S2-853980435,S2-848497007,S2-133708034,S3-113861273,S3-436570056,S2-496018186,S2-949646028,S2-816410974
S1-531110798	S3-934688089,S2-297845171,S2-957850786,S2-205973140,S2-232709023,S2-633873636,S2-705939052,S2-99922291,S2-564438591,S3-755124914,S3-518042457,S3-623976682,S3-343501761,S2-820729367,S2-442309389,S3-185767727,S3-941623199,S2-284785625,S3-288964610,S2-787176242,S2-206082608,S3-508140434,S2-262372552,S3-377311939,S2-709371601,S3-745755880,S3-756644980,S2-173340793,S3-167263410,S2-672935280,S3-876106011,S3-509867083,S2-655536460,S3-321528227,S3-739363821,S2-842281516,S3-735100145,S2-566184875,S2-427947632,S2-296371420,S2-967185833,S3-778439621,S2-647772078,S3-778943307,S3-6965579,S2-166887381,S2-100644535,S3-511681405,S3-100921498,S2-318363966,S3-71950238,S3-832008731
S1-88905792	S2-292447435,S3-721753816,S2-212328906,S2-534320225,S2-764879575,S3-958847284,S3-44985873,S2-313270079,S3-229852949,S2-628723698,S2-826566831,S2-587995497,S3-691156820,S2-927235908,S2-328896377,S2-261749908,S3-390846,S3-365295502,S3-819662865,S2-162831300,S3-942674995,S2-415276023,S2-915229145,S2-297759446,S3-591403999,S3-897563080,S2-880101195,S2-914661709,S2-843346859,S2-734607199,S3-17161672,S2-719553441,S2-372625515,S2-709748280,S3-64817417,S3-258925493,S2-823717263,S3-766766837,S3-235310854,S3-411023211,S2-350422499,S2-293441687,S3-279620386,S2-695773809,S3-264799854,S3-180591822,S2-717791408,S3-202911003,S2-976523853,S3-460701378,S2-567844590,S2-855143599,S2-649938200,S3-363953136,S2-56035640,S2-210442537,S3-828406749,S2-680599449,S3-591612931,S2-296080724,S3-401100222,S3-240255725,S3-782646865,S3-914942312,S2-928435424,S3-167885956,S2-882315779,S3-9021509,S3-13624402,S2-178246198,S2-391213168,S3-199235279,S3-815681898,S2-725969272,S3-556335825,S3-562165629,S2-299916830
S1-403028834	S2-672709140,S3-763940657,S3-692038601,S2-263244436,S3-402958681,S3-648102632,S2-165103314,S3-446325893,S2-31256790,S2-495431990,S3-578143206,S2-939504093,S3-867086393,S2-79390585,S3-490880308,S2-424537185,S3-700555341,S3-752088719,S3-29795188,S2-844882406,S3-992341899,S3-37236824,S2-165142876,S2-665668157,S3-693882651,S2-164274633,S3-579443866,S2-312379347,S2-217445093,S3-493450555,S2-765627283,S2-185194896,S3-596541484,S3-395753334,S3-407141614,S3-185300025,S3-850596301,S2-942547137,S3-567116410,S3-300768172,S2-398772289,S2-684203603,S3-959927802,S3-722728573,S3-924059254,S3-869222496,S2-477873982,S3-990372771,S3-749713060,S3-709077086,S2-297215873,S3-350137010,S3-829206396,S2-503115494,S3-100967114,S2-244020674,S2-464887178,S3-384175839,S2-533107175,S2-361933562,S2-885699604,S3-828183665,S3-274001469,S2-82808602,S2-783841787,S2-807693710,S2-519986526,S2-52720735,S2-945049160,S3-571209945,S3-450733648,S2-146896908,S3-306236151,S2-489369957
S1-279014952	S2-199622369,S3-27157849,S3-853385389,S3-989909986,S3-797331858,S3-214181872,S3-178951123,S3-750093551,S2-45071914,S2-151236622,S3-962039728,S2-325414419,S2-172898922,S2-465642879,S3-182698702,S2-176453879,S2-165863386,S2-924122782,S3-805023613,S3-40963885,S2-505328569,S3-356328247,S2-219201040,S3-492160910,S2-841316739,S3-248701072,S3-392393361,S2-985572539,S2-500841766,S2-985866585,S3-658385963,S3-302591797,S3-238195891,S2-273557721,S2-870699698,S2-831595570,S2-427767176,S3-567233367,S3-805347792,S2-825119242,S3-579062321,S2-641807236,S3-384900172,S3-275561289,S2-102425409,S3-171066888,S3-275360323,S3-401962497,S2-203938458,S3-111598854,S3-967140195,S2-543978816,S3-611303485,S3-713648990,S3-759845938,S3-7056222,S3-570163170,S2-365761987,S3-796629251,S2-387323350,S3-2896685,S2-773778270,S3-521523733,S2-377809075,S2-217445093,S3-376392291,S3-11672588,S2-576873420,S3-767670808,S3-228143659,S3-3403139,S3-675009586,S3-100504676,S2-96522827
S1-66101502	S3-623976682,S2-358523592,S3-13649850,S3-784505573,S2-44005477,S2-489702903,S2-377001396,S2-764991113,S3-766442026,S3-887537863,S3-75035031,S2-187897232,S2-730120417,S3-901230050,S3-978876100,S3-291085387,S3-412664880,S2-697743676,S3-758777655,S2-352986236,S2-249434995,S3-817811601,S2-939172894,S2-72251274,S2-526357687,S2-402060516,S2-727230971,S2-702039155,S2-695091484,S2-628003864,S2-737398129,S3-585252323,S3-292723286,S3-90197267,S3-161316419,S3-887760724,S2-382526213,S3-320187983,S2-541576004,S2-672734557,S3-87965512,S2-249900895,S2-413822422,S2-740831664,S2-838635486,S2-679093794,S2-72321941,S2-717994769,S2-990316841,S2-872667264,S2-735756058,S2-279764067,S2-812224540,S2-584891688,S2-441729075,S2-857074511,S3-869062204,S2-781776602,S2-743791425,S2-326094937,S2-266604924,S2-671885302,S2-929534934,S2-308837383,S3-766256320,S3-513764741,S2-865706404,S2-411459798,S3-614839380,S2-869879385,S2-853304409,S2-289879050,S3-954129417,S3-161598289,S3-111773423,S3-146754652,S3-189577862,S3-846429374,S2-285274066
S1-419304665	S2-945355776,S2-503582947,S2-79753492,S3-767660649,S2-578011300,S2-97997258,S2-525572699,S2-564999726,S2-260686291,S3-128701982,S2-964408894,S2-245887185,S2-473561725,S3-760013898,S3-35272343,S3-672071977,S2-199309396,S3-323606002,S2-449272570,S3-746038977,S2-640493688,S3-884160086,S2-660708598,S2-513268507,S3-924676479,S3-372533233,S2-766546763,S3-597011393,S3-280640572,S3-261239034,S3-785016936,S2-728914835,S2-76420430,S2-661366673,S3-95057795,S3-92624949,S2-449651472,S2-821893822,S2-565780016,S2-110172126,S3-149622465,S2-196345434,S3-356062468,S2-446797137,S2-982283387,S3-477158581,S3-943654535,S3-859147978,S2-445300809,S3-27266894,S2-390086881,S3-672443801,S2-308510117,S2-561317555,S2-759542904,S3-672120292,S2-284721900,S3-550217951,S3-91294893,S3-640865814,S2-574699346,S2-712638630,S2-953588261,S2-890710365,S2-500185652,S3-714938424,S3-297498597,S2-374538617,S2-192598130,S2-685910881,S2-448230568,S2-414155203,S2-111990597,S3-675798260
S1-189831319	S2-244753129,S3-312660810,S2-222791096,S3-233166833,S3-516128204,S2-56527520,S2-664267843,S3-629687020,S3-880629169,S3-831557760,S2-319638360,S3-377298547,S2-853510014,S2-348504325,S3-431418833,S3-40103160,S2-983672962,S2-713716594,S2-321349711,S2-87788796,S3-956420786,S3-716654762,S2-669684920,S2-529550739,S2-552565714,S3-165698872,S2-662770103,S3-144678432,S3-652654064,S2-599195929,S3-370396454,S3-183414766,S2-306319880,S2-496466546,S2-136305349,S3-751077136,S3-687462448,S3-427226005,S3-954088010,S3-383443267,S2-243072146,S3-244718006,S3-633444556,S2-125872131,S3-287956574,S2-344974738,S3-682484756,S3-836935573,S3-506962883,S3-903319181,S2-490621987,S3-46956620,S2-754010566,S2-823219705,S3-874597414,S2-185181845,S2-989486607,S2-89636252,S2-396642522,S2-762314198,S3-996604365,S2-500894793,S3-798235758,S2-431480388,S3-134133559,S2-731394367,S2-432057893,S3-624733554,S2-629258625,S3-386075785,S3-425526819
S1-464514986	S3-518233187,S2-210289203,S2-503169839,S3-30241418,S2-265024680,S2-154917458,S3-296160928,S3-515386878,S2-483971627,S3-507700511,S2-440365023,S2-65769840,S2-878552177,S3-698704990,S2-320317223,S3-935470358,S3-723070493,S3-290825545,S3-198707522,S2-592335494,S2-567318654,S2-505812513,S2-399946430,S3-346773982,S2-386690759,S3-295157636,S3-432856949,S2-494655227,S2-512313339,S3-508589269,S2-465719509,S3-356358051,S3-29631894,S2-984943631,S2-68559986,S2-102395073,S2-207682533,S3-315279368,S2-795492238,S2-575479656,S3-645269399,S2-155080488,S2-243393164,S2-627115912,S2-631292361,S2-570678742,S2-133894844,S2-806945385,S2-240244122,S2-307258325,S2-137370606,S2-139620173,S3-281094145,S3-915724522,S2-819293089,S2-611548253,S3-62244581,S3-297727972,S3-44249603,S2-859797070,S3-111987580,S3-524981154,S3-576819474,S2-560656589,S2-546209539,S2-133950583,S3-721283785,S2-542432894,S2-120095800,S2-39996098,S2-937734462,S2-488021890
S1-418896338	S2-730105794,S2-971727603,S2-919756697,S2-454522940,S2-32330578,S2-119760832,S2-970885323,S3-737598598,S2-182510296,S2-485121887,S3-139662055,S3-219134644,S2-4413122,S2-737827298,S3-404674384,S2-848545247,S2-303148353,S2-199318275,S2-474056260,S2-188475856,S3-504787989,S2-31411556,S2-750478064,S3-989663207,S3-123006873,S3-591470040,S2-209094926,S2-943707831,S2-361289750,S2-576920398,S3-389880739,S3-291569442,S2-117041640,S2-871689803,S3-70185939,S2-498324539,S3-752263296,S2-398026526,S2-829070070,S2-702593052,S3-719613425,S2-530364098,S2-345786785,S2-723293439,S2-594549146,S3-806957410,S3-453198772,S3-646781577,S3-895114093,S3-993491751,S2-38387712,S2-764047604,S3-88883057,S2-468147176,S2-557472925,S3-118660716,S2-472180567,S3-460959355,S3-181158016,S3-618492389,S3-266646480,S2-472204730,S2-856103258,S2-423583694,S2-63088567,S2-837574878,S3-994875499,S2-979001750,S2-761924464,S2-879985030,S2-24668132,S3-263214398,S3-459626697,S3-950790378,S3-87016260
S1-492793391	S2-198163085,S2-924681052,S2-794730061,S2-114081967,S2-396214517,S3-795044507,S2-20742028,S3-750448068,S3-176316398,S3-278334032,S2-879158207,S3-889395203,S2-65187376,S2-112452524,S2-323121276,S2-494311438,S3-196755595,S2-197051644,S3-632713634,S3-22190771,S3-596541484,S3-776851534,S2-251067677,S3-327769806,S2-759749969,S3-82289682,S3-215124606,S3-714504878,S3-586731830,S3-854413822,S2-203774138,S3-889389888,S3-89747368,S3-308682,S2-990819803,S3-819859511,S2-313619915,S3-804973018,S2-585413507,S3-927257276,S3-207262214,S2-211719163,S3-38758438,S3-535825299,S3-898883474,S2-746710818,S3-492840565,S2-753518729,S3-206904350,S2-436572089,S3-605314134,S3-261063787,S2-423803251,S2-718900613,S2-518663992,S3-812227171,S3-268100002,S3-155525893,S2-215453955,S3-921292041,S2-607666338,S3-120149885,S3-925005131,S2-200301005,S3-1590592,S2-401622069,S3-258020557,S3-426092354,S3-894740843,S3-348021008,S3-992592351,S3-697332041,S2-451190891
S1-648894561	S3-849305010,S2-154334183,S3-219921448,S2-928826408,S2-200614839,S2-505328569,S3-346435341,S3-635391646,S2-708621837,S3-96361993,S2-95883726,S3-276376723,S2-375174284,S3-741236030,S2-483668994,S3-728639368,S3-326931900,S2-768922688,S3-255799386,S2-382990298,S3-375697326,S3-695784917,S3-805783007,S3-371338164,S3-785579261,S2-234142033,S2-891123807,S3-561046732,S2-750722980,S3-73610575,S3-159853730,S3-113928595,S3-353342528,S3-354698454,S2-56048435,S3-796871497,S2-369468926,S3-605157544,S3-611471477,S2-45071914,S3-109533885,S3-526022927,S2-647844092,S2-231695215,S3-217085103,S2-474841636,S3-524969528,S2-447585027,S3-188588389,S2-883437993,S3-315993616,S3-283811286,S3-896259179,S2-774802693,S3-199458245,S3-616891914,S2-475978312,S2-807841194,S3-203087862,S3-977086194,S3-576758130,S2-20571244,S3-609647892,S2-727570982,S3-14539018,S2-371312178,S3-111598854,S2-596110281
S1-143671838	S3-301389993,S3-189386416,S2-39411677,S3-218300354,S2-348278349,S2-620505687,S2-397133859,S2-719587272,S2-982088229,S2-888030033,S2-213550532,S3-797830010,S3-710553476,S2-790425886,S2-393369363,S2-448720779,S2-860136380,S2-944847344,S2-326982803,S3-96812322,S2-264144866,S2-605538607,S2-397641530,S2-702370543,S3-229690438,S3-874566744,S3-248484936,S2-843503740,S2-607826334,S2-223493773,S2-533301682,S2-223708724,S2-252354833,S2-825954032,S3-171598643,S2-524442597,S2-857775977,S2-287223230,S2-426324794,S2-642065392,S2-830807133,S3-224190698,S2-188229710,S3-704590786,S2-76019573,S3-325802352,S3-181748456,S2-785139940,S2-738385108,S3-242626500,S3-387069758,S2-711824023,S3-7575869,S3-108617508,S3-679454750,S2-956536970,S2-100377507,S2-186194151,S2-33293565,S3-770560806,S2-300373097,S3-1678300,S2-365055172,S3-425092139,S3-487141031,S2-628121208,S2-439218180,S2-838861846,S3-82938515,S3-648976921,S2-72415487,S2-992694636,S3-13258941,S2-759175669,S2-179395302,S2-21645589,S2-873318575,S2-161773164,S2-964063991,S2-593080732
S1-851799346	S2-228093709,S3-376509191,S2-118178792,S3-955869387,S2-228567244,S2-849985648,S2-575141378,S3-155856104,S2-592094915,S2-94656370,S2-369645131,S2-625727735,S2-639350108,S3-914317906,S2-99612310,S2-576940946,S2-596160677,S2-77059049,S2-110778219,S2-536758365,S2-75357379,S3-50641443,S3-890727191,S2-789874976,S2-46989188,S3-787011172,S2-27297350,S3-867211711,S2-405466933,S3-212206324,S3-103181839,S2-177779132,S3-723782835,S2-578011300,S2-833900025,S2-692075550,S2-662221399,S3-823162629,S3-167233289,S2-564999726,S2-623164214,S2-769092236,S3-878823656,S3-981298822,S3-173833997,S2-648311535,S3-783127894,S2-983123295,S2-88812123,S3-738229554,S3-58943063,S3-158827078,S3-779706087,S3-876962801,S2-166397067,S3-71886117,S3-780913927,S3-292378443,S2-289284092,S3-153583898,S2-847791104,S2-909113264
S1-804171096	S3-982286178,S3-617979991,S3-54007347,S2-234714259,S3-645131926,S2-672519826,S2-170947040,S3-280371882,S3-542864045,S3-925684712,S3-645005923,S2-610487117,S3-546974268,S3-890074162,S2-437762177,S3-779940792,S3-906745557,S2-15365332,S2-296272902,S3-610113607,S2-764713035,S3-406413261,S3-828329455,S2-686315973,S3-937555631,S2-309561640,S2-989135318,S3-882313490,S2-281892840,S3-190699143,S3-249906236,S3-710459140,S3-170349878,S2-256415162,S3-898933968,S3-338828454,S3-56092705,S2-911145110,S3-162186626,S3-369130400,S2-267558021,S2-621089690,S3-477250159,S3-398781836,S2-312868538,S2-981907125,S3-623798784,S2-426149878,S2-291266819,S3-807213849,S3-566929643,S2-977033809,S3-220168513,S2-751290376,S2-154696595,S3-590776128,S2-839504070,S3-38502989,S3-892745457,S3-303957744,S3-849902321,S2-498596750,S3-411088518,S2-868061043,S2-704249865,S2-331387013,S2-256327265,S2-691628657,S3-227628287,S3-150720588,S3-428015546,S2-200925331
S1-751608780	S2-863222181,S2-240154338,S2-581648789,S2-666748017,S2-572633717,S2-255381665,S2-672791574,S2-206973640,S2-977337029,S2-478937782,S2-400222753,S2-414884857,S3-300051627,S2-284568069,S2-39617527,S3-785400621,S2-399946430,S2-489486401,S2-524977898,S2-758596191,S2-358976138,S3-375471546,S2-918011179,S3-562245095,S2-309842136,S3-163958632,S2-398630428,S2-725858627,S3-674511075,S2-798974717,S2-240841658,S3-499671938,S3-511681405,S3-682972427,S2-810440007,S3-26871771,S2-111647224,S3-983135704,S2-990283831,S3-873317658,S3-477839721,S2-546554595,S3-926146511,S2-363534521,S2-87525481,S2-182936282,S2-203006136,S3-359901165,S2-728096951,S2-690363589,S2-302075865,S3-120973852,S3-753342448,S3-767711361,S3-347994526,S2-793091637,S3-934767279,S3-658281338,S2-865706404,S3-770204324,S3-260389778,S3-191335438,S3-91917243,S2-367240764,S2-730591467,S3-232261743,S3-528166336,S2-869123096,S3-525738713,S3-927610627,S3-32619164,S2-830941618,S3-236374356,S2-812329447
S1-163766842	S2-887383048,S2-932424350,S3-600707657,S2-708698349,S2-59646163,S2-825207939,S3-951537680,S2-70458894,S2-59306068,S3-746379346,S2-65481058,S2-866483960,S3-15424481,S2-844415241,S2-613241838,S2-973115012,S3-709136171,S2-522223134,S2-988924900,S3-856745787,S2-426149878,S3-191253991,S2-921813303,S3-25867309,S3-348432432,S3-438722081,S2-634770470,S2-419150035,S3-574197847,S3-433534090,S2-58732271,S3-612491747,S2-434065749,S2-331596096,S2-801373301,S2-409250915,S3-309601238,S2-11556516,S2-103317508,S3-401408978,S3-62121831,S2-823569314,S2-768709186,S3-163958632,S2-347137455,S3-297871077,S2-636939570,S2-47852107,S3-451907466,S3-248425494,S2-310732297,S3-682967634,S2-125254201,S2-200861471,S2-890405562,S3-245878259,S2-978756288,S2-463494071,S2-543871817,S3-695022146,S2-92837343,S2-327174690,S2-263087763,S3-253673095,S3-788834852,S2-37627401,S2-830634166,S2-742079417,S3-359337318,S3-772548059,S2-760880556,S3-213659314,S3-215772395,S3-214151267
S1-569100881	S2-988717480,S2-246185804,S2-802941686,S2-853399841,S2-439786382,S2-857755271,S2-133270735,S2-629189951,S2-859754079,S2-436120738,S2-525297931,S2-454847618,S2-868242102,S2-49975588,S2-926069490,S2-897714693,S3-711600788,S3-931219163,S2-56631800,S2-838260930,S3-312122561,S2-436282991,S2-827765671,S2-616111338,S2-879412891,S2-283112567,S3-261739268,S3-423846422,S2-433699752,S2-638684729,S2-593731945,S3-50059688,S2-523476248,S3-617405581,S2-26787543,S2-697434125,S2-783938628,S2-70431703,S3-609834998,S3-715438783,S3-657311804,S3-803329095,S2-209401303,S3-124772066,S2-55021741,S2-35021649,S2-914377093,S3-998742129,S3-562783379,S3-337439823,S3-252625293,S3-471731074,S2-453194027,S2-630020405,S3-807871983,S3-644979463,S2-935786766,S2-802837546,S2-883693217,S2-988553608,S2-188447789,S3-798483481,S2-731738095,S2-870107592,S2-178094068,S3-354070845,S2-50513846,S2-824964502,S2-995167217,S3-281846304,S3-39495605,S3-103572818,S2-305508408,S2-727122806,S2-538995860
S1-104955523	S2-426144370,S2-253479679,S2-266558382,S2-264144866,S2-843503740,S3-853711369,S2-856404937,S3-733627150,S2-313104341,S2-524442597,S2-940482720,S3-147161435,S3-169632360,S3-404309691,S3-465519276,S2-804860148,S3-579386034,S3-947625512,S2-948130185,S2-47418170,S2-231615004,S3-14606864,S3-621251464,S2-213550532,S3-140010063,S2-605538607,S2-445158190,S3-245538102,S2-149370940,S2-523744904,S2-790425886,S2-699778678,S2-448720779,S2-305986543,S2-835219973,S2-966560033,S2-4840401,S2-403433940,S2-23179608,S2-711030511,S2-609057798,S3-83503168,S3-152331779,S2-76019573,S2-16437849,S3-816955909,S2-206499767,S2-526958838,S2-914705020,S3-10435719,S2-855831597,S3-218300354,S3-165779086,S2-906506977,S3-82938515,S3-550185556,S2-469710327,S2-715905554,S3-240640288,S2-963907446,S3-846570043,S3-788662951,S3-472456960,S3-102274711,S2-335529804,S2-455209026,S2-724042225,S3-515584295,S3-770560806
S1-291991311	S3-497472606,S2-925511054,S2-724036192,S3-674526695,S2-537634897,S2-453140787,S3-229970219,S2-823255552,S2-865308471,S2-716235978,S3-531382324,S2-562967662,S2-744063676,S3-738399635,S3-806582215,S3-673525475,S3-223601181,S2-647511333,S3-728184371,S2-505317886,S2-895820835,S3-356135865,S2-418380949,S2-282961773,S3-640730215,S2-339496387,S2-263273654,S3-837585996,S2-723832431,S2-508602353,S2-368417899,S3-124272866,S3-68635253,S2-423131785,S2-527695405,S2-838831361,S3-906042339,S2-603635417,S2-461563520,S3-344959823,S2-764713035,S3-83828606,S2-121251263,S3-411899826,S2-178828788,S2-659345862,S3-365392815,S2-130130016,S2-616482192,S2-113636802,S2-228779604,S3-496506683,S3-243696767,S3-440995686,S3-727403389,S2-381835687,S3-418484560,S2-429938153,S2-753444740,S3-330807069,S3-50641443
S1-364278564	S3-247626331,S2-980137130,S2-300003463,S3-356996942,S2-336619418,S2-114070036,S2-777835859,S3-661717469,S2-527468510,S2-787073146,S2-849272718,S3-613591378,S3-542828670,S2-119710758,S2-540191434,S2-181443388,S2-800464717,S2-977599464,S3-13572459,S2-958600315,S2-317752684,S3-329776460,S2-935901900,S2-818755974,S3-55684692,S3-355402659,S2-274165472,S3-410550015,S3-973084915,S2-814461239,S2-200020258,S2-73125044,S2-662128178,S2-116108106,S2-122789591,S3-250119433,S2-125314910,S2-262069900,S2-822346901,S2-707147172,S2-913987669,S3-397561100,S3-820819901,S2-249920346,S2-540419277,S3-52803292,S2-890436299,S2-159959297,S3-580716022,S3-492931656,S3-459513073,S2-443056054,S2-405377198,S3-503139500,S3-971577180,S2-569386615,S2-132972172,S2-867607931,S3-231617718,S3-847862912,S3-761909140,S2-461221346,S2-627767857,S3-243888478
S1-965040695	S2-913050438,S3-351228405,S3-955639940,S2-306369401,S2-949636022,S2-851203163,S3-394359340,S3-727146667,S2-540840763,S3-249877508,S2-202145719,S3-278281476,S2-964619141,S2-436120738,S3-369475701,S2-643584373,S2-361731375,S3-561510857,S3-499498223,S2-517273370,S2-167534071,S2-416296389,S2-55421595,S2-792528014,S2-197369000,S3-737244159,S2-56631800,S2-139638068,S2-487250188,S2-656030405,S2-898306750,S2-94652598,S2-470363816,S2-247560956,S2-864600696,S3-629839168,S2-253076862,S2-912507216,S2-678096268,S3-160483164,S2-37996167,S2-702144957,S3-362352614,S2-63189732,S3-929963564,S3-96599439,S2-460534164,S3-466337670,S3-72892590,S2-54508850,S3-560821190,S3-630105985,S2-17518111,S3-211729388,S3-377304246,S3-79743525,S2-944376821,S2-393437452,S2-667948674,S2-13754506,S3-36819895,S2-362864509,S3-230470870,S2-699970234,S2-733754208,S2-761932607,S3-988343928,S3-369608800,S3-278620035,S2-665144936,S2-233564080,S2-674431859,S3-416098552,S2-565021327,S3-574006394,S2-490814405,S2-29238569,S2-475316896,S3-20805275,S2-443989369
S1-509571057	S2-48566550,S2-395006673,S2-530449751,S3-473223915,S2-590386743,S2-667274253,S2-124920218,S2-700548090,S2-493330415,S2-907621324,S3-157297733,S3-972440505,S3-991220504,S3-442218270,S2-465837411,S3-337836605,S3-755136074,S2-809287562,S2-871268869,S2-50787077,S3-103776245,S2-821989218,S3-209194168,S3-241220146,S3-432315802,S2-862679141,S3-135070502,S3-809536951,S3-133356181,S3-769044032,S2-302963489,S2-947001175,S2-202977533,S3-350076863,S3-484235678,S2-688649032,S2-867170522,S2-787441240,S2-963341915,S3-512394838,S2-900398799,S2-4983582,S3-910070615,S2-74840053,S2-180709179,S2-683854022,S3-4626783,S3-958975190,S2-65468025,S2-940387440,S2-995131828,S2-85926088,S2-683817893,S2-702566686,S2-872312323,S3-643980687,S3-388933339,S2-498712399,S2-73156996,S3-928869918,S2-37260641,S3-152722700,S3-193018281,S3-183193630,S2-660919851,S2-215449711,S2-920148988,S2-898607580,S2-769514492,S2-403315998,S2-920368528
S1-150821320	S3-131874740,S2-677076393,S2-365167281,S3-242051209,S2-710629140,S2-785171733,S3-138876124,S3-364992398,S2-816205839,S2-891142270,S2-896102199,S3-640691930,S2-6989163,S3-745008740,S2-797406459,S2-565073472,S2-821893822,S2-186703584,S2-144152685,S2-296933351,S3-167658441,S2-774576625,S2-33172182,S3-367015772,S3-19785045,S2-367663348,S2-558664572,S2-38502035,S2-923006134,S2-988215924,S3-440468063,S2-50024028,S2-85324764,S2-831913614,S3-127344332,S3-778975212,S2-31044701,S3-297852533,S2-600145887,S3-377912860,S3-273644591,S3-896259179,S2-154334183,S2-663906477,S2-872213594,S3-603410948,S2-661275636,S2-91908767,S3-104336699,S3-217085103,S3-998594797,S2-534320225,S2-713926622,S2-622624356,S3-943830287,S3-698592979,S2-467281480,S2-475978312,S2-10879301,S3-725047889,S3-17161672,S2-354995381,S2-951139927,S3-298744432,S3-883806983,S2-874785034,S3-977086194,S3-870213820,S3-928705511,S2-835545424,S3-246971548,S2-225828741,S2-942267364,S2-156140023,S3-860130586
S1-78166516	S2-704800590,S2-845794119,S3-354221616,S2-871519058,S2-969280177,S3-234043023,S2-822199651,S3-54059681,S3-556785725,S2-904158203,S3-845849635,S2-890088008,S2-832217974,S2-641055504,S2-138582709,S2-406417949,S3-636968217,S3-249259287,S3-30616921,S3-689653521,S2-153330537,S2-384198832,S2-370635933,S2-145582255,S2-616283783,S2-818895786,S3-804161565,S2-755318198,S2-638154109,S2-769662903,S2-816354495,S2-649886774,S2-90887503,S2-453777002,S2-937543996,S3-292722576,S2-383687370,S3-524240423,S2-487725966,S3-714580977,S2-119606026,S2-28336772,S3-254115737,S2-390936939,S2-877834399,S2-49874188,S2-359556281,S3-455913804,S3-268330024,S2-806394156,S2-308837383,S3-924734977,S2-813475758,S2-869229747,S2-119098033,S2-503185591,S2-771627614,S3-183377688,S2-640700399,S2-459946441,S3-830720584,S2-639823389,S2-711639132,S2-120771780,S3-352478597,S2-427111019,S3-82870711,S2-15957652,S2-356532156,S2-217548100,S3-631579131
S1-112860356	S3-689791173,S2-313347723,S3-535322018,S3-137488563,S3-576155529,S3-454470247,S3-949231398,S2-123009275,S3-781733238,S2-842896033,S3-332441961,S2-59402799,S3-468984095,S2-772679465,S2-583375171,S3-539654779,S2-316141362,S3-637842242,S2-699860008,S3-732351946,S2-294753168,S3-368052167,S3-476950606,S2-468050781,S3-942274291,S2-527521763,S3-126940365,S3-292118189,S3-140631579,S2-332376933,S2-465492790,S2-376218080,S3-811454920,S2-387058606,S3-900788012,S2-756362005,S3-857700523,S3-419645866,S3-522831337,S2-289668450,S3-726575561,S2-772042361,S2-380352566,S3-135372133,S3-308682689,S3-119777987,S3-767709235,S3-548768008,S2-447974723,S3-69550546,S3-466737604,S2-141688901,S3-695060764,S2-275311240,S3-416477058,S2-537019930,S3-869020157,S3-377299769,S3-415369754,S2-856318585,S2-845118765,S3-689746930,S2-20670354,S3-725287019,S2-783177165,S3-468820475,S3-308615991,S2-664863402,S2-437343207,S2-584527446,S3-908585545,S3-782666865,S3-124238994,S3-561402150
S1-419129929	S3-717640722,S2-369203988,S3-259638550,S2-865197822,S2-442727608,S2-720791014,S2-663159019,S2-372085876,S3-223609546,S2-98696656,S3-647736777,S3-88170833,S2-173770904,S3-528737171,S3-781390684,S3-397054219,S2-66510388,S2-153191170,S2-812329447,S2-683480871,S3-708750674,S3-272021985,S3-126096567,S2-419907519,S2-219998868,S2-522847391,S2-949665666,S2-728566332,S2-342761527,S2-793187205,S3-865316581,S3-539487219,S3-876452803,S2-35561146,S2-46599339,S2-882204473,S2-89438896,S2-356642288,S3-758761396,S3-97940164,S3-672957728,S2-471215013,S2-994365745,S2-604072626,S3-990690389,S3-865736546,S2-671885302,S3-355011517,S3-872319546,S2-92147276,S3-881042675,S3-308734864,S2-908562469,S2-245874246,S3-789929510,S3-218335406,S2-661269276,S2-154192027,S3-86683083,S2-154682950,S2-847853762,S3-806984784,S3-912059056,S3-367968267,S3-500083318,S2-482733663,S2-951007298,S2-990316841,S3-297723945,S2-851344341,S2-931648865,S2-382573687,S2-472180567,S3-2879824
S1-40045119	S3-230175633,S2-205621531,S2-303148353,S3-32231515,S2-172088369,S2-827767693,S3-268529768,S2-239123785,S2-878552177,S2-718775157,S2-325506489,S2-459620881,S3-860291216,S3-4359206,S2-13489808,S2-719112862,S2-292592054,S2-808766077,S2-906112588,S2-732788301,S2-533109237,S2-48155086,S3-225585774,S2-76133101,S2-742149781,S3-70292951,S3-503164052,S3-326664259,S2-320087729,S2-728793347,S2-609873145,S2-359436949,S3-870484133,S3-944944460,S2-275857224,S2-937734462,S2-351787943,S2-574357374,S3-954953041,S2-859321217,S3-811608739,S2-528304817,S3-138389166,S2-861273511,S2-210289203,S3-595483258,S2-768709186,S3-854419539,S2-135495875,S2-834908113,S2-43723004,S3-208645402,S3-882677984,S3-569104991,S2-984522490,S3-243873033,S3-155626714,S3-805414874,S3-567179171,S3-294737865,S3-668808075,S2-594542011,S2-76500698,S3-396047656,S3-546112105,S3-37621255,S3-361549993,S3-697137587,S3-490119139,S3-798345008,S3-701837077,S2-576920398,S2-792809838
S1-837908386	S2-719914304,S2-321635609,S2-649705703,S2-226306885,S2-680697913,S2-359383340,S2-395617292,S2-690363589,S2-637734439,S3-180549561,S2-88896002,S2-36718509,S2-376179740,S2-135023737,S2-805792520,S2-884573970,S2-328398392,S2-773980260,S3-885126371,S3-215796625,S2-249583354,S2-605004128,S2-970832912,S3-180748344,S2-779983712,S3-775800683,S2-574979853,S2-882851903,S3-440168071,S2-833881184,S3-110965025,S3-354989534,S2-268006714,S2-381212418,S3-775872737,S3-386214891,S2-704249865,S2-172237852,S2-104634405,S3-194513691,S3-998609235,S3-593794218,S2-593694466,S2-571045564,S3-984341878,S2-415001464,S3-763696279,S3-255484613,S3-220875326,S2-138434120,S3-394527377,S2-217328793,S2-647418204,S3-452675423,S3-876420945,S3-242107793,S3-288994679,S2-424625771,S3-550101524,S2-484332627,S3-619776102,S2-794515723,S3-196035862,S3-942745770,S3-647259013,S3-487390359,S2-983318792,S3-376769524,S2-913241591,S3-107275688,S3-714396339,S2-493002832,S3-35914833,S3-507614639
S1-967500830	S3-875497953,S3-524402701,S3-224895103,S3-554887873,S3-701192021,S2-583884361,S3-804984970,S3-590265738,S2-738536601,S2-360513671,S2-682420061,S2-852544040,S3-119119131,S2-295121153,S3-442298184,S2-543977399,S3-886031599,S3-743584741,S2-650477073,S3-854115660,S3-840860078,S3-798141686,S3-341396087,S2-804872908,S2-50403409,S3-291725549,S2-758947477,S2-303388367,S3-473593040,S3-357215117,S2-87683229,S2-178697532,S3-863864793,S2-308575945,S2-36991383,S2-187220411,S3-646431868,S3-91507455,S2-706615728,S2-702036151,S2-83604237,S3-407363614,S2-958536647,S3-12180492,S2-268447092,S2-829980962,S2-464470231,S2-202780635,S2-242055718,S3-899248239,S3-452374776,S2-150658588,S2-508374208,S2-921383329,S3-84389449,S3-194493515,S3-57328121,S2-814193727,S2-65378876,S3-969181489,S2-226022499
S1-718976444	S2-439786382,S2-386302724,S2-505444676,S2-857755271,S2-133270735,S2-859754079,S3-851505638,S3-997274101,S2-403600839,S2-454847618,S3-242024452,S3-759698492,S3-589614096,S2-868242102,S2-152180456,S2-49975588,S3-389563784,S2-897714693,S3-818011726,S3-30371165,S3-715438783,S2-455425923,S2-937890212,S2-816508836,S2-638684729,S2-433699752,S2-616111338,S3-160441920,S2-629189951,S3-997609453,S2-523476248,S3-640691361,S2-810481979,S2-43051021,S2-399052000,S2-854494591,S2-48510676,S3-331068268,S3-546965890,S2-494102478,S3-236213858,S3-87950093,S3-271149484,S3-420239281,S2-275795730,S2-790575557,S2-454388173,S3-954902758,S3-753945895,S3-343346488,S3-594356120,S2-310833413,S3-582971513,S2-234588436,S2-584153477,S3-590045230,S3-119688620,S3-719452923,S2-22700931,S2-436282991,S2-383149596,S2-111528223,S3-721112821,S2-521840497,S2-9723901,S2-594118702,S2-69730118,S3-850241907,S2-670644834,S2-859393404,S3-870774686,S3-735453176,S2-859313583,S2-765997244,S3-58973096
S1-304297041	S3-11522767,S2-67505679,S3-887580850,S3-395969059,S3-589089722,S2-209200464,S2-202693598,S2-944030245,S3-142105456,S3-831988468,S3-748768797,S3-949828523,S2-400714565,S3-147564135,S2-495793419,S2-732732333,S2-201089624,S3-412943039,S2-919148994,S2-252989755,S3-310695150,S3-199017966,S3-332361882,S3-965519036,S2-892880098,S2-494755364,S3-71503410,S2-689744594,S2-375099277,S2-877598413,S3-389879517,S2-308520060,S3-750879732,S3-34252124,S2-279795129,S2-549609253,S3-222310642,S2-19393564,S3-943032673,S3-412760988,S2-458448751,S2-3751299,S2-796855466,S2-272524011,S3-269509733,S2-362329289,S3-782236821,S3-620025574,S3-331260389,S2-505041950,S2-57473027,S3-804403816,S3-135425819,S3-719452923,S2-560449715,S2-594722602,S2-18975235,S3-1830091,S3-807339727,S2-725621051,S3-839038111,S3-881709799,S2-772353019,S3-150202850,S3-936452712,S2-241155608,S2-834939286,S3-691565353,S3-193325735,S3-430273360,S3-631878332
S1-177943533	S3-440623545,S2-612192848,S2-350064794,S2-902823911,S2-865273323,S2-287275758,S3-220072396,S3-758582078,S3-155272572,S3-615421283,S3-22230742,S3-924976959,S2-738914268,S2-866686286,S2-789889917,S3-2366079,S3-454183630,S2-729756102,S2-438191278,S2-115821419,S2-464110639,S2-477753606,S2-545078974,S2-821645734,S2-174945833,S2-676688387,S3-989976878,S3-634115059,S3-336175658,S3-258773239,S3-356692827,S2-953568974,S3-44210422,S2-311600616,S3-33251794,S3-326742973,S3-247740920,S3-390390305,S2-578551054,S2-176365507,S3-267202468,S3-209328191,S2-193220036,S2-517140140,S2-888156037,S2-778402289,S2-757506484,S2-249900895,S2-17851415,S3-275126465,S3-724591874,S3-508474156,S3-469163928,S3-916929937,S3-703367647,S2-788157269,S2-208051546,S3-123965425,S3-613252458,S3-199530407,S2-924883337,S3-243574260,S2-654622206,S2-44935718,S2-395966662,S2-697824153,S3-179530080,S2-328679242,S3-854560332,S3-776784306,S3-890950678,S2-221930647
S1-868064087	S3-422352047,S2-888235254,S2-436225620,S3-53786358,S2-346922998,S3-867940745,S2-93135134,S2-14478748,S2-160530551,S3-709470866,S2-537095996,S2-684260787,S2-801016155,S2-61625623,S2-741891695,S2-892507005,S2-935426120,S2-147361137,S2-997050752,S2-782226973,S2-211478570,S2-533076862,S2-729756102,S2-656668371,S2-940626341,S2-345943087,S2-842179113,S2-586167393,S2-811215096,S2-142086641,S2-785127369,S2-120480337,S3-797995460,S2-227165445,S2-97790811,S2-768125352,S2-272756604,S3-908922859,S2-493703998,S3-365792125,S2-482704319,S2-605437177,S2-169181644,S2-828666988,S3-140010063,S2-312844090,S2-973391175,S2-547175702,S3-876091142,S2-10146154,S2-552349499,S2-335066405,S2-824295525,S3-105795921,S2-715626333,S2-319488783,S3-565327624,S2-210543669,S2-753655198,S2-435356545,S3-820870229,S3-632494964,S2-102309877,S2-335195201,S2-611779158,S3-706008043,S3-259867673,S3-333723588,S2-395514989,S2-153091960,S2-415051752,S2-991322376,S2-723525921,S2-738604431,S3-461769740,S2-369752988
S1-409256428	S3-640259029,S3-929258201,S2-978026272,S2-887966810,S3-301719470,S3-497680974,S2-322918774,S3-698728561,S2-170368359,S3-242542860,S3-808424002,S3-444943129,S3-341320543,S3-927442050,S2-125509857,S3-571738941,S3-762878761,S3-137157083,S2-840637471,S2-876762695,S2-892507005,S2-888235254,S2-152391468,S2-419146094,S2-598848761,S2-992781645,S2-146147122,S3-962816371,S3-856326465,S2-166629328,S2-754236886,S2-801364284,S2-453661872,S2-370549501,S2-725938195,S2-812620582,S2-772527930,S2-846158069,S2-303550410,S3-814010301,S2-544317455,S3-311570240,S2-335212938,S3-433729747,S2-638017400,S2-500544510,S3-197382341,S2-989003508,S3-773959162,S2-671959440,S3-124238386,S2-151242144,S2-835992473,S3-822407463,S2-469592381,S3-126982322,S2-938187956,S2-505041950,S3-962916286,S2-338696264,S2-244608761,S2-730629241,S3-949396478,S2-184084108,S3-329969085,S2-746321355,S3-113861273,S3-676725143,S3-513278545
S1-631031485	S3-44210422,S2-902823911,S2-340375254,S3-155272572,S3-615421283,S3-22230742,S2-865273323,S2-866686286,S3-2366079,S3-454183630,S2-729756102,S2-438191278,S2-115821419,S2-464110639,S3-634115059,S2-531676592,S2-932576688,S2-821645734,S2-219984939,S2-174945833,S2-93064308,S2-545078974,S3-989976878,S2-676688387,S2-902751788,S2-953568974,S3-108304367,S3-258773239,S2-865816987,S3-141698771,S3-842509980,S3-704056326,S3-33251794,S3-239598352,S2-524004407,S3-465910561,S2-742194956,S2-242719019,S2-247031441,S3-776332294,S2-83335732,S2-819129088,S3-450191381,S3-200651519,S3-239842232,S3-904503761,S3-714328384,S3-629247863,S3-255830213,S3-336078075,S2-267923693,S3-129918333,S3-596002175,S3-618844063,S3-368839587,S2-442618540,S2-928217273,S3-389881115,S3-834430506,S2-889717612,S2-660919851,S2-525900411,S3-873223417,S3-930202812,S2-843418679,S3-830205451,S3-674241842,S3-70639871,S2-33248675,S2-216474824,S3-364765041,S2-198170100,S2-276312987,S2-228185841
S1-16807998	S2-684725723,S2-43306331,S2-542432894,S2-145212314,S3-78868869,S3-120369991,S2-12402186,S2-960532786,S2-999217767,S3-418373158,S3-439775969,S2-778212075,S3-476257627,S2-175456325,S3-931203120,S2-91197868,S3-421438703,S3-457998430,S3-429937583,S2-961102638,S2-510481286,S2-259786094,S2-958525332,S3-377769210,S3-160748086,S3-107322408,S3-209661616,S3-43668076,S2-918431235,S3-142999559,S3-86828362,S3-370396454,S3-109296516,S3-397121145,S3-209426948,S2-466301075,S2-655597187,S2-664658178,S2-82053752,S2-645453006,S3-804219424,S3-688594410,S2-947763870,S2-927903815,S3-194853744,S2-720231428,S3-440640540,S2-689810952,S2-938612654,S3-679901641,S3-116324645,S2-677969907,S2-180292031,S3-455404345,S2-713999509,S3-69837746,S3-131740186,S2-646314551,S3-309249452,S3-40953461,S2-296670248,S2-634866377,S2-915796689,S3-448917402,S3-149950966,S3-178999487,S3-419246010
S1-600462984	S3-938070819,S2-558752020,S2-692254603,S3-838264021,S2-731089793,S2-923754546,S3-262856919,S2-551353044,S2-981505082,S2-313255580,S3-924029820,S2-879468482,S3-40564334,S2-124263291,S2-452638210,S2-651209953,S3-17187513,S3-922145641,S2-580526090,S2-463914306,S2-921586557,S2-756238166,S3-131796887,S3-560617490,S2-677757521,S2-456785548,S2-571027021,S2-192786232,S2-445999349,S3-534760299,S2-454547723,S3-350262520,S3-23803375,S2-485121887,S3-900174292,S2-807288684,S3-213941631,S2-633230289,S3-962811929,S2-26276423,S2-248567689,S2-375921441,S3-598295361,S3-116039841,S3-170705612,S3-650265909,S2-355535282,S3-958570128,S3-260527341,S2-57145194,S2-807057343,S3-971375253,S3-72479000,S3-881408476,S2-528308438,S2-312781751,S2-783258233,S2-628163203,S2-869749926,S3-534003602,S3-799143275,S3-490848075,S3-859654247,S2-74771847,S3-835285444,S2-603492038,S3-223387615,S3-587308591,S2-181133326,S2-931263231,S3-447092340,S2-415831304,S2-239600027
S1-240050566	S2-395921475,S3-30795245,S2-99491200,S2-943935880,S2-548849068,S2-871260688,S2-844252373,S2-666179774,S3-107959633,S3-896408933,S2-634171752,S2-579680,S2-168190632,S2-511284644,S2-511417083,S3-500472644,S3-470757981,S2-57595720,S2-427346802,S2-333834345,S2-57103345,S2-517314935,S3-880062112,S2-964319654,S2-724053955,S2-180638206,S3-309291503,S3-741683325,S2-695141155,S3-323127877,S2-571340986,S3-561107,S2-275491165,S2-332778892,S3-439873515,S2-511863033,S2-655236365,S3-900856048,S2-955718772,S2-435618430,S3-834812305,S3-594039593,S3-616396503,S2-13395723,S2-506407741,S2-371168439,S3-1988068,S2-184257308,S2-581166996,S3-987592769,S3-423819990,S3-415824691,S2-457901082,S3-423800625,S3-664577720,S2-109955360,S2-854701431,S2-879392749,S3-531590789,S2-793665137,S3-985896402,S3-417613432,S2-138434987,S3-978760060,S2-725206393,S3-315902386,S2-534352483,S3-448721337,S3-403330265,S3-542417024,S2-658981135,S2-152524263,S3-968793850
S1-840622396	S2-302350716,S3-434555272,S2-952137125,S2-750359354,S2-112241,S2-155767481,S3-394698400,S2-642944324,S2-911327701,S2-804116852,S2-401496009,S2-859302303,S2-166387501,S2-274282186,S3-965692471,S2-593841399,S3-569210854,S3-186634856,S2-830864321,S2-85405825,S2-688377820,S3-219528552,S2-682523557,S3-266521106,S3-206645778,S2-864222307,S2-98126301,S3-824105170,S3-868676275,S2-547622993,S2-931310328,S2-146507707,S2-863089527,S3-811232452,S3-663803538,S3-222506223,S3-467237369,S3-123617246,S3-955235953,S3-970035903,S3-346506599,S3-79663086,S3-244399555,S3-261343151,S2-780872035,S2-156405291,S3-191942779,S2-903401147,S3-972999360,S2-820126526,S3-100770554,S2-965807506,S2-757049113,S3-974032150,S3-913532332,S3-491089048,S3-50158599,S3-304119910,S3-513983365,S2-258383556,S3-233024144,S2-867730028,S2-842136573,S2-728351000,S3-549997407,S2-399538136,S3-991744452,S2-376533825,S2-255403020,S3-666564088,S3-944253180,S3-223378799,S2-301306063,S2-56864149,S3-658390935,S3-945712246,S2-243821617,S3-644940510,S2-70117543,S3-620949659
S1-130034572	S3-990372771,S3-100967114,S2-964819918,S2-495431990,S2-165142876,S2-297215873,S2-477873982,S3-368171587,S2-781127469,S3-446325893,S2-963857673,S2-79390585,S3-935573385,S2-897680704,S3-425925630,S2-765627283,S2-312379347,S2-681354659,S3-859951130,S3-395753334,S2-665668157,S2-985113991,S2-989337101,S3-927660716,S3-965119673,S2-792199015,S2-998889775,S2-580566062,S2-639413273,S3-380826131,S2-438972703,S3-303878846,S3-337137453,S3-320661584,S3-96491764,S2-366734174,S3-274001469,S3-176009966,S2-272847385,S2-431628800,S2-361933562,S3-830996955,S2-519986526,S2-957373951,S3-521117429,S2-72013138,S3-150556967,S3-94462536,S3-867263630,S3-475237437,S2-305883751,S2-965535868,S2-464887178,S3-151348822,S2-783841787,S3-828183665,S3-881453127,S2-319012131,S3-709077086,S3-842807032,S3-881337217,S2-371025855,S3-753383705,S2-895548567,S3-112027003,S2-82808602,S3-531752316,S3-450733648,S3-142211101
S1-164072881	S3-306794492,S3-628686335,S2-282894751,S3-450496899,S3-280842895,S3-151071541,S2-680762771,S3-295888006,S2-526392957,S3-228559790,S2-406200887,S2-166028065,S2-877598413,S2-904682727,S2-68258386,S3-322800140,S2-341089895,S2-41857374,S3-119879276,S2-440701572,S2-966992154,S3-583243513,S2-172597897,S3-379314879,S2-645394998,S3-985441731,S2-389911332,S2-506284366,S3-255190556,S3-83727805,S3-91364038,S2-184582259,S2-894297387,S3-805167640,S2-618798011,S3-569169594,S2-806763914,S3-447264028,S3-652966804,S3-713345476,S2-9370449,S3-255276766,S3-208298411,S3-502309792,S3-908568085,S3-413506078,S3-591315411,S3-511693494,S3-91818940,S3-31959493,S3-142463520,S3-782188571,S3-684391083,S3-52423163,S2-725343258,S3-940228072,S3-616005138,S3-419718219,S3-126017959,S3-898654377,S3-18343436,S2-834979860,S3-410167807,S3-843391155,S3-538461805,S2-91468451,S3-594838266,S2-285683438,S3-978473827,S3-825202786,S3-973043366,S2-800818383
S1-587645790	S3-376682880,S3-48423580,S3-128013423,S3-608688932,S2-773912802,S3-564128985,S3-382202154,S3-61620689,S3-202211860,S2-970020152,S2-775484419,S2-958146159,S3-81242239,S3-440376313,S2-541122802,S2-719209830,S2-265007829,S3-624002797,S2-968269476,S3-991999884,S2-427018,S2-980024410,S2-525859393,S3-844333056,S2-630133867,S2-76098565,S3-221540281,S3-575608795,S3-331028773,S3-145792482,S2-831466682,S3-3775956,S3-801274255,S2-263311520,S3-735253792,S3-533518001,S2-352120096,S3-604678922,S2-921202375,S2-101490015,S2-335195201,S3-867623495,S2-293601707,S3-179512259,S3-994571945,S2-880909908,S3-365522,S3-931409164,S3-647855432,S2-424333804,S2-606756929,S2-942123749,S2-612964245,S2-841227826,S3-871104672,S2-808715434,S2-723525921,S3-55636765,S3-210387241,S2-737645923,S2-336423036,S3-240562544,S3-632983688,S3-520009652,S2-102309877,S3-452834909,S3-443999243,S2-942809953,S2-881799150,S2-656030405,S3-592220594,S3-796355619,S2-222333762,S3-984832111,S2-781559793,S2-749976610,S3-311070982,S2-656668877,S2-668379337,S3-65020659
S1-577250550	S3-363611553,S3-239883798,S2-111430831,S3-632991341,S3-424430360,S3-76558542,S2-391881196,S3-639472713,S2-45071914,S2-374868939,S3-12345934,S2-323521721,S2-127778636,S3-962039728,S3-392033622,S3-750093551,S3-437053870,S3-911257472,S3-39059548,S3-155572388,S3-606599796,S2-985866585,S3-943165953,S3-567233367,S2-219201040,S3-805347792,S3-341471578,S2-176453879,S3-725249510,S2-135428477,S3-93146105,S2-188113763,S2-465642879,S3-906727619,S3-125185512,S2-582904108,S3-36758574,S2-136334363,S2-841316739,S2-411108314,S3-486510192,S2-416426452,S2-534350999,S2-705380566,S2-742941063,S2-882591764,S2-462607831,S2-165048146,S3-439030268,S2-835691336,S3-762222610,S3-755505402,S2-616720617,S2-457914574,S3-579084575,S3-206371434,S3-142299980,S2-597724494,S2-375409657,S3-654412874,S3-462093754,S3-413671146,S3-324639997,S2-703024469,S3-911565824,S2-529268118,S2-316935854,S2-595932825
S1-487652257	S3-946296772,S2-944424303,S2-315193036,S3-488984319,S3-26451889,S3-799776884,S2-583123120,S3-410282181,S3-126207823,S2-497801198,S3-706462836,S3-835381611,S3-419101018,S2-647772078,S3-140477614,S3-281780904,S2-949254052,S3-445355176,S2-417355175,S2-189649714,S3-667840431,S3-925684712,S2-665661740,S3-209635779,S3-132729708,S3-758960513,S2-869427180,S2-601539307,S3-164699,S3-643890573,S3-899498474,S2-726378212,S3-858369219,S2-153849752,S3-180076882,S3-609500573,S2-780420857,S2-269752016,S3-202783120,S3-579085134,S3-21680574,S3-5257305,S2-360192926,S2-892253983,S2-412839789,S2-941056545,S2-838012558,S2-849890737,S3-504969174,S3-320187983,S2-215150546,S2-442484301,S2-962882456,S3-836141676,S3-133824400,S2-515342067,S2-592551313,S2-420152152,S2-41714063,S3-622244683,S2-969946568,S3-928512686,S2-156600819,S2-92413310,S3-140443434,S2-413608186,S2-592480021,S2-485481771,S2-326572636,S2-65778837,S3-610385177,S2-394324148,S2-758341862,S2-293776580
S1-281725882	S3-422117758,S2-208614397,S2-967970221,S2-330186762,S2-981517288,S3-293632747,S2-155487435,S3-4943112,S3-709470866,S2-14478748,S2-811215096,S2-345943087,S2-211478570,S2-160530551,S2-748875161,S2-689727667,S2-842179113,S2-598610883,S2-962108340,S2-493841382,S2-685415682,S2-656668371,S3-635335185,S2-147361137,S3-366203679,S2-493703998,S3-268251733,S2-76520392,S2-802084293,S2-638291053,S2-502732830,S2-332937136,S2-334526165,S2-1987676,S2-768125352,S2-856751406,S2-99318091,S3-773266618,S3-646337742,S2-915769300,S3-126982322,S3-995888555,S2-853019796,S2-727779415,S2-702964297,S3-816031273,S3-674486272,S3-844435023,S2-274905162,S3-962916286,S2-149638284,S3-359952868,S3-405201429,S2-531158017,S3-796324060,S3-144093512,S2-658886109,S3-303066305,S3-619780262,S2-405196382,S2-602534523,S3-444830180,S2-319702142,S2-906225104,S3-535769539,S3-592161791,S2-232213091,S2-480803535,S2-455709266,S3-142314771,S3-238740585,S3-693804489,S2-41623697,S2-758857022,S3-576340043,S2-39203161
S1-562163221	S2-274343817,S2-383237290,S2-457914574,S3-34240321,S2-302302639,S2-963401463,S3-729568466,S2-314146870,S2-382085440,S3-31437369,S2-733340057,S2-60818919,S3-209901203,S2-513666002,S2-723445212,S3-325154278,S2-770247756,S3-773079459,S3-463346436,S3-442303560,S2-611334434,S3-106242811,S2-801714051,S3-627658448,S2-572416309,S3-839940533,S2-246382074,S3-110630740,S2-374566713,S3-875734297,S2-165863386,S2-73609633,S3-763940657,S2-554985407,S2-540841303,S3-478832844,S3-40963885,S2-408594604,S2-263244436,S3-692038601,S3-612463547,S2-939010245,S3-127904788,S2-322753932,S3-637707053,S3-857238865,S3-784120060,S3-596029979,S3-304501038,S3-324607124,S3-862063751,S2-814704822,S3-499706924,S3-629451326,S2-366393391,S3-543348168,S3-740232623,S3-345758296,S2-459556452,S2-445965866,S2-353688026,S3-848194042,S3-572842436
S1-92502000	S2-255963063,S2-857755271,S2-270113589,S2-859754079,S3-215374214,S2-586329791,S2-439786382,S2-398674109,S3-594795887,S2-813525901,S2-133270735,S3-389898806,S2-243626415,S2-473914708,S3-702487376,S2-433699752,S2-648680782,S2-596900380,S2-393808325,S2-523476248,S3-589614096,S2-126113089,S3-764149863,S2-815466396,S2-833254021,S2-637304807,S2-607220894,S2-680717672,S2-998440718,S3-330126956,S3-602054393,S3-364725157,S2-119514793,S2-12516105,S2-697360631,S3-544047761,S2-630020405,S3-963206987,S2-868242102,S2-708630767,S2-563908022,S3-695659041,S2-151043534,S2-119898959,S3-835032737,S3-969249992,S2-2785320,S3-134195078,S2-633972263,S2-577085849,S2-945585995,S2-838889526,S3-268967456,S2-145015769,S2-875780066,S2-997942681,S2-292345315,S2-445965866,S3-609341693,S2-256518183,S3-406174233,S3-161781223,S3-320718948,S2-593890604,S2-286526748,S2-282074875,S3-403060212,S2-70202699,S2-938323682,S2-766952900,S3-421420616,S2-731738095,S3-82938515,S2-274542049,S3-303140866,S3-417298549,S3-421362912,S2-291868119,S2-22273375,S2-800546354
S1-268149339	S3-164179904,S2-217433559,S3-255190556,S2-902889878,S3-453084769,S2-174204077,S2-300884659,S2-656467468,S3-17487911,S2-988297985,S3-711585426,S3-798355353,S2-116800222,S2-448720779,S3-840764233,S3-826923897,S3-812530968,S2-349911018,S2-846527335,S3-104206268,S3-616728251,S2-14791106,S2-472234384,S2-123724293,S3-638023183,S2-981099698,S2-403433940,S2-633219059,S2-185170546,S2-778201424,S2-532301142,S2-158902765,S2-955302411,S2-774524855,S2-23752133,S2-683098771,S2-262333345,S2-283112567,S2-104884245,S2-49616813,S2-162069686,S2-385569092,S2-242741002,S2-671503159,S2-737645923,S2-912507216,S2-226654105,S2-943955488,S3-45196282,S2-537916231,S2-13684854,S2-734607199,S2-37996167,S2-703246591,S2-501562255,S2-839180643,S2-984467556,S2-76454474,S3-521289927,S3-794096679,S2-954763838,S2-857024315,S2-539444098,S3-439617812,S3-795874436,S2-630667250,S3-557859802,S3-797103112,S3-553058480,S2-190553331,S2-777730349,S2-251752267,S2-228099921,S2-10773881
S1-667406578	S2-779837321,S3-758098189,S3-884163623,S2-775576496,S3-79722066,S3-330416335,S2-499558461,S3-792454545,S3-818406908,S3-495647011,S2-876983585,S3-657397703,S2-759684407,S2-292607827,S2-20791846,S3-868639760,S2-855836919,S2-948356022,S3-227258304,S2-705138037,S2-637040711,S2-913765549,S3-152769682,S2-344588938,S3-707386186,S2-841418687,S2-693459767,S3-369788705,S3-364385389,S3-514298412,S2-192541449,S3-731914513,S3-433011862,S2-191834369,S2-536038693,S2-129380491,S2-865843623,S2-420503426,S2-569186494,S2-374928835,S3-147939677,S2-321451411,S3-208163915,S2-276266669,S2-314102245,S2-619500039,S2-487220590,S3-422176324,S3-33501638,S3-636353502,S3-546369011,S2-610202397,S2-73575161,S3-788697425,S3-222946991,S2-814456232,S2-295520542,S3-167602522,S3-26714466,S3-64343607,S2-36676505,S2-60172892,S3-285658676,S2-48627872,S2-546445623,S2-581593040,S2-44446790
S1-908498505	S3-538542318,S2-676356963,S2-151683776,S2-489633281,S3-378125930,S3-809609194,S2-861111450,S2-910979338,S2-680956056,S3-149357904,S2-198257464,S3-964076444,S2-875308609,S2-487886803,S3-261977206,S2-295909711,S2-1311030,S3-293958767,S3-130386239,S2-131100437,S3-273469575,S3-426609346,S3-996515449,S2-425845390,S3-454678377,S2-655804813,S3-948284608,S3-241485539,S3-415579908,S2-138565051,S2-77743069,S3-927111882,S3-171371649,S2-213874601,S3-987466116,S3-101308651,S3-70967762,S3-881433812,S2-156054800,S2-265371249,S2-197382865,S2-792313182,S3-170097389,S2-548237367,S3-9911992,S2-862759276,S2-830032696,S2-266309603,S3-825434233,S2-271485274,S2-664763773,S3-946537595,S2-70519224,S3-183688700,S3-530136718,S3-582205105,S3-898724872,S2-271689950,S2-512750422,S3-805777308,S2-178021199,S2-289825697,S2-648045851,S2-622977075,S2-810915319,S2-933449184,S2-851344341,S3-431538521,S2-452680042,S3-891906960,S2-184737623,S2-913240757
S1-156883486	S2-3280462,S2-916060093,S2-639790728,S3-875843349,S3-209027312,S3-146147364,S2-351702304,S2-380179669,S3-610194635,S3-208747740,S2-451501175,S2-283750653,S2-482123618,S3-601878588,S2-420735787,S2-667222355,S2-505750964,S2-690782043,S3-89086395,S3-524379126,S3-340569243,S2-72476189,S2-400643791,S2-897095273,S3-947601235,S2-674211716,S2-409389387,S2-922019532,S3-397185646,S2-481978698,S3-149998132,S3-799226958,S2-392738866,S2-300841555,S2-942355084,S3-965809797,S2-175263301,S2-619207197,S2-750478064,S2-617274078,S3-694994042,S2-58327893,S3-311662496,S2-355327025,S2-131729703,S2-306080341,S2-108576447,S2-959400872,S2-87760457,S3-669137822,S3-56800067,S3-296110725,S3-707705401,S2-684576096,S2-816556591,S3-936939221,S2-861242079,S2-98696656,S2-921586557,S2-369203988,S3-5257305,S2-918530288,S2-418658885,S3-230826619,S3-177114986,S3-869062204,S3-972779597,S2-628565321,S3-565478039,S2-428282271,S2-767340382,S2-911062174,S2-37649273,S2-814843026
S1-368846142	S3-419652001,S2-467680175,S2-492620950,S3-952068970,S2-141277559,S2-275402623,S2-266340710,S2-650690201,S2-448274114,S2-653274900,S3-95490072,S3-776188286,S2-838012558,S2-113542766,S3-43497316,S2-611666106,S3-97984716,S2-921111723,S2-176121928,S2-507619867,S2-488182146,S2-783379356,S2-509201107,S2-762281598,S3-875797776,S3-780819254,S2-755154237,S2-903592027,S3-269035579,S2-241273177,S2-58408331,S2-503292580,S2-246619331,S3-741004451,S2-907011794,S3-955004783,S2-741576886,S2-471343887,S3-38233413,S2-397310008,S3-394723032,S3-553496974,S3-566823079,S3-4192362,S2-737533360,S2-284344245,S3-925010676,S2-278883751,S3-269845253,S3-147619364,S2-447587318,S3-439788889,S2-992673515,S2-60786934,S2-806977057,S3-984511894,S2-493689623,S3-402036239,S3-453233107,S2-989337101,S2-623900599,S3-77276830,S3-757373467,S3-678015754,S3-534152735,S2-21165064,S3-478166451,S3-926620838,S3-686023876,S2-283861228,S2-950101944,S3-923475718
S1-231101064	S2-592640433,S3-890074162,S2-462973582,S2-804872908,S3-190699143,S2-255396836,S3-580219607,S2-246195813,S2-320060148,S2-744973568,S2-206239009,S2-771703296,S2-256415162,S3-898933968,S2-437762177,S2-983931290,S2-691578119,S3-929542635,S3-804487079,S2-353362590,S3-610113607,S3-365791154,S2-627742254,S3-498432720,S2-764713035,S3-5257305,S2-125742890,S2-501191951,S3-654702180,S2-727900448,S2-423803251,S3-841275232,S2-15365332,S2-744952646,S2-996914301,S2-296272902,S2-798518797,S3-940412992,S2-686315973,S2-542324321,S3-653049832,S3-246014398,S3-917173169,S3-761604903,S3-957588328,S3-219057843,S3-250551751,S3-552371062,S3-897826184,S2-735748298,S2-902214349,S2-640663140,S3-314035990,S3-367672564,S2-822065881,S2-635688558,S3-365097018,S3-79663086,S2-192611203,S3-409844994,S2-110527509,S3-141214331,S3-998168276,S3-695911106,S2-18696530,S3-504835521,S2-748983232,S3-486657180,S2-646230497,S3-501791255,S3-973204304,S3-561079759,S2-424464661,S3-479365956
S1-372903225	S3-967005338,S3-518670355,S3-486073663,S2-123235562,S2-862895263,S2-473413592,S3-38985587,S2-705196574,S2-920360270,S2-226258310,S2-835691336,S2-575478846,S2-687094738,S2-32477824,S2-478167239,S3-908325375,S2-122293440,S3-98087802,S2-242050447,S2-758925536,S2-661448473,S2-164910921,S2-110322424,S2-455141694,S2-785466006,S3-893296073,S3-312501343,S2-144021117,S2-587295440,S2-885812113,S3-889312836,S2-279975784,S3-535664163,S3-175417301,S3-912809347,S3-835170167,S3-368430638,S2-151683776,S2-696868200,S3-466023897,S2-112345378,S3-831988468,S3-616971414,S3-269794790,S3-803675521,S3-303868604,S3-576758130,S2-235398491,S2-915817128,S3-591562140,S2-277126355,S3-526022927,S2-498231595,S2-219534467,S3-850241907,S3-588266277,S3-911696626,S3-730543420,S3-13674112,S2-827362320,S2-58171918,S3-283207104,S2-648519637,S2-346652283,S2-10879301,S3-195729302,S3-145785322,S3-991264593,S3-745203872,S3-39503523,S3-815119823,S3-871296115,S2-702964297,S3-690491070,S2-786671493,S2-905223021,S3-791070026,S2-78456694
S1-621386822	S2-236186399,S3-71078873,S2-794501586,S2-719209830,S2-578403258,S2-91347281,S2-469962759,S2-831625227,S2-356719931,S2-439786382,S2-133270735,S2-662177352,S2-857755271,S3-997274101,S2-859754079,S2-656530182,S2-744685697,S2-897714693,S2-494102478,S2-868242102,S2-471816658,S2-211151342,S2-454847618,S2-254971955,S2-888191154,S2-49975588,S2-433699752,S2-838351321,S2-972485350,S2-185170546,S2-523476248,S3-858735136,S2-839296519,S3-590218572,S2-532301142,S2-720481070,S3-773333313,S3-972426757,S2-43051021,S2-464183193,S3-735253792,S2-191644625,S3-216334103,S3-468955020,S2-950910173,S3-956829404,S3-518099125,S2-347896828,S3-469403732,S3-997305360,S3-952199878,S2-101490015,S3-145792482,S3-642283233,S2-942123749,S2-501161597,S2-156918549,S3-21003040,S3-243047495,S3-946721202,S2-816357824,S3-604678922,S3-475769730,S2-769593268,S3-180723978,S3-881224789,S2-775274731,S2-9658542,S3-760477501,S2-562439207
S1-238012566	S2-291353274,S3-724436961,S3-975824073,S2-666412617,S2-335891932,S2-753864304,S2-441899223,S3-799584171,S2-894616416,S3-984053339,S3-809467835,S3-290285288,S3-663938352,S3-353236618,S2-272214985,S2-330806065,S2-834074674,S2-878555567,S3-76721219,S3-397121145,S2-408845232,S3-463436289,S2-932122040,S2-906912129,S2-750225773,S2-681463674,S3-60702753,S3-31652768,S2-223109235,S2-520841493,S3-190668674,S2-61018386,S3-862237566,S2-56705114,S3-239173617,S2-493958515,S2-213977406,S2-383956381,S3-168304374,S2-936652367,S2-674450265,S2-176121928,S3-196809331,S3-126168801,S3-246067623,S3-853947373,S3-202926003,S2-194401288,S2-112482670,S2-776764256,S3-546112105,S3-22081794,S3-771133128,S2-388212979,S3-975457485,S3-521723959,S3-854879788,S3-573062193,S2-794115780,S2-489290326,S2-716155593,S2-322260418,S3-571209945,S2-990316841,S3-814014551,S2-935058400,S3-434419245,S3-252179959,S3-349168757,S3-483995612,S2-379300554,S2-110529098,S2-936521677,S2-464887178,S3-973084915
S1-96384915	S3-426001324,S3-610586970,S2-366586449,S2-771762548,S2-485360650,S2-97997258,S2-841192531,S2-1209589,S2-112345378,S2-324605691,S2-891913453,S2-457232209,S2-867082784,S2-281967867,S2-471307497,S2-563493524,S3-539121508,S2-36189361,S3-617847013,S3-950356726,S3-223224965,S2-75579158,S2-877085471,S3-627795126,S3-262899707,S2-724033893,S3-623187038,S3-177511729,S3-782842685,S2-215063815,S3-638743665,S3-446482196,S2-984956803,S2-660708598,S3-958473316,S3-783004558,S2-760590368,S3-446292108,S2-322442929,S2-800293952,S2-17217966,S2-816821616,S2-12458420,S2-950033883,S2-601386879,S2-523283977,S2-583740314,S2-996541051,S2-459633919,S2-554929444,S3-861831312,S2-987872396,S2-149711897,S2-544919380,S2-734770527,S2-361888395,S2-88205041,S2-48551624,S2-655106152,S2-514450201,S2-461272927,S3-443679252,S3-174713586,S2-142441358,S2-928375144,S2-43752605,S2-955922218,S2-169597264,S2-442998147,S2-931323041,S2-378024681,S2-536285966,S2-936314661
S1-307702274	S2-508857969,S2-63661162,S2-412708166,S2-585471449,S2-91795503,S3-416723271,S2-596075110,S2-602771038,S2-99136836,S2-830470827,S2-75043309,S3-871683678,S3-22957110,S2-433699752,S2-970769379,S2-274235134,S2-466366945,S3-209059415,S3-113406402,S2-859754079,S2-138615158,S2-439786382,S2-553018775,S2-243813488,S2-436282991,S3-135074815,S2-527268589,S2-623426959,S2-857755271,S2-720481070,S2-133270735,S2-209338280,S3-5811158,S2-286097795,S2-270113589,S2-388353512,S2-454889190,S2-464183193,S2-523476248,S2-502250693,S2-130959842,S3-401962497,S2-999751015,S3-332535049,S2-920706546,S2-328559856,S2-918753939,S3-779902233,S2-12066427,S3-2896685,S2-820893995,S2-999725772,S2-765997244,S2-588017147,S3-945500336,S3-572293729,S3-228877953,S2-360008670,S3-891120469,S3-909019642,S2-135610038,S3-965711233,S2-692283672,S3-456547394,S2-977502186,S3-977615155,S2-563441082,S2-582837206,S2-658915534,S2-165416638,S3-789762264,S3-39677713,S2-3914789,S2-671700250
S1-933356469	S2-868574975,S2-815206256,S3-573251011,S2-228494519,S2-962727305,S2-918457044,S2-293444864,S2-221379524,S2-468120534,S3-40595957,S2-374932545,S2-947758414,S2-478183673,S2-774426640,S2-842566263,S2-600115417,S2-676344337,S3-833862496,S3-343145813,S3-228796516,S2-377790326,S2-383148775,S2-686218274,S2-881799150,S2-502191143,S2-157551976,S2-969898742,S2-666690906,S2-516353697,S3-630184262,S2-562884138,S2-422398104,S3-729806324,S2-544679828,S2-323400357,S3-21608012,S2-772784712,S2-404027257,S2-38114861,S2-400958216,S2-777852452,S3-125185512,S2-441440498,S2-840637471,S2-70824736,S3-730655231,S2-366545291,S2-243244211,S2-852768851,S3-805146789,S2-276986487,S2-739448663,S2-1689156,S3-12487278,S3-355633928,S2-138118490,S2-353977780,S2-299557162,S2-582548853,S2-909117191,S2-906113528,S2-339680178,S2-881316858,S2-429265832,S3-803273333,S2-933093889,S2-268077236,S2-335124172,S2-671386250,S3-561013713,S2-218501800,S3-837192480,S2-941803016,S2-675076934,S2-920923722,S3-364958695,S2-280254445,S3-688502912,S2-840948572,S3-309119145
S1-164830224	S2-253072483,S2-575227880,S3-352190708,S3-71438279,S2-715208426,S2-170947040,S2-69071776,S3-477154761,S2-326258996,S3-890074162,S3-190699143,S3-663938352,S2-273732223,S2-607973478,S3-702495340,S2-508784928,S2-762335042,S2-981698749,S3-124067910,S3-871894639,S3-360302156,S3-779158643,S3-565542287,S2-490448223,S3-898933968,S2-507533577,S2-502490336,S2-581741743,S2-938302969,S2-256415162,S2-437762177,S2-897810862,S2-55691462,S3-625734647,S3-379984324,S2-570022455,S2-860330475,S2-53261677,S2-686315973,S2-789332552,S3-630909165,S3-373686673,S3-515159749,S3-440050379,S2-976732784,S2-879167296,S3-806544454,S2-323134378,S3-717899856,S3-695871110,S3-530497743,S2-761192698,S3-637405286,S2-135305160,S2-609334836,S2-37627401,S3-572893745,S2-858961611,S3-939490410,S2-105112288,S2-671795471,S3-776111762,S2-11832470,S3-205095749,S2-493730592,S2-823569314,S3-904253738,S3-76660297,S2-495663971,S3-749087497,S2-418673298,S3-620416208,S2-292254573,S2-276169296,S2-64494419,S2-211105880
S1-100405609	S2-215164855,S2-60528114,S2-59760404,S2-843071321,S3-327198513,S3-300964048,S2-727779637,S2-832217974,S3-967666123,S2-25787219,S2-584088730,S3-410523739,S2-406417949,S3-636968217,S3-823292350,S3-362791941,S3-626472668,S3-30616921,S3-845849635,S2-147367965,S3-234043023,S3-682851388,S3-689653521,S2-384198832,S2-172598761,S3-785759398,S2-237573221,S2-370635933,S3-277008567,S3-632405952,S2-822199651,S2-782369167,S2-763496374,S2-388698583,S2-755318198,S3-272078723,S3-334019885,S2-382711062,S2-69050789,S2-767667411,S3-823997867,S3-561700344,S3-495469000,S2-453572513,S2-785466006,S3-788909949,S2-533107175,S2-182953724,S3-116888812,S3-416033669,S3-158961360,S3-891207046,S3-563971531,S2-373151226,S3-850110343,S3-429016906,S2-404619673,S3-922664149,S3-446755346,S2-61018386,S3-275986589,S2-801612886,S2-180996143,S2-656823918,S2-311730523,S2-723407043,S2-111529715,S3-574861128,S3-6605683,S3-95490072,S3-486911874,S2-25148892,S3-292985029,S2-313797573,S3-607880358
S1-234407650	S2-625023353,S2-362668684,S2-414958651,S3-658228245,S3-869428532,S3-396580234,S3-61596413,S2-50745648,S2-783576796,S3-360647769,S3-397262695,S2-948466104,S3-827261172,S2-82600026,S3-31233466,S3-992097561,S3-111503107,S2-622046492,S2-532444705,S2-330406524,S2-91796673,S2-206998819,S2-361022866,S2-416300306,S3-347072951,S3-975512547,S2-694336347,S3-196402083,S2-447558928,S2-254317347,S3-36225965,S2-362449790,S2-568263291,S3-164641549,S2-330237183,S2-164661963,S2-838004995,S2-538936239,S3-457730559,S3-937940271,S2-528251343,S2-645044116,S2-379089587,S2-266942307,S3-250698365,S3-849454973,S3-88379412,S2-379973959,S2-256061053,S3-431538521,S3-938551683,S2-887723547,S3-692910046,S2-438481264,S3-51536539,S2-904733560,S3-867093061,S2-532754121,S2-26145508,S2-829034420,S3-818069183,S2-353286604,S2-342085569,S2-327415674,S2-523200524,S3-56176359,S2-431694891,S3-732243643,S2-758145635,S2-575594119,S3-5606765,S3-643279316,S3-648945027,S2-735254538
S1-725482440	S2-992056877,S3-468192805,S2-86287907,S3-891468650,S2-239274906,S3-516773370,S2-478064148,S2-629189951,S3-475655740,S2-752423210,S3-515917721,S2-469248960,S3-177686935,S2-635569075,S3-505352124,S2-559859533,S3-812296776,S2-439786382,S2-948378324,S3-308056551,S3-281565025,S2-827765671,S2-71587579,S2-133491501,S3-181942245,S2-68186763,S2-372789171,S2-518115365,S2-926069490,S3-837170245,S3-869946818,S3-135775305,S3-850900487,S3-359075824,S2-868871457,S2-308869888,S2-128722330,S2-454889190,S2-857755271,S2-859754079,S3-675912849,S2-181411718,S3-539742177,S2-789481229,S3-447854164,S3-678348689,S2-758681750,S3-387069758,S3-242063184,S2-675551370,S3-715357364,S2-768390863,S2-188229710,S3-17785869,S2-956118564,S2-853500554,S3-410514976,S2-962651220,S2-687263534,S2-251764558,S3-476989261,S2-834431296,S3-117345975,S3-325802352,S2-954674544,S3-726616104,S3-834536724,S2-539872542,S3-610663122,S3-414335719,S3-18271204,S3-367015772,S3-946093789,S3-653366196,S3-271120170,S2-854057946
S1-192345497	S2-27337878,S2-878656408,S2-270897800,S2-847722417,S3-371169465,S2-763959457,S2-84013571,S3-64064963,S3-292701930,S3-94098514,S2-805141379,S3-603848177,S3-147409424,S3-670788757,S3-958182183,S2-904702630,S2-407929392,S2-575479656,S3-633327211,S3-976930553,S2-582984116,S3-886170645,S2-327426755,S3-516817804,S2-183808581,S2-666060563,S3-737205328,S3-701596000,S2-951171642,S3-466079662,S2-339610900,S2-2960739,S2-193396157,S2-235466873,S2-364169649,S3-449907579,S3-118652570,S3-940159847,S2-68755534,S2-839751839,S2-963646032,S3-202927718,S3-650392639,S3-5725561,S3-931642579,S2-737636178,S2-249643151,S2-311236456,S3-901230050,S2-658500057,S3-70523765,S2-741789915,S3-703034984,S3-303247556,S3-169807352,S3-315485823,S2-452464237,S2-518909044,S2-633312605,S3-561882006,S3-399802128,S3-896872183,S3-279363357,S3-577474686,S2-163227237
S1-622515318	S2-925305852,S3-616542981,S3-810396887,S3-423033146,S2-376791375,S2-705041822,S3-990189194,S3-491261285,S3-849548617,S2-137483239,S3-944045977,S3-254332855,S2-418402593,S3-555672885,S3-52031147,S2-345915461,S3-947057082,S2-862703020,S3-655838645,S2-526660754,S2-176710905,S2-70692312,S2-310494636,S2-59254292,S2-622364124,S2-539444098,S2-920240066,S3-931750397,S2-855643613,S2-834857521,S3-899305617,S2-459540462,S2-524167441,S3-979952950,S3-857523343,S3-413311305,S2-179553455,S3-320548562,S2-508901477,S2-965389616,S2-512799523,S2-192576256,S2-557444538,S3-647695338,S3-493730758,S3-682484756,S3-299894263,S2-154972975,S2-844463416,S2-344974738,S2-969694515,S2-908082542,S2-441422968,S2-903442324,S3-414972364,S2-75708841,S3-614363035,S3-46956620,S2-235983757,S3-454380886,S3-62671560,S2-944108395,S2-67975275,S3-562777685,S2-237466484,S3-826826301,S2-249997299,S3-962381814,S3-507542741,S2-49975588,S2-976962349,S3-270803698,S2-840089690,S3-799280347
S1-59409377	S2-28841666,S3-155079561,S2-874200500,S2-659718754,S3-251037558,S3-226781781,S3-574557411,S2-519903945,S2-864913262,S2-444638605,S2-629614067,S2-890479604,S2-371031103,S3-183688700,S2-898483729,S3-732243643,S2-198190153,S3-471340724,S2-454519384,S2-177507096,S2-553258177,S3-355795260,S2-356735547,S2-640982732,S2-496846262,S3-417557607,S2-96304367,S3-852103502,S3-571312550,S3-114350819,S2-542301803,S2-888108809,S2-555137631,S3-209098840,S2-281120812,S3-315198169,S2-226675024,S2-403126907,S3-594464671,S2-682304335,S2-66288890,S2-645795271,S3-234678620,S3-621003485,S2-36494860,S2-560978470,S2-374624287,S3-134326562,S3-918416863,S2-130102078,S2-469582335,S3-382756039,S2-692915753,S3-626455389,S2-913240757,S2-936521677,S3-502454744,S2-983223312,S2-911062174,S3-943744744,S3-961282705,S3-784505573,S3-254519762,S3-310394976,S2-204961535,S2-758341862,S3-865736546,S2-258571630,S3-311662496,S3-616989837,S3-831060229,S2-360807718,S3-330161275,S3-472018007
S1-319952925	S2-646783465,S2-292847286,S2-229317008,S3-454183630,S2-302611636,S3-211065266,S2-629377847,S2-735905341,S3-909973798,S2-953691371,S2-902823911,S2-844978925,S3-414411624,S3-888877409,S2-893736608,S2-434045596,S3-213888812,S2-476199841,S3-863331857,S2-768677445,S2-86462797,S2-478809131,S2-753390653,S3-519058182,S2-366532698,S3-255472835,S3-379159450,S2-652123001,S2-34671409,S3-706166734,S2-209698063,S2-954505121,S3-982564153,S3-922971635,S2-847152322,S3-923065419,S3-318608810,S2-949570712,S3-98911377,S3-81964215,S2-561017128,S2-141268529,S3-133569825,S2-455493505,S3-604981741,S3-797272249,S3-758076760,S2-10950521,S2-818788586,S2-145979372,S3-249031374,S3-239367161,S2-228705343,S2-749934082,S2-718855624,S2-273581003,S2-193385612,S3-240329798,S2-310386390,S2-894749036,S3-90648463,S3-953042539,S3-298103185,S3-547241603,S2-893065168,S3-123118865,S2-590013366,S3-574580320,S2-848445843,S2-499162538,S3-188681893,S2-806896527
S1-111867989	S3-818582172,S2-688142618,S2-199425487,S2-739371388,S2-445847221,S2-747473857,S3-116952809,S2-500665934,S3-687678280,S2-761678742,S2-325773900,S3-556461235,S2-247444628,S2-171368123,S2-307634941,S3-815019992,S3-945987412,S2-541414076,S2-809410495,S3-817294201,S2-361731375,S3-524720640,S2-973134574,S2-364709779,S3-77539980,S2-290450688,S3-972426757,S3-942572833,S2-161879512,S2-722727936,S2-166637594,S3-316249659,S2-537772410,S3-661839166,S2-150408258,S2-32141312,S3-402523219,S3-9900577,S2-690392180,S3-155057772,S2-943721935,S2-950381919,S2-210903973,S3-575968805,S2-367097323,S3-275176793,S3-501938450,S3-213043954,S3-563525039,S3-353093311,S3-553590754,S3-894231792,S3-315721846,S2-405414228,S2-53619573,S3-194663251,S3-850241907,S3-418860439,S3-484478373,S2-173755141,S2-886512121,S2-275795730,S3-330034464,S3-692807286,S2-336064907,S2-459633919,S2-62389330,S3-696104880,S3-655377880,S2-198123756,S3-350845139,S3-206334265,S3-11672588,S3-335020657,S3-762696584,S3-615929632,S2-490757090,S2-734935817,S3-942296077,S3-985145516
S1-580992307	S3-62710162,S3-368386071,S3-699826175,S2-705702022,S2-975827141,S2-420044895,S2-638209735,S3-335775824,S3-146405003,S2-674981852,S3-576806508,S3-818730870,S3-671978116,S3-962039728,S3-217650612,S3-91120493,S2-45071914,S2-253527145,S2-885946490,S3-211843256,S3-253684004,S3-750093551,S3-886389158,S3-662927691,S2-569388262,S2-786046144,S2-176453879,S3-743196104,S2-212009392,S3-327522440,S2-219201040,S2-505328569,S2-465642879,S3-179822932,S2-841316739,S3-421438703,S2-985866585,S3-402107882,S2-262035032,S2-81688134,S2-615656154,S3-611369340,S3-61661813,S2-477465011,S3-332395580,S3-373796806,S2-467948188,S3-179289650,S3-812993053,S3-870213820,S3-62159337,S3-883806983,S3-717915068,S3-951992468,S3-676896460,S2-132866128,S2-683108412,S2-474841636,S3-474734451,S3-568534384,S3-310015971,S2-459175414,S2-338416766,S3-261143005,S3-314980890,S3-930569353,S3-195823221,S3-455084774,S3-165242186,S2-433399428
S1-684624531	S2-531152651,S2-603577039,S3-189379123,S2-31766860,S3-167716168,S3-624826116,S2-811561229,S3-104268346,S3-420072314,S3-655551614,S3-625151191,S3-986500464,S3-15601629,S2-285897837,S3-731559903,S2-622717199,S3-214534412,S2-320839284,S3-43978063,S3-584974749,S3-760671770,S2-753625452,S2-288244239,S3-617276710,S3-309230629,S2-240969961,S3-455043405,S2-141593228,S2-508398703,S3-371050510,S3-748813796,S2-163509911,S3-88393832,S2-742734469,S2-529867680,S3-113336581,S3-624733554,S2-793791871,S3-492121645,S2-195060998,S2-449109120,S2-6505501,S2-219432880,S2-22700931,S2-499421234,S2-38734044,S3-899267046,S2-458448751,S2-799159782,S2-673440236,S2-403536251,S3-775156030,S2-324630156,S3-726404594,S3-745376778,S3-497170153,S3-447228345,S2-739603930,S3-300769125,S2-360310292,S2-75608025,S2-393870587,S3-404344522,S2-776588528,S2-689214924,S2-898171065,S2-849131246,S2-846177141,S2-522343824,S3-767838315,S3-892467622
S1-744424482	S2-106157657,S3-856118334,S3-646919169,S2-150305750,S3-844824551,S2-590368647,S2-271703955,S2-592124585,S2-565021327,S2-61854788,S2-520229980,S3-681408750,S2-937036110,S2-883654105,S2-91326357,S2-958536647,S2-28001407,S3-107391994,S2-637005420,S3-619767723,S2-657424013,S3-579264104,S2-579829375,S3-251557545,S3-101694766,S3-225091963,S3-942745770,S2-489228040,S2-196088758,S2-330235879,S2-758960021,S2-409910382,S2-947282466,S2-504954744,S2-965535868,S3-675093337,S3-637680655,S2-340851487,S2-766303465,S2-783212453,S2-511143194,S3-207784428,S3-356258183,S3-606183225,S3-763590999,S3-118712572,S2-685330398,S3-46311940,S2-601296699,S3-922664149,S2-782686580,S3-775845283,S3-459529146,S3-491576914,S3-79820435,S3-257761501,S3-808594406,S3-881337217,S3-277021787,S3-631601392,S2-945339512,S3-841003340,S3-316722510,S2-463328655,S3-90125641,S3-19527532,S3-999199665,S3-360297174,S3-371157383,S3-836123195,S2-791336159,S2-642847323
S1-160617128	S2-129689784,S3-662277571,S2-77494747,S2-633216604,S3-220892491,S2-926941044,S3-591562140,S2-457596697,S3-637762173,S3-466932675,S3-302591797,S2-615656154,S3-487955323,S3-865384219,S3-486510192,S3-172940292,S3-640712286,S3-276376723,S3-585718432,S3-422022489,S3-962364406,S2-948130185,S3-750093551,S3-356328247,S2-505328569,S2-739711364,S3-899842456,S2-45071914,S3-368386071,S3-25252194,S3-863584086,S3-250876357,S3-569748241,S2-172898922,S3-896259179,S3-187623410,S2-253048064,S3-454110391,S2-851238110,S2-176453879,S2-392965936,S2-248752910,S2-243821617,S2-760323383,S3-619347054,S2-564551253,S2-789249001,S3-652320075,S2-58034805,S3-443888677,S3-997609453,S2-261749908,S2-202584863,S3-261315806,S2-483700318,S2-796855466,S3-346854811,S3-743362386,S3-483797729,S3-590768775,S2-252336206,S3-413671146,S2-27305575,S2-562769182,S2-632024035,S3-842400377,S2-120443301,S2-682095222,S3-454228701,S2-324714055,S2-754574197,S2-100331681,S3-690399505,S3-786140352,S3-306859838
S1-388951829	S2-151283214,S2-448347163,S3-182022305,S3-891970599,S2-660017999,S2-437213031,S3-450293450,S2-704805304,S3-726193642,S3-219444183,S3-270161063,S3-287445361,S2-402444489,S3-77232495,S3-970589270,S2-165600069,S2-256654481,S2-959847405,S2-359812330,S2-297933495,S2-280323423,S3-409566684,S2-812656407,S2-935397972,S2-268104978,S3-782024328,S3-822368056,S3-844266618,S3-216618198,S3-932778223,S3-275214725,S2-346990961,S3-227214906,S2-399734958,S3-587989418,S3-549557806,S2-645176266,S3-139748043,S2-559910502,S3-78126814,S2-548237367,S3-8918312,S2-256415162,S2-851344341,S2-723611346,S2-985814592,S3-672898830,S2-86506536,S2-924934259,S2-956786940,S2-969994182,S2-474576725,S2-54356365,S3-644593422,S3-510211064,S2-88049190,S2-535421798,S2-440770910,S2-984922464,S2-6467307,S2-691989343,S2-112625643,S2-492836642,S2-317079908,S3-309699789,S2-870071391,S3-365642430,S2-419907519,S3-966963807
S1-502282153	S2-823182343,S2-630615309,S3-777094091,S3-138092810,S2-527989963,S2-203152717,S2-579558004,S2-194307610,S2-986527094,S3-273939716,S2-392954635,S2-122131934,S2-408627514,S3-682695775,S2-340535469,S3-34110286,S2-787718430,S3-748157614,S3-856591610,S2-150997100,S2-936888993,S3-39767303,S2-414021428,S3-483103015,S3-341361485,S2-139620173,S3-242958535,S3-496161832,S3-806702385,S3-113992051,S3-389722354,S3-484005658,S2-329319605,S3-224532909,S2-110271666,S2-964566507,S3-622285006,S3-996494780,S3-592796883,S3-488757659,S2-400461808,S3-617366721,S3-906018045,S3-610185930,S3-443600997,S2-540981835,S3-728668316,S3-726289666,S2-316618733,S3-910935703,S2-661700601,S2-123229271,S2-818353608,S2-1505887,S3-15837840,S2-452464237,S3-857255905,S3-264888249,S3-334458671,S2-9644763,S2-427211906,S3-490119139,S3-411017423,S2-591476146,S2-833741325,S3-242036935,S3-515091137,S3-566987984,S2-890013755,S2-249588197,S2-549788048,S3-937027718,S3-928474436,S2-196167060,S2-198086950,S3-921456166,S3-347314679,S3-97535328,S3-422778305,S3-868372377
S1-554328643	S3-933997391,S2-431726193,S3-408824720,S3-57914560,S2-589492301,S3-283611851,S3-992461118,S2-481240106,S2-119405191,S2-395520340,S2-948420471,S2-997578786,S2-950625211,S3-888325003,S2-158046780,S2-353326035,S2-538847250,S2-6552120,S2-153838435,S2-916020939,S2-622166078,S2-307706451,S2-760705701,S2-676090867,S2-785774127,S2-160507387,S2-843060182,S2-902910473,S2-791926875,S2-647352030,S2-425513728,S2-326385916,S2-507647410,S2-739833289,S3-827924570,S3-693742751,S3-646444721,S2-727275341,S2-333716982,S2-550782661,S2-865706404,S3-124716467,S2-115701281,S3-946006160,S3-774664749,S2-728166595,S3-26551225,S3-120973852,S3-860385115,S2-724144734,S3-957086851,S3-803203400,S3-354949581,S3-279992241,S2-683014569,S3-945019608,S2-489600685,S2-780103150,S3-799887112,S2-406949624,S3-976269609,S3-653674520,S3-466660359,S2-455541134,S3-314079525,S3-270112483,S3-109120315,S3-881262651,S3-524756735,S3-19658046,S3-774000901,S2-573593280,S2-768958764
S1-959189311	S2-484320819,S3-120144433,S2-719884043,S2-302055763,S2-687524234,S3-20751477,S2-867521655,S2-722938754,S3-592854960,S2-690972733,S2-904092717,S2-62786880,S2-397743459,S3-70292951,S2-142963156,S2-22341854,S2-958380385,S2-33766954,S2-882035608,S3-697943180,S2-201174384,S3-564745058,S3-32231515,S2-489213279,S3-635275159,S2-343474984,S2-307821561,S2-27786927,S3-879989678,S2-878552177,S2-718775157,S2-114307818,S2-36170537,S3-483450519,S2-671092664,S3-51527370,S2-911412873,S2-539420714,S2-723944168,S2-590158229,S3-62244581,S3-403476898,S2-807891611,S3-451006361,S3-988338365,S3-352801980,S3-520376253,S2-501620100,S2-770407575,S3-141837023,S3-519803849,S3-578175770,S2-150465857,S3-352555171,S2-743643617,S2-854207727,S2-717368863,S2-551798102,S2-764672089,S3-785314785,S2-492478954,S2-460708310,S2-382304757,S2-7522630,S3-221080971,S3-710307941,S3-529439101,S2-804880037,S2-857295558
S1-355110377	S3-764890549,S2-75150479,S3-668165333,S3-518242282,S2-625023353,S3-344334029,S2-936788611,S2-294835210,S3-755683636,S2-910212980,S3-30736752,S2-792964248,S3-950660541,S3-410477423,S3-499281327,S3-464560332,S2-879355945,S3-771315201,S3-771746675,S2-242594492,S3-870624900,S2-145759222,S3-543632293,S3-405789452,S3-311070982,S3-493375550,S3-41477273,S3-705749264,S3-308907091,S2-953098128,S2-786695672,S3-749155637,S2-595358801,S2-905395948,S2-298405093,S2-912255099,S3-575983604,S3-453250787,S2-693683430,S3-476189990,S2-957254728,S2-975271190,S3-141680171,S3-714275237,S3-463022441,S2-652160731,S3-517072887,S2-263112597,S2-484551631,S2-318627840,S3-693060685,S2-687142712,S2-309321467,S3-742149357,S2-489908959,S2-421518911,S2-480113059,S3-35914833,S2-588246207,S2-461000910,S3-890488286,S2-311975106,S2-192761335,S3-908889377,S3-650481318,S3-97933587,S2-963018914,S2-679565315,S2-800638535,S3-984544511,S2-994905861
S1-419243203	S2-244793053,S3-160255242,S2-587045470,S3-522588877,S3-705869700,S2-903434594,S2-24844980,S2-36349802,S3-765435107,S3-834528373,S3-786098398,S3-277378557,S2-919873302,S2-22623746,S3-841633833,S2-159418478,S2-548712259,S2-718158624,S2-756666065,S3-845758022,S2-476540314,S3-857427149,S3-160230983,S2-573540967,S3-150505193,S3-854661282,S2-95650897,S2-961859453,S2-165476555,S2-210074707,S2-972355520,S2-85501721,S3-181296688,S3-652954230,S2-953326420,S3-729590827,S3-23941563,S2-344993710,S3-128050030,S2-160402201,S3-716203564,S3-93704936,S3-197424002,S2-485363261,S2-862378225,S3-129768137,S3-6965579,S3-29424022,S3-107868591,S3-941504236,S3-292002916,S3-22985422,S3-992458401,S3-145151842,S3-224435213,S2-228777166,S3-105911732,S2-531810522,S3-536154713,S3-26981744,S3-104341758,S3-585871929,S2-369203988,S3-212027537,S3-528447019
S1-791484925	S3-303258990,S2-329035445,S3-192220018,S2-718273209,S2-335195201,S2-835735204,S2-938323682,S2-896696403,S2-821693979,S3-16906411,S2-704449115,S3-371707322,S2-4039140,S3-184375154,S3-320750400,S2-782049803,S3-442910427,S2-289119895,S3-788525228,S2-441938596,S2-533185918,S3-695659041,S2-24755221,S3-752924725,S2-779046920,S3-380384665,S2-365876998,S2-901728657,S3-136675280,S3-335970118,S2-214717915,S3-840976584,S2-908077193,S2-423273035,S3-63913121,S2-595784441,S3-881899727,S3-698239848,S2-406758983,S2-190495589,S3-848040724,S3-761346458,S2-693072766,S2-3204799,S3-167923540,S3-221042789,S2-584595791,S3-963679514,S3-677121608,S2-667299879,S3-536829096,S2-396210710,S3-248701072,S2-726906183,S2-864668733,S2-403876113,S3-309656009,S3-702277014,S3-926220655,S2-746168718,S3-435007335,S2-851770687,S2-275274403,S2-561575678,S2-304787089,S3-879972521,S3-332441961,S3-849542820,S3-74480191,S2-893853066,S3-516911431,S2-56048435,S2-4374197,S3-73017836,S2-810545760,S3-646284756
S1-607311453	S2-850483762,S2-52173611,S2-995230514,S3-132907317,S2-234084042,S3-976237098,S2-946872072,S3-37978446,S2-74988451,S3-300901243,S2-35324306,S2-806249803,S2-381231365,S2-779167766,S3-196785925,S2-450319965,S3-342175660,S2-497232424,S3-723782835,S2-576380478,S2-347330149,S3-457645040,S2-431193839,S2-833900025,S3-835214892,S2-568142384,S3-471847899,S2-532254823,S2-662221399,S2-590221606,S2-57529012,S2-23600298,S2-802999298,S2-864311044,S3-486806366,S2-463239170,S3-12750378,S3-27236959,S2-712222053,S2-303388367,S2-707065326,S3-520377877,S2-724723594,S3-129768137,S3-318800580,S2-658347451,S3-87582110,S2-3280462,S3-891011695,S2-727122409,S2-771703296,S2-274307379,S2-152926449,S2-476567032,S3-330742075,S2-516510975,S2-613069085,S2-256988881,S2-262889485,S3-210718342,S2-68812643,S3-668808075,S2-838788490,S2-520104827,S2-841340666,S3-361549993,S3-166061687,S2-95126803,S2-184430029,S3-781401026,S3-239446797
S1-823066174	S2-117077151,S2-474680077,S2-310007092,S2-332844354,S3-926419026,S2-77660416,S2-619523861,S2-645863417,S2-997286759,S2-136090300,S3-732355460,S2-174915732,S2-972799572,S3-616683661,S3-922407035,S2-425305465,S2-714810607,S2-829023427,S2-751958011,S2-670856463,S3-330463187,S2-922751574,S2-324915977,S2-754091408,S2-424081386,S3-843224888,S3-929550054,S3-928134272,S3-158056606,S2-149204801,S3-420014676,S2-676645099,S3-5866364,S3-867611128,S3-326931900,S3-173465050,S3-915091035,S3-531741200,S2-126380926,S3-165918174,S2-798299507,S3-468693488,S2-324630156,S2-867438825,S3-345157286,S3-584203683,S2-313713818,S3-431111017,S2-38734044,S3-454413362,S2-713926622,S2-750442394,S2-915150941,S2-959081026,S2-741253849,S3-718225300,S3-340247852,S2-856123835,S2-725494167,S2-277442081,S2-876148854,S2-978286724,S3-963964496,S3-552435203,S2-512896592,S3-698592979,S2-564037566,S2-719481758,S2-887168250,S3-739267484,S2-595741625,S3-849305010
S1-169036830	S2-218449904,S2-309271415,S3-936891509,S2-633415387,S2-549293102,S2-434964200,S2-385325065,S3-635441065,S3-372719396,S3-75169035,S2-23812106,S3-250131594,S3-625120360,S2-796386799,S2-182834322,S3-175350073,S3-947587334,S2-498390029,S3-220266829,S3-520886736,S3-749300916,S2-778442443,S2-427100206,S2-120771780,S3-657871097,S3-808406459,S3-856836316,S3-467269418,S3-820501095,S3-486592219,S2-301443375,S2-382356164,S3-730236399,S2-965852283,S2-103741825,S3-235374080,S2-626058699,S3-720761378,S2-770871265,S2-298257444,S3-362407016,S3-534864429,S3-597117382,S2-779723055,S3-523750595,S3-339139940,S2-749072830,S2-648444118,S2-412000553,S2-192351858,S3-790907859
S1-345107626	S2-113893006,S2-564246707,S3-411557501,S3-133741130,S3-645075772,S2-309159056,S2-491714744,S2-2711428,S3-959276053,S2-203974147,S3-852898765,S2-351945894,S3-705182410,S2-888879050,S2-356466612,S2-840815531,S2-276759777,S3-355087594,S3-574643517,S2-95400853,S2-380093130,S2-851715134,S2-586914706,S2-658013462,S2-619336985,S3-740212164,S2-72013138,S2-893108988,S3-955205797,S2-848024418,S3-319089053,S2-205518186,S2-403056297,S3-494118563,S2-757656248,S3-286671962,S3-916230514,S3-526883580,S2-648620698,S2-954487023,S2-296655894,S2-124191429,S2-98878499,S2-184633018,S3-54056762,S3-99283693,S3-977593797,S2-810614225,S2-867659365,S3-661328894,S3-434505215,S2-420061925,S3-960803953,S2-47746945,S2-346036434,S3-806347666,S2-550147914,S3-310031374,S2-811648226,S2-330502380,S2-638983776,S2-324119842,S2-13963616,S3-86248470,S3-889864472,S2-312119982,S2-546426576,S3-959787640,S3-434550796,S3-316671533,S2-660964290,S2-894616223,S2-20458509,S3-710120003,S2-878103279,S3-499390397,S2-191214217,S3-9929953,S2-534560686,S3-515386878
S1-748540962	S2-906761880,S2-833227760,S3-649235994,S3-44302622,S2-446363960,S3-27933425,S3-79776428,S2-580221145,S2-143041760,S3-476771290,S3-934480362,S3-616748255,S2-898236596,S2-45071914,S3-568130593,S3-191594820,S2-170543760,S3-520200966,S3-312660810,S3-750093551,S3-15080674,S3-490107025,S2-70247599,S3-4086513,S3-197762553,S2-505328569,S3-534677433,S3-250028970,S3-411328104,S3-577472264,S3-873905347,S2-269412171,S3-989028814,S3-772798960,S3-644979463,S2-311029819,S3-22273852,S3-375692639,S3-456492964,S2-226577256,S2-827376942,S2-841168819,S2-29161970,S3-258652851,S3-836639256,S2-474118498,S2-362602827,S2-721828148,S2-554094203,S2-678446632,S2-50695556,S3-908166433,S3-376392291,S3-807684694,S3-862165029,S2-728131264,S3-228630385,S3-162213836,S3-973401417,S2-851754490,S2-614860342,S3-662100607,S3-102683694,S3-631906242,S2-938323682,S2-965838355,S3-996106198,S3-849305010,S3-820693581,S2-811561229,S3-173186267,S2-132866128,S3-997305360,S2-44617838,S3-331260389,S3-744842122,S3-335970118,S2-510837923,S3-872674928,S2-474924251
S1-277014552	S3-23715167,S2-300373097,S2-526762757,S2-440400231,S3-985485366,S2-282201059,S2-864873698,S2-257569338,S3-921855308,S2-638179537,S3-11750277,S2-611810837,S2-321753350,S2-476268363,S3-673103379,S2-387057533,S2-840169179,S3-961089893,S3-993643866,S2-231615004,S2-331530722,S2-329623753,S2-348278349,S2-999034215,S2-966560033,S2-183033187,S2-731699901,S3-565241938,S3-440468063,S2-925373689,S2-309819640,S3-907506321,S2-220900171,S3-127344332,S2-837936134,S3-377912860,S2-157282832,S2-912100996,S2-873522729,S2-322553696,S3-935550753,S3-74946954,S3-83503168,S2-290526052,S2-906620714,S2-706043760,S3-780421331,S2-835545424,S3-816955909,S3-102274711,S2-439218180,S3-564908446,S2-858434244,S3-663035816,S3-770560806,S3-109165040,S2-118390471,S3-326567962,S3-515584295,S3-697673449,S2-843503740,S3-9889430,S3-346252532,S2-104884245,S3-989993835,S3-603410948,S3-824492854,S3-636728716,S2-426144370,S3-248485601,S2-699778678,S2-591649583,S3-963964496,S3-615929632,S2-699733797,S3-814590488,S2-490757090,S3-860821345,S2-734935817,S2-483487171
S1-912273534	S3-566819481,S2-529238319,S2-932122659,S3-161905121,S2-197244964,S3-987737974,S2-554081028,S3-418373158,S2-505029475,S2-633584145,S2-949390083,S2-71044046,S2-257098293,S3-528999942,S2-527365635,S2-875814849,S2-325506489,S3-104868844,S3-582060782,S2-411146228,S2-588935699,S3-648790152,S2-817169651,S2-285859028,S3-33443022,S2-785822459,S3-624811535,S3-94880110,S2-202081914,S2-104510034,S2-331133074,S2-723684962,S3-92001570,S2-820052038,S2-973403209,S2-217063105,S3-878868670,S3-879571762,S3-699987260,S3-181238078,S2-262867235,S3-710793994,S3-560603245,S2-678363554,S3-211088838,S2-825422275,S3-871276323,S3-756060916,S3-555642220,S3-35385708,S3-61919079,S3-706371363,S2-589653289,S3-145578968,S2-417052324,S3-751250517,S2-249166910,S3-358830461,S3-563709941,S3-709077086,S3-973502787,S2-368363774,S2-959725981,S2-123827047,S3-291200440,S3-64769032,S3-85818585,S2-222591131,S3-728033586,S3-231594908,S3-704841189,S3-648268506,S3-184733102,S2-505104098,S2-614580815,S3-792449129,S3-398011682,S2-851404789,S2-909917104,S2-486290046
S1-456715439	S2-472223807,S2-466757759,S2-288218581,S2-757259652,S3-919754924,S3-683008637,S3-424948694,S3-216026435,S2-583093059,S2-654240435,S2-998494153,S2-964375822,S2-637177690,S3-144598802,S3-137990315,S3-313861708,S2-950581997,S2-575830624,S2-926305457,S3-803283819,S2-434238848,S2-711763507,S2-197077633,S2-837663921,S2-207860960,S2-729721165,S2-42166456,S3-48603516,S3-395546765,S2-137866195,S2-998360707,S2-902062119,S3-861506044,S2-493971999,S2-489369957,S3-6683822,S2-196912797,S2-6599540,S2-179002471,S2-616596430,S3-994824288,S2-535421798,S2-8849654,S3-90651189,S3-425320243,S3-41477273,S3-459626697,S3-418054616,S3-883071227,S3-704089326,S2-369299465,S3-333429555,S2-204961535,S2-878049277,S3-100746948,S3-577510868,S3-669517272,S2-286718846,S3-134326562,S2-774767193,S2-851344341,S3-894176619,S2-554680656,S2-908505262,S2-443776019,S3-356258183,S2-108630610,S3-421192869,S2-334734847,S3-511542463,S2-984922464,S2-263622171,S3-522595590,S2-707178891
S1-637465929	S2-768397925,S2-476817426,S3-827097097,S3-510827058,S3-854547155,S2-98262128,S2-522985735,S3-127344332,S3-377912860,S2-466142484,S2-439801672,S2-615347444,S3-440468063,S3-200550392,S2-973112453,S3-834536724,S2-119029058,S2-632410049,S2-587742398,S3-432489166,S3-349799886,S3-454110391,S2-470497584,S2-991322376,S2-873522729,S3-443957273,S3-935550753,S2-50583093,S3-109198541,S3-864943486,S3-407141614,S3-171260075,S2-319104076,S2-910103661,S3-470662217,S2-253048064,S3-584072374,S2-764306412,S2-114810075,S2-119052847,S3-526022927,S2-228696412,S3-273644591,S3-490645434,S3-387456739,S3-526525584,S2-479388715,S2-529867680,S3-217085103,S2-880973204,S2-864475923,S3-51532920,S3-220007010,S3-199458245,S3-955548594,S3-998594797,S3-217324582,S2-430429830,S2-759583598,S2-307050079,S2-146672257,S2-730043743,S3-803176614,S2-404621519,S2-909474634,S2-384311686,S2-150120228,S3-809886365,S2-870438880,S2-915150941,S2-231827631,S2-797821871,S3-826923897,S3-203065440,S3-229462742,S2-408627514
S1-526349990	S2-212149820,S2-977046460,S3-409077381,S2-597587140,S2-951350562,S2-16977683,S3-751645065,S2-31271558,S2-133950583,S2-951006895,S2-254591714,S2-275207277,S2-602241852,S2-483667019,S2-734878990,S3-677475794,S2-92854944,S2-498947484,S2-781372960,S2-615406840,S2-287914093,S2-63095336,S3-944995926,S2-236620399,S2-851798959,S2-127845451,S2-772384068,S2-568522366,S3-682270437,S3-275368011,S3-223301131,S2-379653311,S2-999874400,S3-76997783,S2-642925237,S2-431530908,S3-527717055,S2-162546764,S3-950988637,S2-895103795,S2-192541449,S3-230810306,S2-836840386,S2-185005085,S2-502490336,S2-635080550,S3-554961874,S3-558548508,S3-958975190,S2-267955799,S2-877875891,S3-303398296,S2-590541527,S2-54975808,S3-621096489,S2-843795627,S2-890476588,S3-654479900,S2-535903909,S2-993070493,S3-735965898,S3-193379817,S2-721545093,S2-474356307,S2-939628035,S2-195421473,S3-187881783,S2-900398799,S3-960181183,S3-716203564,S3-791844192,S3-187650204,S2-980708422,S2-182829781
S1-296323848	S3-298744432,S2-951139927,S3-414335719,S3-981679670,S3-503938009,S2-895116270,S2-374850342,S2-301890025,S2-237742880,S3-279728444,S2-612061875,S3-964562576,S3-717379548,S3-448276989,S2-599450774,S3-648046496,S3-865902480,S2-959549116,S2-25178517,S2-531726104,S3-167923540,S2-206496397,S2-559844539,S2-830436713,S2-628238161,S2-685264609,S3-836083070,S3-872903465,S3-268279598,S3-863036893,S2-936557811,S3-420627038,S2-666690906,S3-228707704,S3-879925191,S3-175096965,S2-333794564,S3-893252275,S2-224911581,S3-76631216,S3-603410948,S3-397518552,S2-719917197,S3-273644591,S2-278285112,S3-952995781,S2-290526052,S3-769050472,S3-678683280,S2-410424874,S3-773959162,S2-876974463,S2-622624356,S2-211198150,S2-133110262,S2-150989687,S2-210149200,S2-111262131,S2-918217884,S3-646527180,S3-406174233,S3-840692434,S3-140091780,S3-370257539,S2-140298567,S3-989301323,S2-28325020,S2-870739472,S2-807841194,S2-375938862,S2-116748146,S3-998594797,S2-288890052,S3-242063184,S2-57903796,S3-904294241
S1-547546143	S3-226330260,S3-400020081,S2-331452816,S3-954371179,S3-966557042,S3-640712286,S3-568433268,S2-582904108,S2-707195845,S3-262485313,S2-554886397,S2-849117792,S3-986276529,S2-505328569,S3-962039728,S3-750093551,S2-769593268,S2-45071914,S3-356328247,S3-218890903,S2-772959226,S3-818579995,S3-103232482,S2-172898922,S3-525820780,S2-176453879,S2-145851590,S3-487955323,S2-465642879,S2-851238110,S3-825263544,S3-713245619,S2-812711831,S3-889875675,S3-520222432,S2-774802693,S3-203087862,S3-317072557,S3-774345900,S2-357492728,S3-543021147,S3-797306465,S3-986708778,S2-652381513,S3-247079246,S3-484776985,S2-372542500,S3-662401200,S3-809886365,S2-512122315,S2-371312178,S2-455134753,S3-250876357,S3-510646420,S3-848141569,S3-690491070,S3-583976138,S3-690439476,S3-303868604,S2-439486038,S3-687138039,S3-114286709,S2-278045217,S3-934480362,S3-911696626,S2-260665840,S3-285719716,S2-22775099,S3-676555674,S2-732947260,S2-167206756,S2-50611860
S1-80960427	S3-672891544,S2-140392613,S3-618993861,S3-927257276,S3-641673654,S2-65615772,S3-418420992,S3-688440108,S2-31256790,S3-481305378,S2-508341373,S3-306440777,S3-996117702,S3-529892024,S3-79478586,S3-345436487,S3-734707886,S3-79374693,S2-469243821,S3-647193021,S2-207141025,S3-730737831,S2-14478748,S2-662788493,S2-160530551,S3-2000588,S3-50968995,S2-656668371,S2-236789268,S2-553546034,S3-643234710,S3-773616613,S3-543436622,S2-147361137,S2-345943087,S2-875103780,S2-811215096,S2-842179113,S3-398791941,S2-266667041,S3-533775438,S2-881692570,S3-331872483,S2-41623697,S3-963314919,S3-114982442,S3-41233105,S2-856751406,S2-909707057,S3-330313076,S3-163681077,S3-401129624,S2-32251757,S3-632129880,S3-914295425,S2-540844985,S2-557690992,S3-271149484,S2-278552620,S2-659300097,S2-734607199,S3-973410744,S2-338696264,S2-193188453,S2-298914373,S2-170543760,S3-987972868,S3-468549934,S3-730264493,S2-626304765,S2-162450652,S3-346252532,S2-656892137,S2-790293508,S3-737377800
S1-609323033	S2-368129427,S3-190699143,S2-686315973,S3-890074162,S2-855633517,S2-564112793,S3-59971944,S2-210601194,S3-485124793,S2-437762177,S2-671649180,S3-356770476,S2-615299695,S3-236385912,S3-416117385,S2-256415162,S3-906745557,S3-898933968,S3-296690952,S2-15365332,S2-296272902,S2-736010823,S2-764713035,S2-412866359,S3-563730862,S3-610113607,S2-234714259,S2-284288219,S2-989135318,S3-929542635,S2-281892840,S2-382704991,S2-594840477,S3-625532396,S3-823114817,S2-582065410,S2-468712037,S2-535526587,S3-166654622,S2-175480172,S2-325525805,S2-995746647,S3-419250282,S3-298545993,S3-232131919,S3-614564394,S3-176231335,S2-512660520,S2-976732784,S3-985914406,S3-324161304,S3-46684431,S2-824643387,S3-56092705,S3-925684712,S2-665981472,S3-210236873,S3-412607073,S2-626919401,S3-999320167,S3-931218676,S2-119493699,S2-133664209,S2-344132131,S3-663600919,S2-750470202,S2-474934237,S2-56463059,S3-140866784,S2-603052709,S3-707669268,S2-298147176
S1-523354110	S3-787106354,S3-413558813,S3-285639138,S2-190309905,S2-455830760,S3-176880631,S3-258916688,S3-167706305,S2-369458829,S3-948520376,S3-99506760,S3-379265170,S3-885388504,S2-155700713,S2-169181644,S3-126940365,S2-81084526,S2-7495917,S2-585552799,S2-387058606,S3-460288030,S3-601006663,S3-820244811,S2-116748146,S2-720475048,S2-852692206,S3-24293736,S2-950089981,S2-912718143,S3-901201480,S3-969525569,S3-355476685,S3-314834070,S3-478524206,S2-986387602,S2-392623952,S2-632885243,S3-471363699,S3-521226169,S2-403007952,S3-783292436,S2-344308178,S2-482466821,S3-796331989,S2-380352566,S3-69550546,S3-726575561,S3-377299769,S2-537019930,S3-869020157,S3-695060764,S3-416477058,S3-366990494,S3-195054513,S3-308682689,S3-303805567,S3-689746930,S2-868298117,S2-20670354,S3-294904765,S3-251781031,S3-119777987,S3-938248713,S2-347167472,S2-275311240,S3-609365114,S2-884903766,S2-447974723,S2-652540045,S3-561402150,S2-141688901,S3-685153893,S3-482169634,S3-619352978,S3-496394605
S1-231416129	S2-35548262,S3-438818882,S3-126705398,S2-282245771,S3-867211711,S2-985269303,S3-804882147,S3-170740344,S2-866686286,S3-829736534,S3-554011382,S3-6994759,S2-653469113,S2-821967722,S2-700415978,S2-902059616,S2-682188198,S2-549507007,S2-199713272,S2-287936924,S3-65513256,S2-674340518,S3-741683325,S2-844123617,S2-52995078,S2-579925015,S2-125859863,S2-137131340,S2-86941875,S3-212551223,S2-756454257,S3-104079924,S3-923885053,S2-7760721,S3-778074940,S3-339906591,S3-656708938,S2-200851154,S3-329669265,S3-256521507,S3-392052073,S3-591602251,S3-729005428,S3-438401988,S3-776762918,S3-652396445,S3-697253686,S2-247053630,S3-127987100,S3-543632293,S2-29302830,S3-860310373,S3-646444721,S3-114831366,S3-627608863,S3-68059712,S3-102566645,S2-530449751,S3-444579714,S2-856518249,S2-196036840,S2-719465063,S3-111562961,S3-440043116,S3-131814854,S3-990847903,S3-705535145,S3-994827710,S3-117281835,S3-795318028,S2-91772237,S2-598193722,S2-101077577,S3-597275991,S2-122018059
S1-460133008	S3-772161913,S2-262867235,S3-330489203,S2-906609960,S2-799863220,S2-88803418,S2-854309985,S3-284946209,S2-518844199,S2-423444033,S3-499896334,S3-278741776,S3-706076754,S2-559779002,S3-149762846,S3-321537397,S2-351870381,S2-990986170,S2-51359529,S3-782834147,S3-475479226,S2-9511887,S2-866840152,S2-73807186,S3-872104425,S2-496398376,S2-702390529,S2-965910760,S2-869901829,S3-477087262,S2-535571129,S2-184737623,S2-189089447,S2-740413278,S2-395860766,S2-808344063,S2-226567568,S3-29631894,S3-480549351,S3-66358239,S3-348178585,S2-723693171,S2-394667512,S3-105142973,S2-583090544,S2-293515704,S3-837524679,S2-434655609,S2-984642202,S3-696092013,S2-86106348,S3-946988556,S2-430894860,S2-891013305,S2-876914575,S2-184507828,S3-604949862,S2-11520784,S2-553718267,S3-648268506,S3-563709941,S3-260389778
S1-676648395	S2-322953932,S3-707073473,S2-820558687,S3-566251181,S3-883815276,S3-710121090,S2-271749790,S2-380968778,S3-907446075,S3-308363101,S3-837852480,S2-515239169,S2-246372938,S3-245421904,S3-513841788,S3-241016796,S3-232035434,S3-738999135,S3-766272393,S3-629710261,S3-325855796,S2-453685980,S3-374110162,S3-245041152,S3-761998416,S3-447770915,S2-770085269,S3-675818857,S3-594344696,S3-392522747,S3-376323859,S3-612408732,S3-955001772,S3-257375698,S3-750600,S3-130364642,S2-625749005,S3-602637832,S3-560666651,S3-868136936,S2-351820268,S2-542975651,S2-443052151,S2-912166723,S2-833366597,S2-737008948,S3-205445563,S3-654646737,S2-62605183,S2-742533756,S3-986991765,S2-905594244,S2-758582882,S3-908860595,S3-296553089,S3-442830297,S2-579245677,S2-149515808,S3-811274543,S2-950227048,S2-520839915,S3-493129432
S1-972836911	S2-546916381,S2-336510639,S2-233641858,S3-378404825,S2-798284284,S2-868438350,S2-145480458,S2-131285876,S2-429948480,S3-317675580,S3-916507921,S3-822454304,S3-671156587,S2-802648022,S2-29639567,S2-489724928,S2-553087095,S2-38910827,S2-628787905,S2-712174856,S2-166587563,S3-631348007,S3-836558912,S3-846517723,S3-564647291,S2-863993155,S2-586347120,S2-887096875,S2-305612087,S2-924664206,S2-379191621,S3-467836363,S2-847821102,S3-613168471,S3-864137949,S2-816234303,S3-798626201,S2-377393800,S2-699789184,S2-996348079,S2-703180265,S3-966573249,S2-61012145,S2-345171896,S2-316019581,S2-852535806,S2-829337272,S2-551200197,S3-16300088,S2-916143702,S2-293776580,S2-43171515,S2-980886328,S3-779255358,S2-566862033,S2-414125922,S2-97893352,S2-624530506,S2-614691434,S2-99585914,S2-203063327,S2-554411370,S2-788195957,S3-203270661,S2-725825839,S2-216083448,S3-550401657,S3-18513098,S3-55077315,S2-276012570,S2-149056174,S2-427374357,S3-661769407,S3-669657460
S1-292830915	S2-863771363,S3-890648603,S3-930239075,S3-100673175,S3-929855082,S2-968672174,S2-754051189,S2-483049092,S2-798482339,S3-50462976,S3-517478473,S3-401811041,S3-173360661,S2-848455113,S2-499378933,S3-247568864,S3-340394643,S3-545629303,S2-739952783,S2-83571571,S3-220663579,S3-251639959,S2-151582230,S2-163159297,S3-868666934,S2-968550224,S3-85457214,S3-287838768,S3-766657634,S2-875171099,S2-122619875,S3-743121882,S3-288744722,S2-300268528,S3-864310343,S3-416805845,S3-841558952,S2-787542897,S3-673126063,S3-267202468,S3-90618657,S3-127381229,S2-437307977,S2-648488794,S3-402547677,S3-665517423,S3-941391042,S3-563641161,S3-813063532,S3-249922642,S3-712567956,S3-682561420,S3-647259013,S2-961025184,S3-521422760,S3-297078968,S3-834606514,S2-360331671,S2-322127049,S3-812434061,S3-369212680,S3-141091952,S3-486592219,S3-212089764,S2-435470227,S3-250519428,S3-174876352,S3-542980413,S3-242967990,S3-727403389,S2-418380949,S3-738292404,S3-112790056,S3-185204138,S2-913196459,S3-730194323,S2-651611393,S3-439667927
S1-51101506	S2-338306766,S2-849307701,S3-185498025,S2-629086028,S3-802327929,S2-361825805,S3-289122806,S3-557253020,S3-578264654,S3-477929259,S3-185531684,S3-132850377,S3-498752191,S3-338036421,S2-974324304,S2-901393558,S2-735430557,S2-868866206,S3-596579199,S2-838393465,S3-327037789,S3-898800831,S3-335900564,S2-414269333,S3-820908451,S2-87116613,S3-414444458,S3-95554482,S3-769096108,S2-954040084,S3-263179053,S2-253319287,S2-779565161,S3-862789788,S2-6563143,S2-66822607,S3-290823977,S3-357707690,S2-984716560,S2-964380344,S3-568558887,S2-934646313,S3-155349025,S3-176880631,S3-636911998,S3-631134877,S2-5733881,S2-29658224,S2-816059000,S2-669828282,S2-827862104,S2-862762162,S3-670419439,S2-885153394,S2-510681841,S2-12796093,S2-61625623,S3-143778774,S2-377378565,S2-574744519,S2-273005906,S3-327069809,S3-591945193,S2-984164477,S2-848497007,S2-671959440,S2-305426949,S2-199258629,S3-557062622,S2-220546681,S2-457884736,S2-778558351,S2-183619345,S3-112925586,S2-759549453,S3-703170809,S3-764388373,S3-422439031,S3-335775824,S3-58288284
S1-509332273	S3-589089722,S3-332361882,S2-915202445,S2-377661194,S3-728872378,S3-831988468,S2-252989755,S3-887580850,S2-201089624,S3-219727548,S3-222310642,S2-400714565,S3-199017966,S2-495793419,S3-71503410,S3-965519036,S3-34252124,S2-833876801,S2-411500333,S2-362329289,S2-423837579,S2-308520060,S2-209200464,S3-562251470,S3-943032673,S2-254411741,S3-204389002,S2-209809185,S3-389879517,S2-161614632,S3-147564135,S2-877598413,S2-627238111,S3-730655231,S2-795166346,S3-412760988,S3-871104672,S3-719510786,S2-784259305,S3-746668512,S3-129468443,S3-667106573,S3-835714367,S2-796855466,S2-433399428,S2-818726940,S2-474404665,S3-478478756,S3-719452923,S3-712714164,S2-831521394,S2-167006115,S3-390446249,S3-782236821,S2-723525921,S2-248490959,S2-222333762,S3-688734351,S3-83957711,S3-669718861,S2-614457886,S3-458676868,S3-1830091,S2-458448751,S2-838493982,S2-22700931,S2-243821617,S2-968940128,S3-476090222,S3-371793249,S2-730336353,S2-529830404,S3-743039174,S2-109325381,S2-253149229,S2-484697078,S3-499706924,S2-346463221
S1-127222577	S3-176880631,S3-379265170,S3-460288030,S3-601006663,S3-820244811,S2-190309905,S2-455830760,S2-495762120,S2-950089981,S3-960875960,S2-585552799,S2-111363007,S3-258916688,S2-369458829,S3-167706305,S2-101737938,S2-97357545,S3-561079817,S2-149053652,S3-885388504,S2-155700713,S3-52125000,S2-81084526,S3-413558813,S3-99506760,S2-169181644,S3-747170333,S3-841681483,S3-154067354,S2-7495917,S2-116748146,S3-471363699,S2-853612106,S2-720475048,S2-466667272,S3-156167226,S3-314834070,S3-640911072,S2-852692206,S2-912718143,S3-978241777,S3-469321448,S2-812123791,S2-582971022,S3-414988525,S2-473032273,S2-745348617,S3-160074468,S3-424455668,S2-462517120,S3-95476692,S3-306956474,S2-597214630,S2-77601238,S2-74103696,S3-159417574,S3-655377880,S3-233540977,S3-377404642,S3-591403999,S3-711739757,S2-161605326,S3-934425196,S2-273005906,S2-5733881,S2-804974535,S2-839180643,S3-750678301,S2-500129418,S3-15415386,S3-366990494,S2-704323652,S3-17161672,S2-893853066,S2-488609470
S1-589521969	S2-620016564,S3-13572459,S2-157482859,S2-977599464,S2-707147172,S3-847862912,S2-114070036,S3-613591378,S3-273152421,S3-364056518,S2-851981152,S2-59556650,S3-976667625,S3-999531695,S3-758621956,S2-8817981,S2-935901900,S2-38830683,S3-277697430,S3-718194832,S2-39596321,S3-138669974,S2-958600315,S3-669309011,S3-190668674,S2-300003463,S2-796111194,S2-788195957,S3-132018500,S3-600636869,S2-800464717,S2-642847323,S2-677079386,S2-551853311,S3-132024663,S2-336619418,S2-317752684,S2-781342479,S2-527468510,S2-909977410,S2-199903657,S3-28035784,S2-239653892,S3-684731018,S2-524397935,S3-164598545,S3-743710063,S3-214400375,S3-793052646,S2-698911011,S2-692276483,S2-461221346,S3-705615961,S2-960861760,S3-791374893,S2-867607931,S3-459513073,S3-483517620,S3-491060922,S2-34692136,S2-578154624,S3-248478301,S3-291291432,S3-211620005,S3-567641244,S2-904896788,S2-835138443,S3-837809926
S1-208167915	S2-820558687,S2-322953932,S2-351820268,S3-883815276,S3-308363101,S2-515239169,S2-695802234,S2-443052151,S2-62605183,S3-986991765,S3-180591822,S3-566251181,S3-79824091,S2-682651194,S3-549175050,S3-245421904,S2-319294609,S3-513841788,S3-766272393,S3-707073473,S3-837852480,S2-453685980,S3-907446075,S2-437750950,S2-380968778,S3-594344696,S3-768437632,S3-919681917,S3-955001772,S3-612408732,S2-599774274,S3-9883630,S3-602637832,S3-629710261,S3-868136936,S3-811274543,S3-205445563,S3-960584274,S3-914942312,S3-738999135,S3-166606494,S2-377433131,S3-493129432,S2-763108962,S3-524155981,S2-548879220,S2-91315392,S2-374880190,S2-838092335,S2-187657273,S3-284980679,S2-271749790,S3-160242769,S3-244157775,S2-513884785,S3-138256593,S2-979426698,S3-956679399,S2-737239660,S2-939955733,S3-130813763,S2-145443719,S2-322442929,S2-929233396,S2-912166723,S2-883831564,S3-59515002,S2-673855598,S3-212209676
S1-420226248	S2-799889107,S3-828431171,S3-36016512,S2-309079448,S2-828684877,S3-791120579,S2-413024226,S3-758700835,S3-457764913,S2-84176606,S3-903324282,S2-241872199,S2-65897181,S2-311198605,S3-971555812,S2-137787594,S2-658373403,S2-804145580,S3-803973742,S3-639203543,S2-613971680,S2-463489454,S2-315681532,S2-952582171,S3-101994016,S3-158647161,S2-486832792,S3-525164347,S2-38429778,S2-831707743,S3-530497743,S2-372005913,S3-699422893,S2-921773883,S2-276266669,S2-898530552,S3-403061431,S3-837558160,S2-811967285,S2-558520054,S2-527586168,S3-445064778,S3-200673596,S3-738693855,S3-329500514,S3-950790378,S2-224250724,S3-319414559,S3-305916675,S2-126103359,S3-724236989,S2-877500295,S3-489684154,S3-940228072,S2-440976546,S3-671486035,S3-889376495,S2-605203906,S3-620241783,S2-970108649,S2-6599540,S2-786883062,S2-945192562,S2-327415674,S2-208005980,S2-445331388,S2-491327048,S2-202810144,S3-355795260,S3-821811355,S3-602281712,S3-301713507,S2-64051496,S2-580571042,S2-959349075,S3-515481893
S1-512080827	S2-389686317,S2-125272768,S2-260970652,S2-255734914,S2-42209756,S2-224032436,S2-953092038,S2-412690582,S2-601724955,S2-407004679,S2-396009333,S2-629543845,S2-411326521,S2-831764006,S3-552485433,S2-709972898,S2-569185594,S2-420514719,S2-558325326,S2-928620819,S2-798620715,S2-766536822,S2-420253722,S2-17296529,S2-878928576,S2-249997299,S2-681568197,S2-498071695,S2-493767286,S2-375938862,S2-164682702,S2-762899428,S2-290655819,S2-463946482,S2-527397027,S2-675230269,S2-196204984,S2-596843805,S2-212070794,S2-30466066,S2-3914789,S2-78967826,S2-669111651,S2-423993573,S2-265591149,S2-930125108,S3-134567258,S2-280128107,S2-91305348,S3-460097622,S2-650444220,S2-112345273,S2-608447496,S2-85794251,S2-209969212,S2-298720419,S2-419461603,S2-841182384,S3-401962497,S2-149173342,S2-779305528,S2-383069541,S2-523657543,S3-872804915,S3-148556735,S2-609895919,S2-546934117
S1-151302070	S3-522146126,S2-131191131,S3-567894712,S3-950660541,S3-410477423,S3-771746675,S2-630932748,S3-381122344,S2-575012895,S3-937259494,S2-912255099,S2-775746080,S3-686073401,S3-453250787,S2-693683430,S2-326438461,S2-170203166,S2-150997100,S2-355895406,S2-956551996,S3-631671911,S3-113992051,S3-344657733,S2-87354174,S3-288469259,S2-329319605,S2-321929205,S3-536524497,S2-719060955,S3-13037893,S2-338853492,S3-222829358,S2-174938246,S3-131000094,S3-437280412,S3-996494780,S3-28736236,S2-979535326,S3-950040650,S2-773170031,S3-574445505,S2-659107686,S3-944925058,S3-526929224,S3-114332830,S2-837652258,S2-434200786,S3-875422967,S2-835761598,S2-291488555,S2-626311342,S3-134229299,S2-394116005,S3-281031640,S2-849400580,S3-582070421,S3-619352752,S2-980724506,S2-482212825,S3-52236811,S3-15424481,S2-974834039,S2-140692983,S3-617366721,S3-466660359,S2-90646300,S3-430250079,S3-957923615,S3-844709529,S2-677361078,S2-257839224,S2-427082891
S1-670025586	S2-768046661,S3-467551879,S2-439786382,S2-133270735,S2-857755271,S2-859754079,S2-49975588,S2-532301142,S3-500600375,S2-868242102,S2-464183193,S2-897714693,S2-454847618,S2-242647966,S3-602646765,S2-91347281,S2-629189951,S3-63830947,S2-283112567,S2-263831667,S2-492404990,S2-616111338,S2-433699752,S2-823771611,S2-185170546,S2-42635997,S2-26787543,S2-523476248,S2-509130817,S2-43051021,S3-384492697,S3-763478361,S2-270113589,S2-938955832,S2-638684729,S2-930991582,S2-543043500,S2-899616853,S2-986178595,S2-809054787,S3-584236583,S2-952973497,S3-87950093,S3-873740810,S2-774775378,S3-112942354,S3-409038554,S3-615900852,S2-291868119,S2-566590421,S2-508857969,S3-230314480,S3-942152201,S3-516911431,S3-260530101,S3-611369340,S2-592324741,S2-100870022,S2-355301462,S2-268505435,S3-997609453,S3-941814505,S2-494717429,S2-251752267,S3-905500478,S2-377809075,S3-504064242,S2-9962270,S3-533545219,S2-409546504,S3-431222930,S2-154655572,S3-954902758
S1-529148390	S2-953491102,S2-394314645,S3-525487007,S3-922415914,S3-42121168,S3-528450542,S2-119583454,S2-607488190,S3-569785778,S3-187938488,S2-534311451,S2-216470228,S3-723262648,S2-865536572,S3-194809064,S2-639006598,S2-153559021,S3-340247852,S2-619412545,S2-925578651,S2-54238568,S3-377764815,S3-222106152,S2-564774066,S3-218388992,S2-435345288,S3-533656816,S2-810781302,S3-159399358,S3-702501606,S2-796328665,S2-577177177,S3-739095295,S3-331765879,S3-296110782,S3-199724223,S2-203207503,S3-158246428,S3-432009123,S3-703801728,S2-409366097,S2-43603543,S2-119346048,S2-884052196,S2-871151022,S2-32251757,S2-802724006,S2-10807480,S2-940397835,S2-641807236,S2-25679689,S2-399093182,S2-329960445,S3-759989225,S2-688579003,S3-363963987,S3-363798480,S2-39687543,S2-205940570,S2-264423020,S2-657373807,S2-588095356,S2-16302762,S2-846776586,S2-219534467,S2-332356681,S2-307447477,S2-734607199,S2-130999021,S2-933304627,S2-506507828,S3-118707874,S2-136484180,S2-48382745,S3-264391391,S3-200333833,S2-165705858,S3-919199226,S3-456462681,S3-342924469
S1-12487330	S3-896786748,S2-313713818,S3-67687930,S3-560260592,S3-23294124,S2-4280429,S2-4270152,S2-168525681,S2-192955479,S2-843819916,S2-731215113,S2-471852141,S3-19799772,S2-618153978,S2-777164404,S2-337412204,S2-847074664,S2-629103832,S2-341124944,S2-11775502,S2-399683520,S2-992500269,S3-56443476,S2-916621994,S2-669202712,S2-268504009,S2-433680239,S2-719841911,S2-453569170,S2-29355178,S2-956520344,S2-544919380,S2-850940783,S2-801242513,S2-424081386,S2-711369792,S2-117077151,S2-89438839,S2-578214121,S2-128570081,S3-821024471,S2-680572757,S2-860247860,S2-99317358,S2-193897228,S3-453734481,S2-257268400,S2-261299810,S2-991014361,S3-479951955,S2-465280450,S2-380065837,S2-842757607,S2-128766509,S2-252689409,S2-720822553,S2-434043362,S2-324630156,S2-64693641,S2-330417075,S2-222548904,S2-954814329,S2-454998902,S2-893465401,S2-350661367,S2-56915992,S2-630422900,S2-284253457,S2-768327585,S3-295741124,S2-934798050,S3-848791422,S2-765997244,S2-112512180,S2-923853202,S3-15352348,S2-376791375,S3-196012968
S1-831133424	S2-67955551,S2-551923886,S2-916399099,S3-396636859,S2-61146975,S2-670453243,S3-700506307,S2-986167,S2-580245717,S2-146317358,S2-672998743,S2-251562738,S2-748651337,S3-159732193,S2-425861261,S2-371523403,S3-300199283,S3-122783366,S3-464507572,S2-558726365,S3-792953517,S2-836128514,S2-992609179,S2-211389639,S2-805403839,S2-440922697,S3-514327405,S3-794294478,S2-952776592,S2-199384569,S3-713023240,S2-663347887,S2-259456623,S3-530107911,S3-89576795,S2-161949377,S2-439716521,S2-921287883,S2-226723616,S3-340496424,S3-429327876,S3-997666361,S3-111987580,S2-70506128,S3-187275125,S2-595463806,S3-530889011,S3-106979238,S2-978466439,S3-347301423,S3-939973399,S3-520264715,S2-470511165,S3-382078141,S2-973866863,S2-113656688,S2-220633560,S3-275103194,S3-362473163,S3-627157676
S1-671445253	S3-809797431,S2-159918016,S2-395312910,S2-288218581,S2-112034896,S3-316363684,S3-85512254,S3-655835458,S2-382356164,S3-85882868,S2-995218951,S3-452274171,S2-972089372,S2-264172545,S2-694826247,S3-194159193,S3-688126813,S2-510303482,S2-516510975,S3-154084109,S2-318095919,S3-175283127,S2-72176804,S2-361289750,S3-118572649,S2-920816175,S3-491011671,S3-366651111,S2-393592371,S2-701405937,S2-427963706,S3-493384193,S2-443874498,S3-521331367,S2-988430985,S2-5273227,S2-174357219,S3-618844063,S2-385026574,S3-288744722,S2-651088719,S3-852338985,S3-35368045,S3-774874979,S3-96218574,S3-778439621,S3-12222811,S3-538117808,S3-361549993,S3-381233229,S3-764565144,S2-864311044,S2-717520985,S3-650481318,S3-196501793,S3-626915897,S2-78329838,S2-63398509,S3-620460615,S3-896253313,S3-1169489,S2-604196599,S3-911530348,S3-93704936,S2-56744275,S3-292280912,S2-286419407,S2-719465063,S3-757373467,S3-152773813,S3-391682344
S1-700600281	S2-161990650,S3-71120317,S2-416268732,S3-527980140,S2-135134621,S2-794881208,S2-973522132,S2-423147414,S2-216961634,S2-529806504,S3-977705623,S2-29656236,S2-783194949,S2-625403313,S2-203052206,S2-879167296,S3-529544557,S2-640028367,S2-878581775,S3-386615674,S3-166069742,S3-890074162,S3-807049527,S3-220289625,S3-308769591,S3-392722000,S2-613120214,S2-748528639,S2-79035894,S3-53047439,S2-500473929,S2-851237682,S3-318533198,S3-332442975,S2-498873401,S3-525141522,S3-910389077,S3-523213591,S2-725822393,S2-760038969,S2-795182490,S3-777601753,S2-200472231,S2-916583522,S3-497558434,S2-568849849,S2-709100721,S2-304218820,S2-621216422,S3-888638599,S3-474456841,S3-416325554,S3-157026068,S3-378428998,S2-713257136,S3-527286848,S3-377754292,S2-496701813,S2-22273375,S3-567135485,S2-5759911,S3-781739116,S2-458233207,S3-177365809,S2-999360955,S3-361450213,S2-72658714,S2-899871813,S3-323526977,S2-607666338,S2-138557236,S3-368129939,S2-491385985,S3-655358213,S2-425783897,S3-106242811,S2-544476768,S2-535128333,S2-532040823,S2-554757929
S1-857022301	S2-531223664,S2-426945415,S3-351579642,S2-65769840,S2-320766396,S3-984874356,S2-656496226,S2-82087450,S2-922159873,S2-10768566,S3-812269101,S2-278700865,S2-185654339,S2-601193432,S2-346374689,S3-886467219,S3-60366007,S3-463562829,S3-303070200,S2-349983374,S3-894367474,S3-499028395,S2-677364635,S3-313050820,S2-74715217,S3-901187536,S2-862492525,S2-418229731,S2-527468510,S3-249515769,S2-554014950,S3-992026981,S3-229077036,S2-36616552,S2-196668169,S3-95412500,S2-693555245,S2-267713360,S2-463328655,S2-608591729,S3-889130791,S2-116936165,S2-993210814,S3-533746016,S3-578527535,S2-244788560,S3-545038868,S3-551218765,S3-327001743,S2-803740918,S2-739298630,S3-951785635,S3-919432593,S2-761924464,S2-677813132,S2-196623342,S2-307241724,S2-952137689,S3-692891401,S3-10180366,S3-169213218,S3-790715409,S3-254519762,S3-771548807,S3-328073079,S3-596446283,S2-200472231,S3-682561420,S2-428779057,S3-229367095,S3-528663759,S2-676028389,S3-308244213,S2-310904470,S3-299388656,S2-759175669,S2-593080732,S3-775178005,S3-648976921,S3-827946228
S1-64140802	S2-39596321,S3-193418231,S3-95390358,S3-259234229,S3-922971635,S2-119405191,S2-918431235,S2-376394893,S3-418373158,S2-419347452,S2-960532786,S3-194809064,S3-439775969,S2-307909074,S3-797702803,S3-476257627,S3-317811129,S2-592451662,S3-53298023,S3-525812742,S3-311994751,S3-242723135,S2-639652448,S3-202227523,S3-366052718,S3-788181339,S2-646848910,S3-289033307,S2-91197868,S3-788769611,S2-362079816,S3-421438703,S2-406001721,S3-457998430,S2-962814088,S3-429937583,S2-335343765,S2-184248265,S2-695511383,S3-78868869,S2-62300552,S3-378548845,S2-591056455,S2-918713224,S2-184650944,S2-839335978,S3-805414874,S3-364978925,S3-402700961,S3-114044421,S3-285920914,S2-903013278,S3-840593532,S3-548847351,S3-409998509,S2-311492520,S3-802676977,S2-983223312,S2-838725309,S2-943233024,S2-755538684,S3-483995612,S3-624248080,S3-452592906,S3-963971085,S2-915019075,S3-946988556,S3-175242482,S2-260325444,S2-391155160,S3-712777434,S2-266309603,S2-551976606,S3-78959740
S1-690449852	S3-42450799,S3-668165333,S3-471340724,S3-783837796,S3-888478073,S2-306208206,S3-231152901,S3-33468885,S2-905395948,S2-910212980,S2-650477073,S3-577677531,S2-146711048,S3-311070982,S3-183688700,S3-950660541,S2-298211808,S3-410477423,S3-233539987,S3-786481874,S3-575983604,S2-75150479,S2-868438350,S3-383908470,S3-847070953,S3-408245874,S3-798141686,S3-164623100,S2-191430445,S3-232578684,S3-771746675,S3-729829371,S3-827930527,S3-79960308,S3-633833440,S3-764890549,S2-884573970,S2-126909224,S3-494531521,S3-672718307,S3-395286348,S3-392725175,S2-90086595,S2-614419941,S2-373136274,S2-277455055,S2-192761335,S3-328203524,S3-60189393,S2-679565315,S2-415374456,S2-755179172,S2-709605576,S2-557528895,S2-597436861,S3-43427741,S2-134126334,S3-291900108,S3-693060685,S2-836965213,S3-699184135,S3-616225586,S3-93973257,S2-517910473,S2-406116199,S2-489811151,S2-101635878,S2-871821062,S2-959446760,S2-588189324,S3-601724242,S3-224133928,S2-3608092,S2-846047154,S2-858071200
S1-391697975	S2-69852428,S2-373262251,S2-739706845,S2-760323383,S2-56631800,S2-653279267,S3-172940292,S2-467149347,S2-436120738,S2-176002847,S2-879959263,S3-118863928,S3-54457162,S3-858587968,S3-555818589,S2-673651545,S2-691446922,S2-145269216,S3-552433034,S3-359930838,S2-991258454,S2-858623443,S2-643584373,S2-487582639,S3-102569660,S2-621519915,S2-167300951,S2-220440977,S3-175979786,S3-621212482,S2-90682936,S2-786117872,S2-177918546,S2-439310615,S3-31315693,S2-488384040,S2-972355763,S2-618127393,S2-194166943,S2-354412170,S3-62564494,S2-679190243,S2-798299507,S2-129689784,S3-140571110,S3-584203683,S3-603744101,S2-437548135,S3-997609453,S2-399052000,S3-74072390,S2-409645681,S3-449397319,S3-649081862,S3-521812934,S3-576518467,S2-951429204,S2-818155635,S2-992821766,S2-568882672,S2-754574197,S2-77494747,S2-729433636,S3-892784472,S3-35190548,S3-739267484,S3-431111017,S2-855831597,S3-388294428,S2-82777533,S2-362503507
S1-486510827	S2-868242102,S3-811047362,S2-124970234,S2-70520887,S2-307119673,S2-233646850,S2-111641611,S3-73911389,S2-638286465,S2-834658089,S3-181107540,S2-807304224,S2-808110183,S3-795148651,S2-662311921,S2-439786382,S3-671887696,S2-839466221,S2-754643587,S3-497054500,S3-278620035,S2-857755271,S2-133270735,S3-194470425,S2-335692422,S2-214087576,S3-858429127,S3-429937583,S3-149811500,S2-859754079,S3-671016721,S2-960750480,S2-858071200,S2-924843202,S2-58626813,S3-803013209,S2-538378157,S2-26182352,S3-649034504,S2-156838453,S3-859986008,S3-568534384,S2-223493773,S3-333584521,S2-151236622,S3-734848611,S3-474734451,S2-81518288,S2-392982714,S3-314980890,S3-870213820,S2-576828016,S3-385727053,S2-13109699,S3-948092600,S3-729568466,S3-312487538,S2-788371257,S2-978286724,S2-403979359,S2-612587983,S3-610138464,S3-62710162,S3-699826175,S2-175302726,S2-779058965,S3-515787029,S2-170801437,S2-913050438,S3-335775824,S2-338230099,S3-817291728,S3-754336317,S2-652896523,S3-184626057,S2-975827141,S2-761644899,S2-764704239,S2-265702896
S1-516705356	S2-906913666,S2-370549501,S2-599925857,S3-47199297,S2-620235632,S2-533076862,S3-539569476,S2-925829578,S2-876762695,S2-316590073,S3-695799599,S2-154972975,S2-997050752,S3-80790450,S2-782226973,S2-334268331,S2-586167393,S2-43518673,S3-985263434,S2-204845442,S2-684260787,S2-371200780,S2-436225620,S3-880036795,S2-156690878,S2-480847030,S2-654330425,S2-449962028,S2-493703998,S2-557690992,S2-559168487,S2-812330094,S2-890507415,S2-520303819,S2-365822846,S2-14478748,S2-160530551,S2-516828347,S2-152391468,S2-308808169,S3-997393049,S3-730243990,S3-373339232,S3-124238386,S2-720481070,S2-855854021,S3-574098164,S3-41937050,S2-715905554,S2-400177131,S2-948689170,S3-123569279,S3-17161672,S2-675596020,S2-727779415,S3-571064029,S2-842179113,S2-841806453,S2-777642350,S3-949828523,S3-956828939,S2-469592381,S2-791353032,S2-689599466,S2-852760032,S3-231817829,S2-198163085,S2-593955926,S2-949646028,S2-734607199,S2-843074723,S3-1897397,S2-147418558,S2-244004800,S2-856751406
S1-275228042	S3-496739837,S2-173714131,S2-292607827,S2-770231303,S2-916507935,S2-339962968,S2-585949528,S2-304991340,S3-3788020,S3-53758355,S2-329649493,S2-395125869,S2-587629325,S3-936010488,S3-13047096,S3-781591567,S3-1953402,S3-782675642,S2-805898113,S2-73372129,S3-124809816,S2-647893179,S2-567028491,S3-724986984,S2-968968467,S3-737258794,S3-296739093,S3-210567387,S2-119947975,S3-371084039,S3-734865917,S3-581501509,S3-761604903,S2-951469456,S2-336381346,S3-66751718,S3-352014904,S3-434473486,S3-296129018,S3-726777179,S2-152334398,S3-702403754,S3-932408765,S2-145204119,S3-272683622,S2-779938874,S3-911780569,S3-354306550,S3-401550925,S3-247345100,S2-346814650,S3-501362181,S2-231087677,S2-427764935,S3-39992114,S2-394645988,S3-535518513,S2-359249917,S2-309008061,S2-247610312
S1-612138552	S2-954855741,S3-17282967,S3-440832246,S2-876392786,S2-107431015,S3-565305139,S3-160080199,S2-266093310,S3-20935600,S2-656300155,S3-136167176,S2-818150166,S2-73570850,S3-581397002,S2-667299879,S2-926754473,S3-523114383,S2-389098513,S3-907398901,S2-146369582,S3-305368217,S3-872352971,S3-78243064,S3-320786466,S3-301086951,S3-102847807,S3-937127288,S2-568026075,S2-280282431,S3-754144700,S2-221207817,S3-501834686,S2-717904370,S3-775559829,S3-844409163,S2-203263860,S3-772088670,S3-438099214,S2-45071914,S3-889875675,S3-203087862,S3-31437369,S3-833434318,S2-447271545,S3-588266277,S3-116952809,S3-362979068,S2-813611214,S3-576067545,S2-578732837,S3-455947037,S3-815019992,S2-734607199,S3-620801230,S2-281593002,S3-292435294,S3-526022927,S3-364025619,S3-484589045,S3-20374768,S3-898875445,S3-475226933,S2-60604464,S2-285242955,S3-734814658,S2-156725250,S3-40830246,S2-970808601,S3-809690441,S2-704142395,S3-73898662,S3-450792224
S1-571214733	S3-242267690,S2-571873122,S2-306843143,S2-380211857,S2-424327410,S2-384250584,S2-757604247,S3-712818637,S3-651093772,S3-282960968,S3-927142889,S3-440653471,S2-710602722,S2-20892761,S2-179179765,S2-785910980,S2-801339480,S2-44151562,S3-419633719,S2-990215513,S2-638282892,S2-819637932,S2-405896331,S2-569729398,S3-743973922,S2-779072102,S2-487220590,S2-180454816,S2-814617660,S2-196370555,S2-877023855,S2-702172002,S2-203588809,S2-232788938,S2-375093745,S3-123468324,S2-400222753,S2-538742745,S2-716183213,S2-732042823,S3-987715758,S3-652361770,S2-577135188,S3-564542948,S3-280499764,S3-90821650,S2-677910522,S2-437101729,S3-703016733,S3-210240396,S2-695241308,S2-320169250,S3-151190520,S2-503846495,S3-700451563,S3-463576917,S3-421957762,S2-792754965,S2-633905411,S2-700570155,S2-663014996,S3-793915892,S3-776127019,S2-30363106,S2-14302008,S3-77164116,S3-835604978,S2-38762080,S3-633449647,S2-317710972
S1-906686327	S2-44162524,S2-877023855,S3-208687013,S2-232919517,S2-884900770,S2-638436732,S2-281161055,S2-905940683,S2-4096548,S2-728096951,S2-454752436,S3-938178581,S2-181038411,S2-561871104,S3-547026111,S2-816086439,S3-316039083,S2-490930194,S3-646798229,S2-226306885,S3-908028740,S3-560637906,S3-557974958,S3-382713933,S2-690363589,S2-678010031,S2-680697913,S2-742736490,S3-110965025,S3-991259188,S2-88896002,S2-268006714,S2-693793327,S2-252912951,S3-656956737,S2-619522457,S2-597985083,S3-996415046,S2-220596390,S2-833881184,S3-524689533,S3-15862184,S3-638470146,S3-567073584,S2-854590041,S2-828822390,S3-784363146,S3-450420344,S2-811223633,S2-34486188,S3-346689917,S3-723376214,S2-122642639,S3-519267557,S3-703192708,S2-793955150,S2-129176344,S2-963162395,S2-353071352,S3-521137702
S1-939880982	S2-398574724,S2-620938581,S2-153331897,S3-444450554,S2-379970503,S2-859924222,S3-457590876,S3-925882403,S2-899911587,S3-581695856,S3-914439034,S2-614260033,S3-61481965,S2-395211680,S3-865121255,S2-279099885,S2-633643020,S3-569225325,S2-796833976,S2-537775011,S3-254851595,S2-934108375,S2-689095179,S3-832878662,S3-747655762,S2-574605032,S3-99405285,S2-576739598,S3-510778048,S2-11832470,S2-684927326,S3-541815091,S2-319769532,S3-191558081,S2-373151226,S2-435164614,S3-935209369,S2-816576858,S3-433464024,S3-15422768,S3-543704731,S3-291224350,S2-714893630,S2-759501371,S2-856059764,S2-768521689,S2-931612189,S2-539203547,S2-532740069,S2-646799429,S3-732494878,S3-462750581,S2-546554595,S3-890526960,S2-347767217,S3-647786487,S3-273026124,S2-697687581,S3-317675580,S3-680750249,S3-658281338,S3-305916675,S3-496466299,S2-315193036,S3-781401026,S2-711874435,S3-825208927,S3-280707354,S2-978200106,S3-610069462,S2-408271957,S2-891013305,S2-728395511,S2-193220036,S3-196085564,S3-608288581,S2-976905666,S3-51616369,S3-698776194,S3-383316097
S1-60980827	S2-291198685,S2-532776476,S2-21859479,S3-382298099,S2-667608628,S3-19569180,S3-947182627,S3-47772587,S3-866005110,S2-612206634,S3-926920977,S2-107278558,S3-960590210,S2-86980319,S2-923469909,S3-248182498,S2-704773714,S2-269215494,S3-881886715,S3-402527005,S2-798074808,S2-687002698,S2-110723112,S2-339090107,S3-190169384,S2-979372621,S3-957440190,S2-369692651,S2-95741945,S3-664799318,S2-139611348,S3-748366847,S2-471008413,S3-548133559,S2-810843780,S3-40963885,S3-839662488,S2-360831214,S2-496382829,S3-246375387,S2-83700488,S2-218871594,S3-413671146,S2-208780876,S2-896277824,S2-65975454,S2-327312740,S3-235777340,S3-145689028,S3-397909915,S2-295316973,S3-199724223,S3-657455439,S3-10496426,S2-621187256,S3-618378574,S3-901131935,S2-699399073,S2-466142484,S2-726754341,S2-346798245,S2-142094126,S2-369145556,S2-347346423,S2-554373369,S2-588726178
S1-476385483	S3-329834424,S2-948116290,S2-976704268,S3-83587149,S3-225828108,S2-746271686,S3-27774861,S3-757768482,S3-932778223,S3-147388550,S3-514679089,S3-640811333,S2-417315771,S2-818799823,S2-6559339,S3-707756995,S2-95822029,S2-51304489,S2-380542443,S3-197509359,S3-723782835,S3-132907317,S3-279598098,S2-471338858,S2-263087763,S3-664385456,S2-587945736,S2-833900025,S3-391682344,S3-549642867,S2-469139563,S2-436041396,S3-976237098,S3-505583791,S2-662221399,S2-583759683,S3-517031274,S3-492106168,S2-206032485,S2-802999298,S2-481532062,S2-522433697,S3-138828927,S2-283750653,S2-375183247,S3-40564334,S3-871260267,S2-907475289,S2-156093298,S3-188349519,S2-393066864,S2-568772906,S2-104584185,S3-200112702,S2-252359061,S2-845708664,S2-154862649,S3-826304715,S3-957011055,S3-886496073,S2-849557641,S3-766100811,S3-870277213,S3-765550891,S2-217549440
S1-359497386	S2-681568197,S3-949409047,S3-548236289,S3-434583741,S3-566328140,S2-766536822,S3-636354917,S2-420253722,S2-249997299,S2-290655819,S2-914904844,S2-164682702,S2-569185594,S2-364774015,S2-928620819,S2-212070794,S2-527397027,S2-30466066,S2-736697077,S2-878928576,S3-683177627,S2-252828645,S3-352467767,S2-943392524,S2-91377268,S2-850598644,S2-965389616,S3-263487275,S3-382544252,S3-134332125,S2-196204984,S2-277904285,S2-498071695,S3-24248815,S2-407004679,S2-954486837,S2-311100027,S2-711262370,S2-189506643,S3-121167412,S3-13842655,S2-528833510,S2-3523097,S2-563604175,S2-954891628,S2-95138028,S2-118442065,S2-275795730,S2-413012135,S3-647579160,S2-371334655,S3-109205057,S2-978715817,S2-959053804,S3-284561873,S2-476068969,S3-781951483,S2-819424059,S2-274167062,S2-518314314,S2-955080414,S2-651876453,S2-75708841,S2-997019475,S2-129011772,S2-845469988,S2-455750535,S2-458402303,S3-19799772,S3-652407189,S3-979083338,S2-98527511,S2-856227539,S2-930060775,S3-305514458,S3-500420277,S3-456681564,S3-928585954,S2-200881523,S3-322476420
S1-791947968	S3-206371434,S2-697434125,S2-785087939,S2-498275337,S3-863845480,S3-315750790,S2-700914546,S3-505544021,S3-755505402,S3-969895633,S2-396200717,S3-437768553,S2-651842132,S2-556478783,S3-797690762,S2-528833510,S2-225448085,S2-426292802,S3-904117438,S2-161476122,S2-56631800,S3-918357967,S3-408433636,S3-910334346,S2-806084850,S3-657605635,S3-597480115,S2-778554179,S3-241610515,S2-675300764,S2-68061385,S2-938955832,S2-436120738,S2-643584373,S2-173066056,S3-883912304,S2-537012585,S3-783640884,S3-683215378,S3-555894869,S3-60818006,S2-316935854,S2-534350999,S2-360020259,S2-281967867,S2-107651401,S3-712868415,S2-30070361,S2-566796445,S2-984197824,S3-772450261,S2-737265086,S3-730441102,S3-194715492,S3-724994373,S3-579084575,S2-247327801,S2-219409410,S3-798582592,S3-665288219,S2-675076934,S3-635741056,S3-966813860,S2-166629328,S2-615742370,S2-285404524,S2-882591764,S3-562748187,S3-729419440,S2-408707679,S2-42209756
S1-2106291	S2-589300359,S3-932258720,S3-432970517,S3-821516081,S3-776723844,S2-834060510,S3-865042536,S3-522370920,S2-804627671,S2-532094229,S2-739974545,S2-434190410,S2-835441368,S2-391178953,S3-320911135,S2-324630156,S3-565929063,S2-312712559,S3-349969154,S3-632448342,S3-69103552,S3-491878697,S3-654183173,S3-574063486,S2-704751152,S3-588153141,S3-148565110,S3-952801249,S3-822401103,S2-738000099,S3-968883354,S3-570627373,S3-996327344,S3-312980691,S2-694875222,S3-377335510,S3-873719503,S3-278259456,S3-217991084,S2-837831644,S3-454804797,S3-499797239,S2-521879965,S2-460054572,S3-684156557,S2-699928990,S3-745376778,S3-879648263,S3-216873377,S3-423665047,S3-646498676,S3-75360243,S3-279595004,S3-585874977,S3-762878761,S2-243072146,S2-646773632,S3-964376706,S2-168315855,S3-837125947,S2-802947478,S3-794259282,S2-118742548,S2-770945909,S3-891667681,S2-866768357,S2-305506065,S3-918635551,S2-322572039,S2-332762414,S2-635438277,S2-955922218,S3-57307014,S2-405705388,S3-645492944,S3-592073516,S2-564105006,S3-469461055,S3-797015637,S3-386075785
S1-802762694	S2-971143816,S2-495865295,S2-577656845,S2-965724160,S2-376450266,S2-637401802,S3-631981937,S2-445099411,S2-891435496,S2-859323863,S3-907516692,S2-692359099,S2-533036042,S2-691378567,S3-241945560,S2-734113039,S3-581438853,S2-593694466,S2-604036850,S2-984047943,S3-124043368,S2-439707865,S2-821987246,S3-130033452,S2-462402897,S3-899390918,S3-277340470,S2-319012131,S2-743251605,S2-680693329,S2-154682950,S2-238905996,S2-541570442,S2-476714949,S2-838291969,S2-535161025,S2-262041254,S2-557528895,S2-325609326,S2-558364793,S2-221371541,S3-297908514,S3-462743718,S2-478459734,S2-921586557,S2-247871764,S2-991399200,S3-626455389,S2-521614368,S2-535154938,S2-776555963,S2-983223312,S2-367270705,S2-525109734,S3-56085368,S3-869062204,S2-23376011,S3-450295076,S3-660756657,S3-436364572,S3-831259600,S2-11520784,S3-86683083,S2-88803418,S3-406589904,S2-255381665,S2-145424029,S3-738616552,S2-570393295,S3-5094068,S3-354369786,S2-770108587,S2-450579139,S3-634795316,S3-831060229
S1-763758768	S2-267819172,S2-449746137,S3-79694992,S2-642831788,S3-996212456,S2-326452995,S3-896696130,S3-68741281,S3-383378667,S2-476199841,S2-915040229,S3-643067624,S2-926723118,S3-128523734,S2-529564805,S2-457978289,S3-750376479,S3-963851783,S3-293277310,S2-604647219,S2-242367010,S2-859924222,S2-985866585,S2-793779186,S2-261186003,S2-968205051,S2-943707831,S3-421347014,S3-371631390,S3-466660359,S2-900162975,S3-640944500,S2-473860513,S2-152261799,S3-725914220,S2-263930722,S3-590920302,S3-75956123,S3-143201255,S2-754417961,S2-562497096,S2-4551200,S2-790623025,S3-577898068,S3-750305009,S3-863974230,S3-51481346,S3-495647011,S3-353662756,S3-318842620,S2-161930586,S3-896915130,S2-69604314,S2-847896531,S3-444127153,S3-206645778,S3-360351514,S3-594152583,S2-862213772,S2-146095676,S3-657222970,S3-683008637,S3-395379360,S2-18124353,S3-563661448,S2-146480855,S2-79504975,S3-915225553,S3-245487987,S2-968677134,S2-195306891,S3-471077518,S3-571413644
S1-368557784	S2-168721702,S3-349303403,S3-862165029,S2-998537564,S3-484589045,S2-184632934,S2-360326943,S2-995992400,S2-896906344,S2-355436990,S2-818675935,S2-121603435,S2-513884785,S3-986609948,S3-293668092,S2-295054616,S3-122238700,S3-133877792,S3-32613925,S3-962731610,S3-998997151,S2-507453560,S3-662100607,S2-358237238,S3-10496426,S3-615820188,S2-347967135,S2-532582911,S3-590978135,S2-231485965,S2-148683077,S2-443661008,S2-459758045,S3-223421919,S2-40793981,S2-998981400,S3-846114796,S3-672433779,S3-126821801,S2-25707741,S2-508328321,S3-359713624,S2-133887588,S2-631410361,S3-850241907,S3-206518201,S3-324595359,S2-111528223,S3-261668341,S3-932184465,S2-677076393,S2-217491248,S3-856345263,S2-69730118,S2-454388173,S2-808414800,S3-99610340,S2-20456380,S2-223072345,S3-591403999,S3-792374244,S2-489103612,S3-48755040,S2-668860670,S3-34448397,S2-22700931,S3-547868100,S3-878882119,S3-741559976,S3-710642874
S1-801306682	S2-952284985,S3-141322609,S3-983053990,S2-249019590,S3-82976575,S3-709470866,S2-811215096,S3-422117758,S2-842179113,S3-635335185,S2-345943087,S2-14478748,S2-15124501,S2-802084293,S2-211478570,S2-160530551,S2-656668371,S2-155487435,S2-824704489,S3-54081699,S2-502732830,S2-856751406,S2-704779076,S2-603584559,S2-831727467,S2-147361137,S3-268251733,S2-638291053,S2-768125352,S2-748875161,S3-551079246,S2-915769300,S2-668588671,S3-646337742,S2-546357215,S3-366203679,S2-452544732,S2-99318091,S2-43826943,S2-344657735,S3-47199297,S3-409981870,S3-906991951,S2-66036729,S2-764238608,S3-586972385,S2-12197952,S3-328017872,S3-655984170,S2-168360873,S2-188648672,S2-937234624,S2-748478617,S2-545769155,S2-997610957,S3-312407101,S3-339158005,S2-389898646,S2-300771253,S2-404852989,S3-578079421,S2-652540045,S3-269830465,S2-522998954,S3-28751085,S2-122257855,S3-295331257,S2-259268481,S3-996344923,S2-119646361
S1-910150597	S2-302828791,S3-241945560,S2-965724160,S2-691378567,S3-414922290,S2-637401802,S2-455800310,S2-445099411,S2-859323863,S2-604036850,S2-891435496,S2-821987246,S3-907516692,S2-154682950,S2-72265217,S2-439707865,S3-758193626,S2-96201753,S3-899390918,S2-984047943,S2-577656845,S2-593694466,S3-403555323,S2-147503407,S2-533036042,S2-262041254,S3-130033452,S2-434836653,S2-476714949,S2-495865295,S2-325609326,S3-581438853,S2-144785112,S2-319012131,S2-650216158,S2-376450266,S3-301674901,S3-264491199,S2-456440520,S2-541570442,S3-816133455,S3-963595805,S3-51647159,S3-890861575,S2-262944880,S3-968483077,S3-584191562,S3-840123583,S2-117695035,S2-952083916,S3-672957728,S3-396256962,S2-381289740,S2-768958764,S3-199058879,S3-593842190,S3-57986897,S3-203891072,S3-652396445,S2-758145635,S3-908726689,S3-704309073,S3-954891276,S3-785637439,S2-535571129,S3-171901473,S3-395865432,S3-971391621,S3-105220328,S2-835675172,S3-975661553,S3-498871469,S2-591507632,S3-117281835,S2-916892911
S1-204397870	S2-928516909,S3-300051627,S3-409719365,S2-431387186,S2-773103009,S3-857402779,S2-706168001,S2-803730470,S2-244847722,S2-617467150,S3-355991253,S2-389164794,S2-681791787,S2-948143014,S3-150842200,S2-473997285,S3-969267220,S2-231526745,S3-98716651,S3-36836579,S2-16395748,S3-338126332,S2-561480007,S3-91917243,S2-52579303,S3-654960748,S2-979707267,S3-988481735,S3-873288855,S2-352871950,S3-664577720,S2-574162671,S3-525531939,S3-722604042,S3-269216249,S2-666819008,S3-340746469,S2-835256551,S3-315325807,S3-790161257,S3-257771188,S3-793944116,S2-245709451,S3-143707962,S2-472204730,S3-773459318,S3-699409335,S2-764795245,S3-212356144,S2-507382767,S2-676618776,S2-538025285,S3-919432593,S2-124173627,S3-903690137,S3-100746948,S3-892801829,S3-791231982,S3-889376495,S2-866917864,S2-782424753,S2-467499109,S3-692891401,S3-282476865,S2-709337610,S3-904910176,S2-413853158,S3-781484477,S3-189746730,S3-43233041,S2-841303459,S3-300949770
S1-853669737	S3-811886894,S2-995265148,S2-44909703,S3-776173791,S2-507152626,S2-957978733,S3-733581430,S2-677328882,S2-45298930,S3-157530129,S2-615699530,S2-214158312,S2-917032712,S3-955025669,S2-300247037,S3-583114889,S2-405414228,S2-144866274,S2-157987493,S3-306330459,S3-513599163,S2-691633172,S2-478352157,S2-880973204,S2-133588971,S2-75752139,S2-196814612,S2-561143822,S3-418483324,S2-614113669,S2-141176785,S3-94547261,S3-214982325,S3-536659198,S3-402925234,S2-213953463,S3-379216455,S2-763508752,S2-580007136,S2-934896342,S2-557463350,S3-331155248,S2-655077376,S3-965711233,S2-478863157,S3-705554049,S2-650444220,S3-130723912,S2-820893995,S2-190127611,S2-977502186,S2-812083735,S3-126371567,S2-850846611,S2-588017147,S2-813475951,S2-652247214,S3-401962497,S3-491778323,S2-778585048,S3-384579283,S2-420514719,S3-677126552,S2-474924251,S2-130959842,S2-830807133,S3-962586492,S2-590355096,S3-445077695,S3-487141031,S3-911257472,S3-158247675,S2-3914789,S3-960751450,S3-896872183,S3-988343928,S2-663738981
S1-170998977	S2-291350345,S3-690718272,S2-245709451,S2-104808412,S2-208176923,S3-773459318,S2-425783897,S3-770252007,S2-598194276,S2-665866861,S2-921362349,S2-786330470,S3-69281687,S2-315748202,S2-178377557,S2-486544829,S2-769630242,S3-166069742,S2-582849670,S3-771684747,S2-386655336,S2-868621317,S3-27816546,S3-448458461,S2-932096839,S2-961831447,S3-379935154,S2-672736825,S3-695022146,S2-265295979,S2-313683080,S3-576228651,S2-631006429,S3-826974531,S2-231258333,S3-505359313,S3-866540831,S2-150465857,S2-422894611,S3-592768828,S2-294788791,S2-359820757,S2-386433432,S2-976504304,S3-549997407,S3-252578992,S2-547859055,S3-241426256,S2-424560120,S2-843418679,S2-187171602,S2-223794998,S3-302408550,S3-669068505,S2-5190986,S2-265754056,S3-689191660,S2-645329206,S3-463960183,S3-25348106,S3-644247647,S2-85982908,S3-492732724,S3-553151404,S2-464343356,S3-823972833,S2-380211857,S3-710302052,S3-49120434,S3-696313980,S3-178246690,S2-113537245,S2-872703304,S2-430323540,S3-869962613,S2-570333670,S3-820242346,S2-341140212,S2-247649261,S2-838624788
S1-72369296	S2-954007911,S3-287498284,S3-259839181,S2-236463655,S2-156838453,S2-381589500,S2-772408156,S3-754336317,S2-205614877,S3-999365314,S2-167418130,S2-230424122,S2-409366097,S3-847560500,S3-620046221,S3-777608726,S2-846776586,S2-25417309,S2-969077372,S3-830999183,S3-716727930,S2-413021156,S2-794415261,S3-220080021,S3-494283756,S2-150882117,S3-804087216,S2-515166887,S2-43603543,S2-448656033,S3-746110253,S3-173474623,S3-44854787,S3-542942026,S3-10186687,S3-946323575,S2-709956796,S2-907395422,S2-635838963,S3-811047362,S3-271653509,S2-682024095,S2-602152797,S2-933304627,S2-911275091,S2-413295247,S3-850384342,S3-528376909,S3-303596559,S3-509927511,S2-269215494,S3-835902343,S3-455084774,S2-167206756,S2-629922608,S2-994500979,S2-146498176,S2-124731202,S2-93196961,S2-167222374,S3-177655802,S3-861831312,S2-421540927,S3-33315235,S3-625208309,S3-832894036,S2-32251757,S2-184084108,S2-140136673,S2-303425873,S3-248484936,S2-643271638,S2-120215656,S3-709759991,S2-379300554,S2-571416279,S2-503356267,S3-304310635
S1-114279394	S2-364896118,S3-354900335,S2-665500858,S2-680693329,S3-725573802,S3-257577399,S2-589049536,S2-762443405,S3-510494393,S2-291380996,S3-625525987,S3-826943273,S3-716216413,S3-207950330,S3-987366837,S2-397175355,S3-39103845,S3-586806823,S2-898346697,S3-637307723,S2-566458591,S3-657766722,S2-525338352,S3-404183632,S2-27087381,S2-715235185,S3-571534712,S2-626806799,S2-386970348,S2-331672026,S3-123617246,S2-415182544,S3-225091963,S3-791716293,S2-425477759,S3-700082209,S3-879343619,S2-813054624,S2-804111647,S3-929017168,S3-625190900,S3-945579013,S3-513246979,S2-388371145,S2-243351909,S2-309346563,S2-240824486,S2-512392700,S2-485129405,S2-940168186,S3-923722574,S2-239516412,S2-161217540,S2-560820371,S3-901187536,S3-308907091,S2-374123528,S3-384200205,S2-30315919,S2-181724230,S3-184608202,S2-870854431,S2-171161046,S3-907133423,S3-469445385,S2-512370199,S2-177890824,S2-784627496,S2-656605858,S2-998447071,S3-464840304,S2-560762978,S2-898649100
S1-558634684	S3-817305845,S3-219461059,S2-705380566,S2-263163004,S2-337412204,S2-698375843,S2-60794651,S3-90522604,S2-498492409,S2-15488460,S2-857701760,S2-35453945,S2-491262611,S2-697307611,S2-992199248,S2-738411676,S2-565491308,S2-128570081,S2-730208329,S2-659060419,S2-169037846,S2-824625824,S2-902760758,S2-498530785,S2-304461331,S2-623738605,S2-3261389,S2-846422993,S2-202171037,S2-14004517,S2-761644899,S2-701586058,S2-764817782,S2-873059596,S2-257215340,S2-283816870,S2-257268400,S2-409818790,S2-565630297,S2-721330697,S3-495382572,S2-70148765,S3-947459164,S2-844463416,S3-205207709,S3-299984914,S2-237466484,S2-222791096,S2-907018183,S2-944108395,S3-46956620,S3-263243997,S3-682484756,S2-969694515,S2-490621987,S2-49975588,S2-432057893,S2-431480388,S2-699500794,S2-860136380,S3-636971931,S2-324372014,S2-139638068,S2-714392974,S3-837401488,S3-736044151,S3-97955013,S2-154545267,S3-647695338,S2-595783250,S3-889976201,S3-364674213,S3-80636867,S3-874597414
S1-185338284	S2-478183673,S2-954942261,S2-947758414,S2-600115417,S2-539019770,S2-774426640,S3-695105061,S2-383148775,S2-377790326,S2-544679828,S2-516353697,S3-306956474,S3-224530253,S2-969898742,S2-562884138,S2-832037820,S3-884562966,S2-221379524,S2-374932545,S2-345516678,S2-881799150,S2-422398104,S2-686218274,S3-501192849,S2-222379153,S3-850428491,S3-848296911,S2-526412482,S2-293444864,S3-307761309,S3-740193994,S2-603978285,S3-630184262,S2-523716994,S2-38114861,S2-767323298,S3-729806324,S2-248490959,S2-299117454,S2-400958216,S2-725807101,S3-80484042,S3-869830532,S3-605354188,S2-42818488,S2-456933896,S3-222767986,S3-668267169,S3-838743255,S2-672836990,S3-741559976,S3-797726592,S2-109325381,S2-21967462,S3-219527544,S3-270784896,S2-409546504,S3-806081940,S3-850241907,S2-492404990,S2-243821617,S2-22700931,S2-644867803,S2-473097749,S3-397127503,S3-410137085,S2-688241668,S3-617476766,S2-119583454,S2-97476291,S2-353977780,S3-719452923,S2-543840280
S1-352005417	S3-76592240,S3-687884733,S2-354541531,S3-244694796,S3-160378568,S3-882478001,S2-51088277,S2-50383905,S2-325431365,S3-131822281,S2-203582165,S2-758711055,S2-303003106,S3-362794602,S3-952563016,S2-496567278,S2-430422852,S2-640393486,S3-718385093,S3-128766163,S2-95345694,S2-369769602,S2-520447085,S3-910766348,S3-521117429,S2-755975615,S2-896427100,S3-374784639,S3-733420208,S3-125077607,S2-245169006,S2-936024452,S2-180271999,S3-458226149,S2-171255805,S3-798714624,S3-880608794,S2-573945776,S3-376821146,S3-120524924,S3-445078755,S3-25108208,S2-525099787,S3-459626697,S2-745161764,S3-29631894,S3-625579755,S3-422778305,S2-62736893,S2-530364098,S2-968260152,S3-575772610,S2-570477703,S2-834738396,S3-984763052,S2-8419441,S2-717954836,S2-257801525,S3-300051627,S2-20487623,S3-806984784,S3-895114093,S3-961285938,S2-540475101,S2-188882252,S2-81661580,S2-773414526,S3-806957410,S3-771133128,S2-8849654,S2-949444927,S3-717392813,S2-585877668,S3-963486569,S3-962129194,S2-6599540
S1-870254921	S2-636625504,S3-173802410,S2-925928705,S2-995199364,S3-534546129,S2-581394969,S3-941341499,S2-127456565,S3-693196124,S2-224825420,S3-845434141,S2-964142099,S3-395897611,S2-880536660,S3-550069804,S3-132237919,S2-791866616,S2-90958293,S2-908777290,S2-439728822,S3-142246791,S2-202605982,S2-828089963,S3-114491888,S3-268374279,S2-414061856,S2-163887487,S2-4055130,S2-73711999,S2-510681841,S3-627335466,S2-974650127,S2-336881119,S3-83143852,S2-816119025,S2-640493688,S3-148990151,S2-769270840,S3-249568533,S3-768614849,S2-223123751,S3-6050127,S2-5733881,S2-288801001,S3-839121876,S2-703246591,S2-539444098,S2-888007637,S2-325256245,S2-337778372,S3-497898909,S3-392539749,S2-242741002,S3-637387221,S2-752736287,S3-950510585,S2-338306766,S3-855418789,S3-631906242,S3-32080272,S3-609088023,S3-231208622,S3-391963647,S2-931325643,S2-984164477,S3-795874436,S3-158720998,S2-220546681,S3-999048955,S2-652336922,S2-752874620,S2-106374051
S1-574943722	S2-132906535,S3-149419596,S3-836784491,S3-951155953,S3-20405732,S3-214268042,S3-720531480,S2-582279473,S3-952859086,S2-4685664,S3-867928917,S3-973824549,S3-103355960,S3-694024715,S2-717160791,S2-301551130,S2-324927591,S3-204300421,S3-96623138,S2-399497689,S3-456616566,S3-999034180,S3-788484702,S3-393515370,S2-188917758,S2-70367717,S2-621702957,S2-182145854,S3-535171619,S3-158722822,S2-727351585,S3-146871610,S2-64271083,S3-193665645,S3-391583959,S3-956329677,S2-740826989,S3-745942608,S2-19929688,S2-268699905,S2-97506029,S3-880580317,S3-207294843,S3-749897748,S3-830938641,S3-348165053,S3-751403198,S3-131267835,S3-53646234,S3-461792631,S3-277612971,S2-254904038,S3-860256411,S3-809684808,S3-887760724,S3-57291872,S2-63081475,S3-735174194,S3-260397408,S3-18726173,S3-408991508,S2-677910522,S2-284426198,S2-468773059,S3-654893091,S2-670658072,S3-157600978,S2-742265589,S3-830470324,S3-676421852,S2-612986996,S2-184650944,S2-153849752,S3-398915272,S3-792653525,S3-994836709
S1-829163315	S2-142892286,S3-448534540,S3-420766091,S2-871127627,S2-615406840,S2-518413297,S2-468782642,S2-960265505,S3-907849609,S2-250290846,S2-322579790,S2-990031995,S3-807892069,S2-36991383,S3-20014343,S3-689116174,S2-705738371,S3-307935411,S2-878352124,S2-123336377,S2-492015688,S3-664095578,S2-205210770,S2-748268413,S3-975638447,S3-159854892,S3-978714653,S2-128775574,S2-789918426,S2-674348892,S3-558325632,S3-464000961,S2-244606480,S3-33279835,S3-371050844,S2-373316530,S2-582847671,S2-985776325,S3-860079095,S2-784114990,S3-587566349,S3-515696539,S3-933706880,S2-550670564,S3-794563317,S3-65931475,S3-832434530,S2-159023381,S2-858906486,S3-509386753,S3-162619168,S2-910322228,S3-436800737,S3-825165108,S2-326676273,S2-510834116,S3-608247141,S2-318550556,S3-975824884,S3-598710793,S3-744448539,S3-193491665,S2-46940689
S1-657654513	S3-519607078,S2-910842372,S3-460474792,S2-581448382,S3-325791419,S3-8865181,S3-842387677,S3-751227021,S3-682278061,S3-775042675,S3-77569017,S3-377104674,S2-505365205,S2-404593438,S2-507704636,S2-584729438,S3-602622459,S3-950835927,S2-286323090,S3-732200112,S2-804032476,S3-829371872,S2-290466046,S2-906921519,S3-828071713,S2-593877068,S2-478530767,S2-972448892,S3-386169197,S3-241486266,S2-201973813,S3-778074940,S3-852012262,S2-186234756,S2-479025079,S2-411366356,S2-180235208,S3-237076784,S2-81179379,S2-195197665,S2-459866792,S2-82724388,S2-892253983,S2-467224856,S2-568849849,S3-689116174,S3-669391517,S3-646781577,S3-431087813,S2-598985159,S2-608591729,S3-318533198,S3-372976474,S3-448392795,S2-150493142,S3-330161275,S2-776031199,S3-213962748,S2-521113372,S2-130102078,S2-730591467,S2-216733282,S2-338740167,S3-502454744,S3-972339598,S2-286718846,S3-230826619,S3-415710606,S3-140443434
S1-623261026	S2-909228631,S2-32461760,S2-158989871,S3-689931399,S3-844299898,S3-388412521,S2-750341912,S3-935678671,S2-744465230,S2-187498810,S3-434437783,S2-417455367,S3-849805350,S3-245442262,S3-876335138,S2-929193012,S3-254300630,S2-399899507,S3-199353681,S2-525847711,S2-46855240,S3-475969579,S2-823813982,S2-992512822,S3-270147535,S3-855849405,S2-71390636,S3-649192675,S2-994454904,S2-900312668,S3-548707979,S2-477756131,S2-142984779,S3-493728251,S3-719141461,S2-176504952,S2-423536700,S3-756134280,S2-653761634,S3-531268543,S2-874582752,S2-548527575,S3-744431960,S3-111157766,S2-545457864,S2-251808682,S3-59857883,S3-463022441,S2-489461707,S3-116118458,S2-713419875,S3-360153786,S2-481071542,S2-74715217,S3-244532951,S3-219836464,S2-306419596,S3-960520969,S2-307503194,S2-246621020,S2-378959122,S3-490841944,S3-744816938,S3-936877069,S3-491742376,S2-950851985,S3-211640022,S3-189192159,S3-60099263
S1-393157555	S2-187340131,S2-678063249,S2-496567278,S2-432301242,S3-387563975,S2-361759747,S2-658050018,S2-971853880,S2-662425862,S3-139227407,S3-371372626,S2-607386467,S3-921383172,S3-19937997,S2-622840253,S3-595420812,S3-691067791,S2-627830886,S3-587654579,S2-748983232,S3-656956737,S3-493434833,S3-971488412,S3-378720772,S3-907766504,S2-436332034,S2-691378567,S2-444185942,S3-676421054,S2-924470584,S2-761065266,S2-275659184,S3-555264023,S3-113789055,S2-122018059,S2-994823585,S2-437915677,S3-618084088,S3-347802958,S3-861458365,S2-109889328,S3-883820251,S3-14314164,S2-573142972,S3-482544121,S2-306472606,S2-691956246,S2-215101171,S2-831064278,S2-806783806,S3-39275186,S3-867082666,S2-55378143,S3-520377103,S2-578718206,S2-945583457,S2-727190886,S3-248802685,S3-451356305,S3-98907212,S2-266314965,S2-617764631,S3-71597629,S3-410094210,S3-600707396,S3-162004312,S3-36454209,S2-340603304,S3-637175345,S2-930522717,S2-685617505
S1-528999441	S2-394151771,S2-439835849,S3-683774172,S3-597249665,S2-105380809,S2-10166868,S3-990996627,S2-830135742,S2-572367141,S2-512369708,S2-667035993,S2-989656041,S2-126464482,S3-592198164,S3-744430416,S2-657312680,S2-503074833,S3-263107513,S2-437615229,S2-807235601,S3-809075013,S2-763959457,S3-684414619,S2-951444514,S2-83473934,S2-949298860,S3-426591383,S2-346292037,S2-541636548,S3-877193827,S2-428448015,S2-26405201,S2-344066330,S2-12935238,S2-152264568,S2-732788301,S2-229886583,S2-166470814,S2-202164681,S3-820313341,S2-926761446,S3-111987580,S2-657520327,S2-476886549,S2-544426416,S2-37627401,S3-392787348,S2-703653566,S3-331757296,S2-850851186,S2-287222508,S2-87525481,S3-887196407,S3-247281785,S3-53221481,S2-796386799,S3-242486515,S2-960324473,S2-726548209,S2-302775332,S3-870611545,S2-463613771,S2-370099937,S2-74459032,S2-770024759,S2-961846975,S3-539095815,S3-872701289,S2-697558578,S3-958385897,S3-333730579,S2-734734097
S1-445131173	S3-904135465,S3-100537967,S2-237366079,S3-967081078,S2-436462280,S3-681830113,S3-764641161,S3-624916533,S2-420709764,S2-978059769,S2-751865908,S2-431257601,S2-90915590,S3-792170471,S2-792941939,S2-860657586,S3-872190735,S2-212799577,S2-618416494,S3-455796198,S2-418068815,S2-575171696,S3-299270140,S2-158003513,S2-290947816,S3-653223872,S2-881509765,S3-56060548,S3-730762759,S2-867747675,S3-756999637,S3-174301132,S2-960818749,S2-578489698,S2-103319120,S2-206476534,S2-653115609,S2-893251254,S2-818202342,S3-139127639,S2-482448268,S2-17315699,S3-435062242,S2-513257633,S3-104373022,S3-706429896,S3-591834776,S3-924671340,S3-469445385,S3-714275237,S2-198255256,S3-20059839,S3-876962801,S3-370061093,S2-331672026,S3-272502287,S3-577931588,S3-228467682,S3-174346204,S2-592094915,S2-209113147,S2-298624094,S3-218368023,S3-973118729,S3-58943063,S3-700574845
S1-906572599	S3-473386451,S3-995344015,S2-451812463,S3-315589771,S3-554447186,S3-567284812,S2-270897800,S2-294320035,S3-594608993,S3-365097018,S3-601187404,S2-849224837,S3-343652523,S3-640877197,S2-300777619,S2-439970804,S2-398414870,S3-231901427,S3-454563954,S2-629091461,S2-738654786,S2-308592322,S2-160381723,S3-419408964,S2-856077506,S3-851552091,S2-381729079,S3-563124831,S3-793944116,S2-422080443,S3-954646552,S3-738437490,S3-338518337,S3-508778042,S2-287016555,S3-892746120,S2-220657495,S2-88617556,S3-656155075,S2-350504201,S2-854309985,S2-792754965,S2-826641521,S2-284344245,S3-784014921,S3-968695338,S3-464400354,S3-380263593,S3-385515685,S3-320892210,S2-319516258,S3-619022950,S2-56989690,S2-109993355,S3-902937835,S2-512660520,S3-962163521,S3-167602522,S2-204090546,S2-851124822,S2-212091849,S3-546408994,S3-916839871,S3-344031260,S3-511742220,S2-641336928,S3-521861594,S2-630374803,S3-56451013,S2-132946102,S2-771431750,S3-819707815,S2-114336096
S1-720173062	S2-572789452,S2-774698384,S2-352561696,S3-30844310,S2-792863313,S3-234035230,S2-962408077,S3-335394226,S2-769043427,S2-461635489,S3-317064250,S2-463560254,S2-72416810,S2-405931014,S2-809773843,S2-236860886,S2-604647219,S3-678761237,S3-731976754,S2-859257748,S2-390167188,S3-50205941,S3-430632817,S2-455325987,S3-751380777,S3-567894712,S3-457910199,S2-652827281,S3-329402037,S3-464575978,S3-230914336,S3-278872592,S3-482498869,S2-794174587,S2-744087962,S3-443139809,S2-609859392,S3-461762128,S3-417316238,S3-422078133,S2-212630278,S3-632649822,S3-953559978,S2-105259898,S2-616868746,S3-700826579,S3-589100429,S2-312869809,S2-963565916,S3-668458893,S2-403690058,S3-711701573,S3-409350345,S2-178866175,S2-1342502,S2-231435535,S2-253531041,S3-444217243,S2-785890760,S2-4329954,S2-102651087,S2-973489185,S2-940616869,S3-524848048,S2-617933331,S3-540007241,S3-941433689,S3-933920165,S3-251249515,S2-813932619,S2-774767193,S3-542181691
S1-779180246	S3-666946829,S3-217182131,S2-391213168,S3-750093551,S2-45071914,S3-812852669,S3-250899575,S3-528095424,S2-102425409,S3-962039728,S3-245808138,S3-31098100,S3-356328247,S2-711408485,S2-465642879,S3-73898662,S3-192550880,S3-262774830,S3-458325801,S3-640712286,S3-269267594,S3-294830318,S2-219201040,S3-567233367,S2-639632705,S3-955723665,S3-833081324,S3-60298585,S3-579062321,S2-534545525,S3-752251770,S2-985866585,S3-209916773,S2-176453879,S2-505328569,S3-889875675,S3-453554137,S3-302591797,S2-841316739,S3-48285817,S2-173755141,S3-315721846,S3-320909301,S2-670644834,S2-931904985,S3-406492284,S2-659290107,S3-713729379,S2-79536534,S2-387323350,S3-526602432,S2-365761987,S2-805608010,S3-423146762,S2-782562162,S2-435778329,S2-909707057,S3-124238386,S3-477866385,S2-840273043,S2-579325241,S2-810781302,S2-274167062,S3-401962497,S3-570163170,S3-563525039,S3-611303485,S3-704488374,S3-655377880,S2-584153477,S2-288890052,S2-768397925,S3-289280619,S2-698551258,S3-935187204,S2-385450065
S1-812486340	S3-652320075,S3-860821345,S2-154334183,S3-284775239,S2-319104076,S2-72109532,S2-120352534,S3-329269099,S3-580654791,S3-736044151,S3-276376723,S2-95883726,S2-368615667,S2-256459754,S3-856106685,S3-9478991,S3-941616392,S3-863463356,S2-923298526,S2-454363045,S3-146051164,S2-450322646,S3-343684796,S3-268855215,S3-326931900,S2-923241077,S3-159853730,S2-714395234,S2-178196014,S2-684324047,S2-28332407,S3-354698454,S3-918774745,S3-364025619,S2-708621837,S3-172913923,S3-392261207,S3-495914236,S2-258069548,S3-420776755,S2-976944285,S3-870213820,S2-440400231,S2-247024966,S2-182203325,S2-475978312,S2-647844092,S3-190551910,S2-91908767,S3-503388260,S2-597931385,S3-273644591,S3-43203250,S3-290396666,S3-977086194,S3-199458245,S3-526022927,S3-505671005,S2-439486038,S2-268505435,S2-663906477,S3-998594797,S2-293675262,S3-176587955,S3-454228701,S2-928826408,S3-866005110,S3-698592979,S2-403566075,S2-663191944,S2-164785562,S2-50695556,S2-364738513,S3-365231906,S3-294600236,S2-605769761,S2-816989315,S2-170092902
S1-585692765	S3-402958681,S3-567116410,S3-700555341,S2-608037396,S3-763940657,S3-692038601,S2-263244436,S3-288692855,S3-648102632,S2-165103314,S2-237625978,S2-31256790,S3-578143206,S3-867086393,S2-939504093,S2-627434867,S2-288284623,S3-992341899,S2-27112598,S3-490880308,S2-424537185,S2-754070605,S2-426259815,S3-25348106,S2-781144878,S3-837988529,S3-29795188,S3-752088719,S2-844882406,S3-596541484,S3-603778757,S2-958999202,S3-984845970,S3-185300025,S3-693882651,S2-164274633,S2-217445093,S3-717050322,S3-521981880,S3-579443866,S2-945049160,S2-587484624,S3-927315271,S2-7760721,S3-321878943,S3-455985971,S3-873288855,S3-103202509,S3-883301698,S2-146896908,S2-635113172,S2-382573687,S3-743366290,S2-209280761,S3-760176952,S2-406062395,S2-511714565,S3-875023261,S3-12126829,S3-453221279,S3-810410982,S3-507666934,S2-818813141,S3-281780904,S3-851450489,S2-121306398,S2-154012771,S3-669396198,S2-561864436,S2-167471750,S3-385574487,S2-152027419,S3-1755839
S1-358447941	S3-963718472,S2-760880556,S3-32077973,S3-802707918,S3-654934621,S2-551585824,S3-971391621,S2-611448468,S2-838831361,S2-837652258,S2-38917398,S2-231366963,S2-343655850,S2-298634403,S2-979695322,S2-245468543,S3-791032085,S2-607280343,S2-723642257,S3-537686496,S2-149936466,S3-772773788,S3-367946608,S2-323765241,S2-389496819,S3-576819474,S2-649365496,S2-910128413,S3-949911197,S2-800319067,S3-796826899,S2-337208149,S3-761786961,S2-283699128,S2-152480745,S3-634027367,S2-70204059,S3-696875685,S3-516737179,S3-974401081,S3-17234527,S3-399615003,S3-699180912,S3-107950555,S3-178541878,S3-523319288,S3-564306278,S3-771692836,S3-472294514,S3-911806843,S3-114017141,S3-669318207,S3-349855875,S2-232490044,S2-437903902,S3-543632293,S3-118774425,S3-283782555,S2-921472751,S3-364263072,S3-513698240,S3-95747220,S2-519087156,S3-941988986,S3-136931040,S3-271774606,S3-990500146
S1-206894799	S3-823183970,S3-759358326,S2-189586795,S3-82799350,S2-715171173,S3-867759957,S3-163193684,S3-908711544,S3-733387680,S2-803866604,S2-260783916,S2-577055515,S2-827503791,S2-135128293,S2-88141073,S3-853302462,S3-438775704,S3-6751488,S3-45722534,S3-825688747,S2-394710602,S3-458756772,S3-185808197,S3-259974214,S2-287588845,S3-967625321,S2-223924554,S2-813525901,S2-641496849,S2-531458823,S2-975026675,S2-146198659,S2-148683077,S3-247847151,S2-767323298,S3-562724870,S3-610339898,S2-726761613,S2-562884138,S2-574530624,S3-343533064,S3-850877670,S3-959275585,S2-168554745,S3-910370269,S2-85985392,S3-158147541,S3-137418449,S3-12680627,S2-792371947,S3-646369824,S3-654304847,S3-926918607,S2-892647688,S2-328200950,S2-62446720,S3-664078764,S3-433607039,S3-67912149,S2-828007162,S2-412478228,S2-966676904,S2-818675935,S3-545759611,S2-456228438,S2-134707060,S2-861758392,S3-122238700,S2-483547545,S2-918547934,S2-768280420,S3-412461932,S3-289552732,S3-821705153,S3-878265543
S1-27158214	S2-347156612,S2-260165131,S2-604300556,S2-174747510,S2-735424161,S2-124689784,S2-155296895,S2-110655764,S2-31597662,S2-243244211,S2-454979982,S2-872692563,S2-202254465,S3-834929045,S2-708733355,S3-698360162,S3-716367770,S2-372378403,S2-718533662,S2-387716430,S3-75885636,S2-897127429,S3-917567896,S2-805435059,S3-103349907,S3-78701003,S3-109750289,S3-431041774,S3-817417214,S2-892367472,S2-963529433,S3-161169932,S3-585486062,S3-876276029,S3-828586933,S3-602346744,S3-157600978,S3-144340780,S2-924787500,S2-854459566,S3-91991315,S3-869062204,S3-672957728,S3-56085368,S2-495102685,S2-867687512,S2-657615040,S2-17298218,S2-23376011,S2-971143816,S3-67460791,S2-972017821,S2-423099834,S3-124043368,S2-553410329,S3-9131914,S3-109678718,S3-738827716,S2-20487623,S2-920184023,S3-550746077,S2-710133999,S2-826868298,S3-116888812,S3-214633152,S3-645464337,S3-522213520,S3-271070818,S2-619490239,S2-824476743,S3-753252502,S3-562166675
S1-196578854	S3-123348039,S3-544609737,S3-927967385,S2-385608032,S3-317583678,S3-990988684,S3-638293926,S3-1073919,S2-918780706,S2-193044295,S2-902034763,S2-60755622,S3-503052737,S2-743555839,S2-605266158,S2-604582144,S3-70243667,S2-906422531,S3-681303979,S2-18771302,S2-786564163,S2-959933771,S2-4397792,S2-575127011,S2-45016975,S3-314870455,S3-402500678,S3-354900335,S3-778549953,S2-750095525,S3-453425555,S3-362667360,S2-535762772,S3-92349373,S3-601660063,S2-645292488,S3-211811343,S2-380093130,S3-715896962,S2-854060728,S2-445809265,S3-183688700,S2-954470784,S2-793479348,S2-368188455,S3-382756039,S2-183967309,S3-405205533,S2-404639263,S2-185240784,S2-420141877,S2-609073853,S2-71721605,S3-157026068,S2-710971383,S3-616085784,S3-434918504,S2-428215536,S2-917122044,S3-527286848,S2-130932159,S2-61330089,S2-962425485,S3-709136171,S3-296329804,S3-74523709,S2-338740167,S2-500118203,S2-560978470,S3-841092146,S3-100746948,S2-447950520,S3-692151827,S2-6133200
S1-624045976	S3-891295843,S2-742344298,S2-308044785,S2-467948188,S3-941096624,S2-535757276,S2-404938794,S2-499298208,S2-856941269,S3-657850446,S3-417978001,S3-852109538,S3-353910299,S2-778501030,S3-833829017,S3-35019664,S3-106894059,S2-928022441,S3-352571127,S3-846977678,S2-373980755,S2-504869514,S2-742578480,S2-659300097,S3-803547603,S2-456052727,S2-108610091,S2-630772014,S2-361177185,S2-334354664,S2-602673586,S2-671503315,S2-849610488,S2-369752988,S3-70967762,S2-492182740,S2-403200240,S2-245887185,S3-658059519,S3-277159875,S3-595738276,S2-87379137,S2-574699346,S3-879685337,S3-122309296,S3-672443801,S2-620026506,S2-409357408,S2-163375830,S2-45412971,S2-859569962,S3-774792944,S2-550265337,S2-431375712,S2-998793174,S2-600747806,S2-652920455,S2-232213091,S3-396797100,S2-185513184,S2-483921688,S3-77294614,S3-464716475,S2-82846999,S2-552938638,S2-572850205,S3-359713624,S2-953588261,S3-969605733,S3-755888332,S3-682171324,S2-288424236,S3-822912077,S3-17023185,S2-518840052,S3-927489497,S3-112332765
S1-362520	S3-75956123,S3-94026735,S2-144233514,S2-856253080,S3-653914568,S3-307554574,S3-500805637,S2-16079282,S3-723782835,S3-299347447,S2-833900025,S2-869308185,S2-662221399,S2-595904685,S2-642831788,S2-647778163,S2-802999298,S3-976237098,S3-790207766,S2-36503234,S2-662571579,S2-412075301,S2-760766659,S2-303388367,S2-283033110,S3-126702578,S2-736010823,S2-745840600,S2-234084042,S3-893781323,S2-243763396,S2-121306398,S2-685583583,S3-835400406,S2-727265198,S2-106408832,S3-566356177,S2-557486904,S3-68741281,S3-862380194,S3-691035629,S3-473998993,S3-81581328,S3-913291659,S3-376333294,S3-688354842,S3-690962479,S3-974794121,S2-440819477,S2-803592574,S2-223374243,S2-805208287,S3-867967153,S2-163658684,S2-875425202,S3-774157759,S3-771603046,S2-315504147,S3-78951103,S3-137228264,S3-272531437,S3-608219124,S3-613178652,S2-310772102,S3-46274190,S3-480403533,S2-344995401,S2-141180056,S3-505430252,S2-499397636
S1-463548524	S3-53804925,S2-966149854,S3-987466116,S2-857755271,S2-439786382,S2-133270735,S2-166649395,S2-859754079,S2-591910395,S2-436674426,S3-411328104,S2-373262251,S2-868242102,S3-36128443,S3-674644263,S2-49975588,S2-897714693,S2-835433661,S3-325851644,S2-454847618,S2-658915534,S3-815882205,S2-278376019,S2-638684729,S2-433699752,S3-70493286,S2-550372217,S2-744685697,S2-43051021,S3-818011726,S2-629189951,S2-498046006,S2-353716542,S3-715438783,S2-19146644,S2-616111338,S3-211517972,S2-523476248,S3-392123658,S2-899616853,S2-398706114,S2-454388173,S2-501031122,S3-839038111,S2-190698845,S2-685415682,S2-53097414,S2-294753168,S3-403724993,S3-980466218,S2-501538603,S2-283874839,S2-795261579,S3-259291328,S2-724681924,S2-605494355,S3-503273890,S3-771504351,S3-708722119,S3-484895778,S2-967937124,S3-1830091,S3-426077774,S2-98445220,S3-941234070,S2-843717112,S2-747378786,S3-450820438,S2-849332419,S3-393969223,S2-125854340,S2-726164664,S3-204389002
S1-897226407	S3-909105066,S3-911064052,S3-2896685,S2-505328569,S2-746168718,S3-302591797,S2-45071914,S3-428024616,S3-651279166,S2-780242464,S3-805783007,S3-865384219,S3-962039728,S2-109087902,S3-750093551,S2-739711364,S3-579062321,S2-176453879,S3-376392291,S3-591562140,S3-228143659,S3-335775824,S3-43192106,S2-973112453,S3-875734297,S2-841316739,S3-805347792,S3-711368657,S3-874901968,S2-465642879,S2-219201040,S2-446922415,S2-135248015,S3-117830344,S3-734881258,S2-985866585,S2-787411419,S3-805387264,S3-5852575,S3-979909106,S2-866425356,S2-703946335,S3-810345498,S3-863539653,S3-371492473,S2-570061558,S2-882721207,S3-39677713,S2-231695215,S2-794352292,S3-111598854,S3-751214638,S3-27157849,S3-588266277,S3-785579261,S3-717915068,S3-130528087,S3-331155248,S2-877540421,S3-272571805,S3-690491070,S3-187623410,S2-596110281,S3-581718562,S2-313572774,S3-339240806,S3-796874724,S3-616891914,S3-646017090,S3-78243064,S3-296431933,S3-650200635,S2-114113860,S2-826516454,S3-859666578
S1-645713459	S3-143283912,S3-881262651,S3-147567154,S3-661097388,S2-848370787,S3-507788881,S2-265027844,S2-874705272,S3-224939296,S2-251745770,S2-157314870,S2-12350592,S2-668704445,S2-171800192,S3-722255864,S2-97937368,S2-252964776,S3-777044556,S2-396104567,S2-55378143,S2-212924766,S2-964000150,S3-401585731,S2-74901870,S3-715003272,S3-581723834,S2-311071517,S3-649010452,S2-821362422,S2-736681903,S3-439949411,S2-480440023,S2-487722307,S2-822812591,S3-838668646,S2-589467090,S2-295520542,S2-836911625,S2-360131852,S2-234410739,S3-842807032,S3-688733334,S3-639229044,S3-768329123,S2-8240369,S2-664222072,S3-622087966,S3-111137660,S2-983444870,S3-872190735,S3-649843887,S3-713864177,S2-402816908,S3-898571578,S2-856059764,S3-475237437,S2-265665909,S3-643632941,S2-668064094,S2-340117233,S3-646781577,S3-841743389,S2-602119938,S3-528663759,S2-428779057,S2-230184316,S3-640361796,S3-90558953
S1-229555888	S2-751380772,S3-522155890,S2-435512003,S2-276914685,S2-751802531,S2-766825000,S2-233641858,S2-578770596,S2-53706301,S2-534347372,S2-380575218,S2-511587865,S3-997028728,S2-749659170,S2-269216752,S2-82247162,S3-422778305,S2-38910827,S2-131285876,S3-455220110,S3-94344531,S2-729721165,S3-117892537,S2-564164004,S3-165270216,S2-430423091,S2-43669064,S3-936727604,S3-115448409,S2-294114423,S2-415037794,S3-880937685,S2-979819679,S2-856103258,S2-351643471,S2-875814849,S2-991406436,S3-531050438,S2-106316762,S3-865797162,S3-457057898,S3-788162313,S3-879459665,S2-359665605,S2-669715147,S2-7857582,S3-434550796,S2-526510188,S2-717634431,S2-289530125,S2-816374880,S2-866803537,S2-43099883,S3-483687206,S2-778918176,S2-778046800,S2-189487065,S2-903486242,S3-765242292,S2-507429149,S2-334697730,S2-587815777,S3-717649729,S3-809136851,S2-996348079,S2-759165275,S3-710120003,S2-550147914,S3-306656842,S3-937845539,S2-825354133,S2-631757889,S3-986609948,S2-123740075,S2-244004800,S3-135130781,S2-967185833
S1-68456921	S3-739042432,S2-651292790,S2-885810596,S3-772077421,S2-379567634,S2-113614004,S2-636241885,S2-930882610,S2-199309396,S3-92624949,S2-766546763,S3-95057795,S2-306271845,S3-597011393,S3-378907298,S2-534560686,S2-387030912,S3-627362615,S3-320623609,S2-641217477,S2-487005531,S3-341709815,S2-92478774,S3-895567106,S3-195867122,S2-989998989,S2-287588845,S2-325773900,S2-864135069,S3-432825192,S3-133936349,S2-767506520,S2-258904656,S2-964408894,S2-300079669,S3-170180695,S3-888739376,S2-772323364,S3-623468230,S3-393444182,S2-820156680,S3-711235567,S2-566443534,S2-697886269,S3-830806629,S3-821147559,S2-76595366,S2-828508860,S3-753653868,S2-182378373,S3-533139704,S3-751848681,S2-133239838,S3-663652167,S2-97997258,S2-247163144,S2-814853152,S2-164497843,S3-893252275,S3-891978205,S2-560300733,S2-359386938,S3-451526773,S3-534919280,S3-429368673,S3-256689126,S3-100069339,S3-900153524,S2-321877910,S3-594574396,S2-38173387,S3-720953475,S3-655272160
S1-992003464	S2-560416085,S2-394554163,S2-564835925,S2-18218879,S2-70692312,S2-965389616,S2-777373869,S2-557444538,S3-792636226,S2-317305405,S2-459540462,S2-625778085,S2-35613459,S2-946589159,S3-569479950,S2-367986003,S3-299894263,S2-752654978,S3-647695338,S3-580250440,S2-603640233,S3-152224399,S2-559808795,S2-869241997,S3-663436059,S3-117463326,S3-195055407,S2-142487901,S2-822147744,S3-104248191,S2-816989315,S2-797575121,S3-834328940,S2-99019652,S2-358945416,S2-329694533,S3-972100595,S2-979136835,S2-180758715,S2-910364562,S2-592241135,S2-257332011,S2-149173342,S2-851438180,S2-194659829,S2-903442324,S2-441422968,S2-594718171,S2-855643613,S2-81197893,S2-949354148,S2-714477528,S2-609292694,S2-229031559,S2-321436655,S2-886111971,S2-26466375,S2-932169977,S2-891272346,S2-98527511,S2-385171307,S2-796555639,S2-53346181,S2-463469449,S2-236206547,S2-676769255,S3-979083338,S2-535260713,S2-943275758,S2-83113906,S2-78967826,S3-487539100,S2-2755526
S1-912947277	S2-709956796,S3-513498044,S3-693507259,S2-413021156,S2-327070847,S2-942809953,S2-800239837,S2-475170125,S3-118215615,S3-215276440,S2-971332725,S3-669660221,S3-398035539,S3-327138832,S2-904922103,S3-290285288,S3-759600258,S2-409366097,S3-493515454,S2-9812723,S2-869101454,S3-734521148,S3-965883703,S3-620046221,S2-230424122,S3-627619807,S2-150882117,S3-716727930,S3-636092591,S2-772408156,S2-381589500,S3-830999183,S3-492944539,S2-173931314,S3-777608726,S3-435772080,S3-746110253,S2-366006471,S2-781962381,S3-220080021,S2-933304627,S2-982283387,S2-561317555,S2-106102131,S3-509852064,S3-297498597,S2-203475430,S2-637262114,S2-328972032,S2-108927878,S2-912585455,S3-672120292,S2-737751822,S2-54238568,S2-440772357,S2-26428043,S2-908103405,S2-162012360,S3-907276684,S3-356062468,S2-516422343,S3-137763260,S2-17846996,S2-421540927,S2-453765228,S2-385922466,S2-872213594,S3-223061212,S2-871151022,S2-81124098,S2-341726694,S2-668379337,S2-119346048,S2-386500549,S2-768125352,S3-292421973
S1-417264639	S3-439663576,S3-449382330,S3-266976066,S3-452015000,S3-899959876,S3-360600296,S2-791699751,S3-349942132,S3-704114798,S2-638460225,S2-6314616,S2-391685332,S2-737379840,S3-545356328,S2-8725209,S2-59135590,S2-318396559,S3-343022661,S2-433491615,S3-813229484,S2-54177847,S2-808992312,S2-833394745,S2-691628657,S2-5759911,S3-477936798,S2-552475255,S2-473997285,S3-309105732,S2-125577528,S3-427753845,S2-715007239,S3-779430573,S2-12820479,S3-919711037,S2-921586557,S2-174140675,S2-535981152,S3-478024033,S3-909364799,S3-162964373,S3-208895796,S2-248606890,S3-836219124,S3-966425812,S3-983927349,S3-861715876,S2-118091620,S3-165870437,S3-605131498,S3-168163135,S3-712339177,S3-513869711,S3-803092797,S2-833094990,S2-513019344,S3-653871009,S3-539636648,S3-610459068,S3-993654654,S3-556336369,S3-839896022,S2-652160731,S3-424813855,S2-399055628,S2-11556516,S2-295153970,S3-556583777,S2-701906667,S2-882416765,S2-819883857,S2-423114038,S2-943094278
S1-470845482	S2-424537185,S3-569057923,S2-835735204,S3-788525228,S2-934812140,S3-826284729,S2-350758781,S3-974639317,S2-666412617,S2-34837906,S2-570057266,S3-192220018,S3-114319848,S3-303258990,S3-786772627,S3-764078956,S3-16906411,S2-704449115,S2-553128705,S2-860216935,S2-650216158,S3-946323575,S2-508234273,S2-4039140,S3-200067807,S2-590952589,S2-628335210,S2-289710863,S2-413021156,S2-936595492,S2-621101162,S2-884608707,S2-441938596,S2-644251488,S2-547274941,S3-620046221,S2-230424122,S3-587876434,S3-371707322,S3-716727930,S3-829150360,S2-735278233,S3-688787947,S2-598610883,S3-114084604,S2-879412891,S3-326596497,S2-924880473,S3-370642381,S3-470726593,S3-333584521,S2-622624356,S2-766251634,S3-269830465,S3-403795931,S2-533076862,S2-99267247,S3-49668896,S3-923752219,S3-24652375,S3-281022043,S2-354995381,S3-749728892,S2-307447477,S2-917032712,S3-276252416,S2-12244436,S2-380483491,S2-915150941,S3-902371287,S3-121317529
S1-987779515	S2-881261839,S3-227494838,S2-507429149,S3-451562791,S2-671212976,S2-201728429,S3-19095188,S3-933265713,S2-152505560,S3-661169830,S2-267819172,S3-566558543,S2-455141694,S2-151389681,S2-761970277,S2-232342145,S3-130669331,S3-438401988,S3-615063963,S2-363220666,S2-155086154,S3-84456476,S2-536476681,S3-834924261,S2-364146512,S2-407917981,S3-79535660,S3-846066823,S2-753298731,S2-442175885,S3-72714373,S2-241937690,S2-169177540,S2-837976098,S2-826567060,S2-244270045,S3-936997590,S2-536098194,S2-127087599,S2-469237620,S3-501791255,S2-174240991,S2-668241111,S3-823806025,S3-905811089,S2-325209077,S2-164880873,S3-771277565,S2-606889205,S3-44002552,S2-724196256,S3-659255543,S2-479472233,S3-718194832,S2-376794221,S3-881001163,S2-676164844,S3-685406356,S3-192542980,S2-349642675,S3-606867465,S3-358149718,S3-951454269,S2-780872035,S2-226022499,S2-436493197,S2-506794829,S3-768495437,S2-194687727,S3-57115363,S3-230600656,S2-143748373
S1-509283665	S2-141268529,S2-949079052,S2-643966104,S3-909973798,S2-646783465,S2-347330149,S2-476199841,S3-454183630,S3-863331857,S2-629377847,S3-457645040,S2-847152322,S3-460684263,S3-922971635,S2-620565793,S2-262002046,S2-196921610,S3-768474733,S3-902365415,S2-738061801,S3-70272614,S3-448820954,S3-394218633,S2-681990551,S2-887595379,S2-857216235,S2-145979372,S2-229317008,S3-30616921,S2-661696993,S2-806896527,S2-481994787,S2-262378104,S2-850692545,S3-159460943,S3-421238278,S3-702458745,S2-56705114,S3-121370783,S2-431280729,S2-539330980,S3-133569825,S3-313874031,S3-249031374,S3-123118865,S3-393242329,S3-28142747,S2-910801595,S3-915411160,S3-719872931,S3-243311084,S3-239367161,S2-922859157,S3-183748521,S3-225911192,S2-894749036,S2-670114728,S3-110214577,S3-290440144,S2-205824361,S2-428128275,S2-463494071,S2-477353479,S2-53273621,S3-410312296,S3-52236811,S2-666993506,S2-830032696,S2-106369122,S3-601660063,S2-99253708,S2-364729065
S1-619895264	S3-14834162,S2-309376589,S2-355412571,S3-291237219,S2-294352441,S2-326297637,S2-59175936,S3-236919991,S2-806945385,S2-172206969,S2-474914898,S3-856556234,S2-785378860,S2-251858541,S2-334928044,S3-699409335,S3-595866001,S2-822974581,S3-272911996,S2-532409011,S2-68899217,S3-373634286,S2-46428650,S3-726303307,S2-968587102,S3-303592906,S2-659454697,S2-958101889,S2-223078161,S2-173271219,S2-239430387,S2-635416912,S2-581545746,S2-843736255,S2-225004731,S2-200939126,S3-450295076,S3-100133202,S3-219973433,S2-87775611,S2-675142842,S2-168159526,S3-431225175,S2-283628368,S3-600760112,S2-281120812,S3-649453381,S2-373703334,S2-704767803,S3-980022401,S3-21209231,S3-121382117,S2-53964214,S2-446731528,S2-873254087,S3-617581291,S2-720840788,S3-761402195,S2-365689232,S2-451812463,S3-774256961,S2-722197607,S2-865413679,S3-308976435,S2-565160612,S2-356220463,S3-337717017,S3-735207700,S2-630374803,S2-666120577,S2-646881698,S2-412839789,S3-93900692,S3-781021513,S2-85697901,S3-11209252,S3-888054332,S3-283928209
S1-17339733	S2-104840992,S2-371975350,S3-728129783,S2-766266509,S3-63344869,S3-552266398,S3-781754949,S2-902694207,S3-10831286,S2-531415680,S2-787431043,S2-41456526,S2-287872643,S3-132991261,S2-629457203,S2-474321348,S2-110808825,S3-288191124,S2-92868774,S3-138134300,S3-584703943,S3-134361069,S3-270062152,S2-16079282,S3-604393808,S3-864429528,S3-847639736,S2-63021526,S3-373823538,S2-479181098,S3-29003541,S3-958000113,S2-257362873,S3-336296396,S2-497604553,S2-145521404,S3-529557037,S2-807089370,S2-92134001,S2-570144295,S3-164356826,S3-602817262,S2-843192498,S3-562278986,S3-164402840,S2-73372129,S2-773663894,S3-495856673,S3-624008307,S2-463861587,S2-972109364,S2-821967722,S2-600682376,S2-874812413,S2-27986137,S2-317095049,S3-425382982,S2-287028156,S3-958478261,S3-867270658,S3-430950003,S2-93459822,S3-551959767,S3-709340440,S2-944432778
S1-647059934	S3-614416573,S2-322877870,S2-307824523,S3-181144762,S3-512411225,S3-302483285,S3-820438995,S2-950909176,S2-331036957,S2-701119632,S2-564863846,S3-700113017,S2-353205003,S3-166117739,S2-164840161,S2-253412037,S2-492571082,S2-427097334,S2-802648022,S3-946323575,S2-438191278,S3-806604568,S3-808601651,S2-130291706,S2-949109872,S2-614683624,S3-249002145,S3-408824720,S3-423868740,S2-789889917,S2-931350000,S2-493145930,S2-661269276,S2-639367215,S2-536174758,S2-316728650,S3-984984695,S3-540566170,S3-788090878,S2-878098302,S2-509642447,S2-792256323,S2-833356208,S2-919947855,S3-796856187,S2-864280142,S3-237539683,S2-124273686,S2-124906485,S2-552077776,S2-458586441,S2-544941113,S3-94708212,S3-673166228,S2-871271894,S3-162839716,S3-669318207,S2-886900265,S2-598605233,S2-456422657,S2-837801206,S2-551585824,S3-718194832,S3-971391621,S2-106560170,S3-416519329,S2-627655247,S3-840475136,S3-109025280,S2-648126659,S3-976989011,S3-561030746,S3-405717328,S2-526057016
S1-161901150	S2-91364703,S2-211151342,S2-471816658,S2-730588551,S2-439786382,S2-857376293,S2-522234935,S2-91347281,S2-656530182,S2-857755271,S2-133270735,S2-859754079,S2-972485350,S2-190698845,S2-956118564,S2-638684729,S2-897714693,S2-888191154,S2-255837796,S2-868242102,S2-616111338,S2-49975588,S2-433699752,S2-938955832,S2-454847618,S2-986178595,S3-462304768,S3-17785869,S2-523476248,S2-838861846,S3-500600375,S2-629189951,S2-42635997,S3-462175504,S3-838333019,S3-330396846,S2-370175834,S2-254971955,S2-464183193,S2-606077666,S2-903178968,S3-457239089,S2-366995916,S2-500952494,S2-501479687,S3-255846010,S2-589108263,S3-796355619,S3-264028168,S2-864977244,S2-511507332,S2-718505651,S2-18394219,S3-844945949,S2-704280999,S2-943479274,S2-118654969,S2-623517407,S3-547992523,S2-724807154,S3-696125539,S2-759342715,S2-822482083,S3-745528254,S2-176016152,S2-851224845,S2-381795636,S3-241930630,S2-55021741,S3-637474623,S3-36425781,S2-798588771,S2-936884379,S2-901287604
S1-241742700	S2-178892964,S3-516241464,S2-905347231,S2-347039042,S3-895114872,S2-84805581,S2-770872134,S2-233641858,S2-681504580,S2-680159084,S2-477756131,S2-667462114,S2-705367619,S2-837574878,S2-656020279,S2-82155902,S2-131285876,S2-834833393,S2-744654157,S3-806999466,S2-749168385,S2-168824257,S2-120095800,S2-75816058,S2-345513804,S3-203019083,S2-704652401,S2-553087095,S2-222895169,S2-47056973,S3-236013056,S3-953045491,S3-126680014,S3-622552067,S2-252206952,S2-315392518,S3-359145226,S3-607458668,S2-785550654,S2-477507378,S3-611802566,S3-133548766,S2-517314935,S3-78126814,S3-79102929,S3-332925166,S3-364778628,S2-184650944,S2-253120022,S3-820577834,S3-775016429,S3-176667234,S3-599870864,S3-316001037,S3-588728859,S3-78959740,S2-97061517,S3-5257305,S2-86175773,S2-477841083,S3-514839284,S2-882569043,S3-729267832,S2-981979031,S2-177333698,S2-253899387,S3-604949862,S3-709524822,S3-419715371
S1-512634625	S2-645044116,S3-974464312,S2-508126379,S3-938551683,S2-532754121,S3-137157909,S3-853868414,S2-546554595,S2-404735559,S2-400389957,S2-956510241,S2-805688233,S3-222719751,S2-723770524,S2-666043575,S3-353938359,S3-571388277,S3-502502329,S2-155026960,S2-553152252,S2-664779894,S2-340882825,S3-913078072,S3-979200178,S3-643279316,S3-363054503,S3-671699780,S3-26179956,S2-167422516,S2-341547834,S2-843353466,S2-869123096,S2-547284177,S2-43564850,S3-909513877,S3-84389449,S3-132907317,S2-79492474,S2-902549969,S2-159471704,S2-719959586,S2-690877598,S2-26145508,S2-555771119,S2-445745545,S2-751367091,S2-743478472,S2-467045797,S2-53989051,S3-376697606,S2-374447205,S2-653761634,S3-618490275,S2-272346655,S3-51536539,S2-528251343,S3-168722082,S2-601010648,S2-645275604,S2-887723547,S2-856048107,S3-182119283,S2-959611312,S3-398320655,S2-600433897,S2-625023353
S1-37213524	S2-79546873,S2-838597294,S3-554899827,S3-65130305,S2-190103839,S2-903878991,S2-585050764,S2-243611015,S3-515350015,S3-935541805,S3-592773736,S3-530583169,S2-13914941,S3-345344036,S2-566458591,S2-832504220,S2-27087381,S2-715235185,S3-571534712,S3-370907594,S2-797329396,S2-626806799,S2-758210318,S2-386970348,S2-247595002,S3-123617246,S3-600115755,S2-710652107,S2-306611386,S2-245722348,S2-101052971,S2-463543324,S2-322127049,S2-714623338,S2-646274481,S2-310251108,S2-185083635,S2-664375008,S2-481720298,S2-762138912,S2-131852930,S3-36848281,S3-124768469,S3-704739713,S2-279160901,S3-515807413,S2-453794660,S3-625190900,S2-345072242,S3-78523936,S3-328111286,S2-641924388,S3-457320136,S3-945579013,S3-400197872,S3-205812506,S2-104209864,S3-746836505,S2-533706350,S2-505433019,S2-251808682
S1-916773322	S3-364143407,S2-981269822,S3-434552290,S2-590541527,S3-552762137,S3-249896785,S2-571127687,S3-802026662,S3-778137861,S3-110022309,S2-31353727,S2-312805338,S2-759276630,S2-157848047,S2-508663925,S3-768189007,S3-542559924,S2-282873430,S2-184309677,S2-715059267,S3-810809197,S3-348379048,S2-488848012,S2-434976121,S2-890585514,S2-228019091,S2-354161865,S3-799127758,S2-608192709,S2-861735501,S2-712469026,S3-718650938,S2-583461418,S2-343296122,S3-656155075,S3-16499058,S2-406571242,S2-135397436,S2-840664973,S2-486872290,S2-938541625,S2-268328469,S3-265444441,S3-135549469,S3-866930772,S3-267846418,S3-874448812,S3-764546497,S3-34218585,S3-625822739,S2-730865806,S3-1187310,S3-983396927,S3-149165520,S3-155124689,S3-688470953,S2-264747241,S3-991097723,S3-882828816,S3-911530348,S3-584365198,S3-729005428,S3-18840535,S3-310541069,S2-225998968,S3-672237936,S2-294765247,S2-358664628,S2-857627805,S2-529856918,S2-236238889,S2-694491614,S3-348404809
S1-263724589	S2-421560039,S2-159933539,S2-255403020,S2-702862423,S2-794447329,S2-909242386,S2-861735501,S2-549675860,S2-803294359,S2-337895975,S3-334437594,S2-332785331,S2-142728846,S2-735038546,S3-810520405,S2-534352483,S3-884832146,S2-156405291,S2-678609308,S2-939141426,S3-803152767,S3-362226080,S3-732682423,S3-352508158,S2-44916392,S3-273939716,S2-876122064,S2-318303423,S3-327676250,S3-106884521,S2-297855318,S3-391492561,S2-879575458,S3-32936956,S3-360079742,S3-907980683,S3-64823468,S3-290226547,S3-423928586,S3-348889861,S3-14876736,S3-224939296,S3-347314679,S3-97535328,S2-73649136,S3-784846691,S3-226799400,S3-879020876,S2-484659524,S2-972445392,S3-361359371
S1-734453985	S2-784589668,S3-769953435,S2-210017553,S2-178668451,S3-822866561,S2-478797269,S2-590392917,S3-301217479,S2-579558004,S3-393353048,S2-814686577,S2-391990879,S2-164255313,S3-380818342,S2-521779424,S2-177333698,S2-297457236,S3-247671864,S3-152205588,S2-96015716,S2-87618302,S3-717003349,S2-547656850,S3-338810162,S2-303598466,S2-569882261,S3-90285063,S2-736461248,S2-451526434,S3-923903051,S3-426820865,S3-807809317,S2-815890566,S3-474345233,S2-782577678,S2-537339035,S2-644074711,S2-676940761,S3-176736733,S3-725505286,S3-679306055,S3-171824752,S2-569049408,S3-42899407,S2-230944885,S3-628876983,S2-119229680,S2-509362529,S2-177897269,S2-489549602,S2-845331641,S2-143184763,S2-476437469,S3-833134140,S3-790379186,S2-152794031,S3-34110286,S3-560999407,S2-546637260,S2-949371684
S1-722883348	S3-562920468,S2-557111788,S3-183988476,S3-110510395,S3-172796510,S3-601501838,S3-750511957,S3-762145269,S3-208504253,S3-845235713,S3-989417325,S2-369243589,S3-664676263,S2-602902836,S2-153467410,S2-427568551,S2-200908414,S2-536845301,S2-539773793,S2-183085307,S3-601846176,S3-543471938,S3-442301546,S2-70698601,S2-834979860,S3-980949237,S2-539968136,S3-975638447,S3-960871192,S3-427655982,S2-545906582,S2-611542257,S2-396104567,S2-689910847,S3-460552522,S3-763578545,S2-573252221,S3-178672838,S2-888873504,S2-225963418,S2-697404689,S2-620446219,S3-859229358,S2-748395276,S3-557080246,S2-696679067,S3-564387704,S3-310460844,S2-853799526,S2-540821009,S3-541724260,S2-406063706,S2-947463120,S2-254730458,S2-883955706,S3-80503029,S3-904915098,S3-473169703,S3-821867025,S2-883003219,S3-896667134,S2-170543852,S3-758813945,S3-991950839,S2-82942050,S2-251648309,S2-862291746,S3-877270207,S2-753657867,S3-377235247,S2-848455113,S2-327889768
S1-309101313	S3-424431238,S2-404377649,S3-186674742,S3-608739152,S3-802473872,S3-855136806,S3-768741731,S2-322245462,S3-654077606,S3-449776298,S3-48433937,S2-397566914,S3-250209847,S3-589434332,S2-194920922,S3-341709815,S2-325773900,S3-942911339,S2-456718644,S3-582373592,S3-446955705,S2-727449903,S3-575167920,S2-352464995,S2-168315855,S3-952568621,S3-840186834,S2-378414116,S2-199425487,S3-141175348,S3-37325194,S2-987005561,S2-885810596,S2-171601440,S2-991604604,S3-515540003,S3-289687049,S2-163362245,S3-816081479,S3-553590754,S3-597660366,S2-801987275,S3-282767208,S2-78083922,S3-484478373,S3-506778190,S2-938747245,S3-822787101,S2-893222140,S2-379567634,S3-153435749,S3-435846912,S3-511346408,S2-891240803,S2-430094930,S2-137325554,S3-21806898,S2-94342990,S2-973761172,S2-349628392,S3-896725448,S2-148369232,S3-168055241,S3-807739009,S2-59825526,S2-894744968,S3-696104880,S2-638060093,S2-619229774,S2-517460204,S3-722819446,S3-522216574,S3-938246843
S1-266640251	S3-906625388,S3-97789290,S2-727570982,S2-946799648,S2-596110281,S3-376394183,S3-498082241,S3-740628852,S3-827097097,S3-528376909,S3-172913923,S3-852189002,S3-812853416,S2-885349316,S2-609173753,S2-81580981,S3-680032685,S2-857404707,S3-590321172,S3-731084824,S2-45071914,S2-382990298,S2-200614839,S2-140136673,S2-761089530,S3-452421911,S3-435682417,S3-962039728,S2-176453879,S3-202344780,S3-870213820,S2-109938908,S3-74953757,S2-403566075,S3-666110895,S2-413623420,S2-764306412,S2-126222886,S3-750093551,S3-981421662,S2-377541051,S3-416012424,S3-596112090,S2-155700713,S2-22700931,S2-968940128,S3-673839814,S2-955351989,S3-620935469,S2-261749908,S3-248233177,S2-102319759,S2-57473027,S3-969249992,S3-550796803,S3-690491070,S3-987793237,S2-504301632,S3-254889129,S2-879496220,S2-859393404,S3-102274711,S3-752626764,S2-633216604,S3-818582172,S3-810136268,S3-531398784,S3-13674112,S3-150772515,S3-492666221,S3-83503168,S3-780421331,S3-835806585,S3-465716479,S3-596804920,S3-54546407
S1-619068107	S2-832217974,S3-30616921,S2-406417949,S3-636968217,S2-755318198,S3-845849635,S2-822199651,S3-234043023,S3-689653521,S2-384198832,S3-54059681,S2-370635933,S2-973522132,S2-321660864,S2-383687370,S2-571375645,S3-319811727,S3-569225325,S3-427577993,S3-556785725,S3-220080021,S2-705504729,S3-937256627,S3-420735768,S2-388698583,S2-4308479,S2-727587807,S3-836715424,S3-669674866,S2-771562363,S2-835028481,S2-258299346,S2-904158203,S2-188812789,S2-210717517,S3-572380314,S2-875681520,S2-641055504,S2-84328295,S2-517421938,S3-147242277,S2-246200913,S3-10955583,S2-902062119,S2-371438130,S2-969280177,S3-399169188,S2-588983725,S3-530348734,S2-863641602,S3-81992147,S3-719473880,S3-416033669,S3-434348360,S3-790272203,S2-272944416,S3-761988542,S3-354221616,S2-211308948,S3-278700172,S2-559855687,S3-611954642,S3-400872309,S2-511376005,S2-653376534,S3-745215591,S3-50921686,S2-235250172,S2-350115608,S2-824864160,S2-832052225,S3-222679467,S2-98231715,S2-734969905,S2-218528188
S1-706856946	S3-378743485,S3-211961935,S2-991604604,S3-816081479,S3-156413929,S2-183050312,S3-427677076,S2-235976983,S2-771659054,S2-746709159,S3-127148655,S3-949357823,S3-194038047,S2-278568865,S2-76133101,S2-335241811,S2-954365821,S3-886479106,S3-400599349,S3-228391343,S3-285674461,S2-264776657,S3-863132785,S2-753631166,S3-3365963,S2-951935276,S3-752834029,S2-580023525,S2-827721210,S3-20389771,S3-46687842,S2-404109757,S3-870636888,S2-625158084,S2-789361780,S2-763003979,S3-421504210,S3-932144395,S3-470919309,S2-286515330,S3-59504831,S3-846531212,S3-893698574,S3-954953041,S3-719762271,S3-395169745,S2-388981331,S3-329954507,S3-994352786,S3-564840125,S2-749863395,S2-993051694,S2-781672259,S2-309436005,S3-567179171,S2-812643664,S3-491026765,S3-939639201,S2-845638237,S3-768329123,S2-760041943,S2-593972570,S2-882907234,S2-936788611,S2-733606475,S3-318800580,S2-386952398,S2-636951985,S2-908745311,S2-148653095,S2-969235989,S3-82304919,S2-556543773,S2-523193316
S1-774836812	S2-606468092,S2-402804051,S3-426413275,S3-216791561,S3-161704141,S3-772678617,S2-367210328,S3-336874273,S2-905934190,S3-467718131,S2-375479293,S2-750823557,S2-474506836,S2-683493602,S3-675798260,S2-55404176,S2-523953646,S3-617650221,S2-256867921,S2-797173925,S3-792600840,S2-933692206,S3-294800787,S3-580888867,S3-522454951,S3-877770640,S3-673752411,S2-326066718,S2-987831034,S2-971413747,S2-16781957,S3-442943472,S2-382172372,S2-73381415,S3-933675880,S3-933562318,S3-166597556,S3-874912000,S3-12768406,S2-438816523,S3-730957085,S3-158650066,S2-867659365,S2-834228481,S3-160515285,S2-368943645,S2-60755622,S2-11792990,S3-427259835,S2-380650640,S2-831581947,S3-23585980,S2-484902074,S2-126103359,S3-86025613,S2-856513822,S2-182242929,S3-839896022,S2-606264573,S3-750436324,S2-981698749,S3-731892089,S2-332307399,S2-588045199,S2-312191692,S2-671027660,S3-40984324,S2-604096197,S3-239676376,S3-5094068
S1-452691275	S2-18496240,S2-425305465,S2-478000488,S3-295795111,S2-867680259,S2-625476860,S2-711369792,S2-843819916,S2-202171037,S2-777164404,S2-220633560,S3-273880423,S2-618153978,S3-435009102,S2-765106214,S3-882088036,S2-185354648,S2-433680239,S2-11775502,S2-36411551,S3-884925160,S2-56293071,S2-231564735,S2-89438839,S3-438847146,S2-193517202,S2-535757276,S2-602404430,S2-895363993,S3-10622524,S2-649948398,S2-234531116,S2-571569015,S2-168525681,S2-837343331,S2-462926227,S2-950646956,S2-908457811,S2-530423725,S2-433513855,S2-349187858,S3-640865814,S2-762806580,S3-862250030,S2-345172295,S3-353268305,S2-488609470,S2-991014361,S2-988215092,S2-531062265,S2-372377764,S2-362503507,S2-281832297,S2-504971498,S3-30212920,S2-873177396,S2-545369934,S3-840024533,S2-61815018,S3-175279709,S2-345993950,S2-233939859,S2-193897228,S2-85324764,S2-611092385,S3-917816540,S2-630829551,S2-92615749,S3-947292846,S2-471760744,S2-227187547,S2-261299810
S1-277375862	S2-887931841,S2-62685360,S2-585278719,S3-450897017,S2-439584807,S3-682851388,S2-126572364,S2-322027588,S2-843040993,S2-44916392,S2-994296522,S3-356089561,S2-80205938,S3-534783457,S3-264339572,S3-395753334,S2-634927127,S3-976237098,S3-204595455,S3-272953048,S3-637013816,S3-759082898,S3-723782835,S3-423031849,S2-494297274,S2-860298474,S2-981646626,S2-833900025,S3-817914335,S2-662221399,S2-802999298,S2-154748565,S3-768918700,S3-971278783,S2-869345973,S2-629100888,S2-351096562,S2-303388367,S2-234084042,S2-139515004,S3-84133253,S2-830988025,S3-290226494,S2-882188905,S3-467662974,S3-957211658,S2-54692553,S2-804338140,S2-601355235,S3-983060122,S3-660677873,S2-771878151,S2-392014725,S2-388976005,S2-417205012,S2-223397672,S3-6664562,S3-32936956,S2-6478788,S2-653622445,S2-681504580,S2-980749350,S3-740833339,S2-280109458,S2-837041501,S3-290270265
S1-110602510	S3-557777347,S2-44549169,S2-291923318,S2-905524748,S3-847647581,S2-148508078,S2-633968124,S2-926003911,S3-582285509,S2-898599389,S2-494430593,S2-32921581,S3-170291721,S2-489088581,S2-656397915,S2-859848018,S2-904833346,S2-370391129,S2-729671636,S2-647533457,S2-407099372,S2-419111400,S2-71621081,S3-118169863,S3-276724487,S3-427889315,S2-340948199,S2-108313987,S2-675076934,S2-538404976,S2-286076418,S2-816055452,S2-74191700,S2-230875572,S2-55155187,S3-149496856,S2-368846644,S2-633573619,S2-590248044,S2-303851961,S3-111675337,S3-792493001,S2-561199640,S2-786542656,S3-620584367,S3-608511104,S2-308183488,S3-741459211,S3-414811734,S3-62308908,S3-117875921,S3-58288284,S2-731193103,S2-263680379,S2-781289854,S2-894474103,S2-344720223,S2-313270079,S2-616866403,S3-763399341,S2-878291922,S3-851527802,S3-247515522,S3-697332041,S3-636354917,S2-617029514,S3-672817639,S3-428857861,S2-104884245,S3-87577006,S2-517183257,S3-985816124,S3-450383858,S2-169495813
S1-770963722	S3-256301825,S2-593080732,S2-101266568,S2-303682581,S2-177607993,S3-230833115,S3-543865220,S3-976787447,S2-290466046,S2-852216084,S3-386169197,S3-32123112,S2-698894881,S2-111225505,S2-108669559,S2-808293831,S2-874636821,S3-919955327,S2-97390028,S2-112486394,S2-173271219,S3-124248129,S3-44837790,S3-82238622,S2-625317694,S3-79325590,S3-308628056,S2-109632402,S3-998937858,S2-665379171,S3-186234071,S3-596154478,S2-25712642,S2-988354880,S3-86876873,S3-515538788,S2-140262533,S2-43780577,S2-839523258,S2-857829313,S3-499268157,S3-347994526,S3-879571762,S2-152926449,S2-322260418,S3-544784208,S3-535046564,S2-977694963,S3-751469760,S2-308219708,S3-213962748,S3-954253925,S2-855148772,S2-518389993,S2-356532156,S2-82724388,S3-496466299,S2-825924587,S3-328023307,S3-568282934,S3-536963847,S3-81652494,S3-410787377,S3-108301149,S2-829044181,S3-585617171,S3-56085368,S2-312514311,S3-288500745,S2-160354482,S3-400389215,S3-132024663,S3-829615255,S2-196984076,S2-225516160
S1-341378122	S3-909003177,S2-109409319,S2-52135149,S3-789923863,S3-807042076,S2-429748049,S3-15694006,S3-117918192,S2-36747984,S3-277697430,S2-984226971,S3-740701544,S2-673801962,S2-988340451,S3-532152375,S2-865535932,S3-210718233,S2-308575945,S2-524594136,S2-724196256,S2-712914124,S2-734993182,S3-250231571,S2-499231127,S3-321591359,S2-448739517,S2-223472446,S2-28055536,S3-936092954,S2-23213574,S2-254422036,S2-419719451,S3-888627632,S2-395639460,S2-188475856,S2-221548512,S2-777919211,S2-725206393,S2-252609304,S3-943765305,S2-81204209,S2-42866706,S2-931648865,S2-475578995,S2-750126067,S2-361508273,S2-511587865,S2-889611220,S3-349237544,S2-59847412,S2-120303533,S2-868915655,S3-865736546,S3-416302028,S3-716888241,S3-813199364,S2-960372483,S3-897857336,S3-57368797,S3-156696939,S2-177333698,S2-990031995,S3-840329185,S2-464887178,S2-233372491,S3-101102143,S3-241935442,S2-731997126,S3-550904465,S2-735890333,S3-904407519,S3-296896670,S2-58594638,S3-516916063,S2-478716877
S1-202909837	S2-848909665,S2-279764067,S2-888767595,S2-401967653,S3-751794169,S3-918339450,S2-848455113,S2-499378933,S3-340394643,S2-739952783,S2-83571571,S3-646647823,S2-968550224,S2-787542897,S2-122619875,S3-15299968,S2-490513785,S2-569801375,S3-864310343,S2-706073931,S2-974060950,S3-981977417,S2-581905425,S2-91150407,S2-519857047,S2-641281347,S2-231888175,S2-774767132,S2-690459899,S2-342627238,S2-837978815,S2-502594473,S3-366735914,S2-411545583,S2-809338755,S2-394926296,S2-57529012,S2-244813729,S2-316342125,S2-225118724,S2-406105988,S3-96459860,S2-213723020,S3-788036466,S3-118973043,S3-835052299,S2-409063233,S2-393907704,S2-872042738,S3-799506416,S2-624356563,S3-154084109,S2-467971081,S2-184430029,S2-721520844,S2-864311044,S2-897693000,S2-151364780,S2-84982417,S2-919222317,S2-521872456,S2-58825780,S2-18897662,S3-740412705,S2-484415786,S3-758777655,S3-54809275,S2-447649940,S2-12310612,S2-440199557,S3-583405798
S1-520992658	S2-840630906,S2-492836642,S3-912439579,S3-795797038,S3-753723544,S3-764947830,S3-259240656,S3-958326260,S2-855633517,S3-918398360,S3-59097736,S3-59971944,S2-210601194,S3-485124793,S2-564112793,S2-671649180,S3-153887428,S2-615299695,S3-519606520,S3-539636648,S2-692939662,S3-236385912,S3-457277228,S3-416117385,S3-906745557,S3-180528842,S3-927967385,S3-797611444,S3-578890259,S3-351147665,S2-142547712,S2-412866359,S2-912181230,S2-736010823,S2-953430315,S2-581407238,S3-563730862,S2-468712037,S3-941064584,S3-46967347,S3-682852657,S3-340152544,S3-859306667,S2-472229901,S2-716788965,S3-502782088,S2-606826366,S2-684551309,S2-506327346,S2-445809265,S3-465564027,S2-846301085,S3-884481463,S2-162486904,S2-72476189,S2-750828253,S2-539431554,S2-744487802,S2-992224961,S2-547415476,S3-637836553,S3-61040357,S2-331836866,S3-292493546,S3-945030528,S2-115939164,S2-223851208,S3-956841135,S3-327904864,S2-292059520,S2-248548017,S2-481972156
S1-277391322	S2-165768476,S2-605005949,S3-628783729,S2-287588845,S3-334019885,S2-965654849,S2-753252458,S2-251801731,S2-237573221,S3-392722000,S2-40478498,S3-981396357,S3-858120326,S3-686908676,S3-259746654,S3-341982320,S2-843071321,S3-176339077,S2-583534848,S3-327198513,S3-768751283,S3-623468230,S3-300964048,S2-727779637,S3-911955296,S2-675366763,S2-185005085,S3-967666123,S3-849928389,S2-111529715,S2-584088730,S2-97436758,S3-420815492,S2-164685384,S3-610144422,S3-204399147,S3-243866485,S3-891207046,S3-624979888,S2-211460758,S2-267020766,S2-225928906,S3-397121145,S2-639652448,S3-642367556,S2-405413664,S2-228338166,S3-279595702,S2-141712711,S3-846512169,S2-828284117,S2-921973919,S2-135959915,S2-231876247,S3-856932824,S3-506399367,S3-669041178,S2-25272799,S3-337200213,S3-341515327,S3-50071864,S2-899383715,S2-912301356,S3-367206110,S3-442153265,S2-480865413,S3-182779859,S3-208777353,S2-95521229,S3-121440697,S2-186039838,S2-651143591
S1-638110492	S2-756851853,S2-759583598,S3-101066411,S2-373322713,S3-604289932,S2-81845902,S2-68722287,S2-80323516,S3-354070845,S3-891608925,S2-804189162,S2-283408562,S2-208672774,S2-137904907,S3-93146105,S2-75618425,S3-503558311,S2-339185685,S3-763399341,S3-888959629,S3-176587955,S3-200900814,S2-713946561,S2-442447046,S2-45071914,S2-163840404,S3-193146317,S2-505328569,S2-323387829,S2-930072425,S2-771760053,S3-859264677,S3-130210875,S2-575329360,S3-684899050,S2-162589622,S3-806540290,S3-774345900,S3-962039728,S3-54550217,S3-889273570,S3-474942942,S2-954855741,S3-632129880,S3-167716168,S3-496580290,S3-871296115,S3-879685337,S2-159917784,S2-998981400,S2-540841303,S2-579863213,S3-141792469,S3-53737228,S3-877273961,S3-178951123,S2-430429830,S3-5913134,S3-486237423,S3-200550392,S3-822937885,S3-709734062,S2-20571244,S2-82846999,S3-614895900,S2-59316770,S3-258131882,S3-672443801,S2-841621811,S3-203691254,S2-911263572,S2-698953472
S1-844896591	S3-144454290,S2-749072830,S2-328788758,S3-767359686,S2-814558932,S2-589492301,S3-57914560,S2-692939662,S2-82369450,S2-237226685,S3-992461118,S3-142362669,S2-94431642,S2-676090867,S2-739833289,S3-421092859,S2-209572369,S3-513500497,S2-158046780,S2-762335042,S2-353326035,S2-538847250,S2-153838435,S2-481240106,S2-785774127,S2-395520340,S3-25989866,S2-843005671,S3-110938545,S3-49512849,S2-997578786,S2-307706451,S2-6552120,S2-251801751,S2-310325406,S2-319882651,S2-873073149,S2-888357058,S2-507647410,S2-160507387,S2-166803526,S2-4361798,S3-616939808,S2-956289606,S3-344155565,S3-760876364,S3-921471996,S3-117432309,S2-885821733,S2-532321570,S3-77325422,S2-485902426,S2-269940755,S2-800303028,S2-623051595,S3-613233563,S2-587436725,S2-928130977,S3-77039292,S3-912025403,S3-791169148,S2-626614416,S3-142032452,S3-719874902,S2-274546833,S2-950124108,S3-960445795,S3-566354751,S2-950685803,S3-568497371,S3-897010070
S1-245014023	S2-261807930,S3-73553083,S2-990316841,S3-974234543,S2-517784434,S2-536211253,S2-109382879,S2-374677146,S3-247671864,S3-905730232,S2-798828414,S3-942807317,S3-731783869,S2-981474941,S2-541228403,S2-632333413,S3-494545753,S3-52863304,S2-787992018,S2-38910827,S3-508791179,S2-760703812,S3-499494829,S3-844824551,S2-532399244,S3-32231515,S2-793282305,S2-18681671,S2-177333698,S3-400347517,S2-332142284,S3-455796198,S3-337074563,S2-745995930,S2-68836611,S3-608247141,S3-626572477,S2-439584807,S3-76453321,S2-353148661,S2-51726237,S3-883725070,S2-952083916,S3-699519525,S2-538287323,S2-988362074,S3-677942654,S3-587041814,S2-223288657,S2-826868298,S2-866531719,S3-922145641,S2-148355153,S3-183029328,S3-770204324,S3-907938742,S2-562497096,S2-538777612,S3-222907371,S2-865706404,S2-469218224,S2-404639263,S3-126841804,S3-898724872,S3-133572120,S2-854445861,S3-800622712,S2-761972097,S2-942413491,S3-805777308,S2-702914885,S2-627360379
S1-790771894	S2-888767595,S2-816195738,S2-401967653,S2-638831686,S3-788036466,S3-751794169,S2-85336944,S2-693307120,S3-712777434,S3-629551389,S2-427630840,S3-361711604,S3-745581924,S2-316342125,S2-583617574,S2-57529012,S3-223078123,S3-927231298,S2-872042738,S2-848909665,S2-272521313,S3-648841715,S2-871734816,S2-275857224,S3-808302686,S3-474647378,S2-707319084,S2-637148458,S3-835052299,S2-234084042,S2-978214622,S2-724273139,S3-226919216,S2-675490596,S2-860542262,S2-343381660,S3-214866800,S3-780093113,S3-521651496,S3-789545209,S2-785378860,S2-33390988,S2-957382659,S2-836875648,S3-721586314,S2-434715370,S3-500722364,S3-456616566,S2-585973304,S3-257243425,S3-460691497,S2-347212931,S3-49780589,S3-237457213,S3-608635752,S2-381992754,S2-786104447,S2-23959887,S2-671609107,S3-609631612,S2-392525627,S2-431337716,S2-228797975,S3-333434668,S3-223301131,S3-217691217,S3-419821397,S2-307484236,S2-394801560,S2-791926875,S2-438397589
S1-437422427	S2-662676898,S2-770401431,S3-700231434,S3-89531003,S2-699425439,S2-613431408,S2-716329132,S2-172254657,S2-55693914,S2-219833091,S3-563513558,S3-680299876,S3-744970618,S3-894198448,S3-555934767,S2-199883120,S3-552116413,S2-941570409,S2-497080696,S2-145631662,S2-607870664,S2-394487699,S2-573476776,S2-469479692,S2-398357898,S2-950273763,S2-692078592,S2-885790584,S2-946947102,S3-819627597,S2-580451376,S3-153005744,S3-317046456,S3-503372356,S2-376372110,S3-131796887,S2-202502622,S2-777189698,S2-751541017,S3-572768463,S3-96297288,S2-874200500,S2-268970401,S2-852562731,S3-920056926,S2-723770524,S3-348528084,S3-793602331,S3-532604382,S3-798449084,S3-482564924,S3-258540907,S3-219973433,S2-416469255,S3-804394618,S2-354541531,S2-372378403,S3-852420368,S3-811313590,S3-66095919,S2-404909141,S2-621809296,S3-554003357,S2-838558871
S1-870525516	S3-597707950,S3-425277520,S3-503372356,S2-494311438,S2-396214517,S3-632713634,S2-112452524,S3-836272198,S3-750448068,S3-795044507,S2-879158207,S2-20742028,S3-616207215,S3-755102106,S2-546440731,S3-278334032,S3-426539608,S2-585413507,S2-969741720,S3-176316398,S2-65187376,S3-327769806,S3-196755595,S3-889395203,S2-197051644,S3-22190771,S3-776851534,S3-89747368,S3-552611934,S2-794730061,S2-198163085,S3-215124606,S2-924681052,S2-772154797,S2-203774138,S3-714504878,S3-819859511,S3-854413822,S3-823400406,S3-889389888,S3-36511514,S3-677279332,S3-104208004,S3-701732917,S2-254421185,S3-39370378,S3-556655185,S2-311638132,S3-725113768,S2-735623776,S3-23114906,S2-215904789,S2-821725294,S3-626691483,S2-305248041,S3-969345147,S3-497054500,S2-683350099,S3-103850732,S3-769096108,S2-405852552,S2-870905437,S2-155681006,S3-296290549,S2-82142081,S2-355755070,S3-969133462,S2-103857129,S3-343165277,S3-503310183,S3-351271265,S2-100598528,S2-681215780,S3-18537454,S3-490849079
S1-382138150	S2-439786382,S2-857755271,S2-133270735,S2-859754079,S2-899616853,S3-237771570,S2-49975588,S3-576629725,S2-868242102,S2-535885785,S2-897714693,S2-454847618,S3-156911345,S3-28004625,S2-341476036,S2-433699752,S3-134020914,S2-40698696,S2-616111338,S2-638684729,S3-818011726,S3-715438783,S2-809054787,S2-423445494,S2-986178595,S2-523476248,S2-629189951,S2-532301142,S2-43051021,S2-866514693,S2-26787543,S2-464183193,S2-500147233,S2-583379089,S2-802837546,S2-91347281,S3-504517532,S2-890710365,S2-42635997,S2-370175834,S2-802198494,S2-62955762,S3-839038111,S3-220024210,S2-488609470,S2-705748435,S2-873177396,S3-437219961,S3-445605030,S2-325625227,S3-753125827,S2-188540725,S3-502169983,S2-283874839,S2-227187547,S2-704322438,S2-31214938,S3-364636075,S2-247163144,S3-498106582,S3-234826136,S2-353165166,S2-345993950,S3-945394322,S2-844709600,S3-261239034,S2-362503507,S2-832022865,S2-131187809,S2-188447789,S2-281454716,S3-745163346,S3-663652167,S3-904294241,S2-299032018,S2-482736845,S2-55136200
S1-470699785	S3-30755609,S3-289000794,S2-789852375,S3-563124831,S2-375456364,S2-12041077,S3-393836488,S3-624715659,S2-210665033,S3-12834802,S2-1589248,S2-564934730,S3-12504766,S2-787194494,S3-463922877,S3-625532396,S3-919360980,S3-241142710,S3-300764673,S3-122288806,S2-703083213,S3-122955822,S2-950910158,S2-260094018,S3-642005515,S2-181600483,S3-974401081,S3-685252427,S3-434774087,S3-795973989,S2-730591902,S2-902612462,S2-101117022,S2-121543209,S3-477722069,S3-101358361,S3-612509817,S3-684825935,S3-308631150,S2-685645264,S3-346558225,S3-609500573,S3-756545012,S3-962832147,S3-548942431,S2-941033399,S3-511681405,S3-397307420,S3-429799540,S3-123472655,S3-166597556,S3-230159500,S3-474628667,S3-292769056,S3-259730476,S3-971278783,S3-66205033,S3-483454248,S3-321679620,S3-64215283,S2-129252656,S2-856653361,S2-384316606,S3-441422471,S3-439496655,S3-667311476,S3-135549469,S3-543800169,S3-149092724,S2-872201871,S3-115317461,S3-180670742
S1-696598587	S3-545385023,S2-221294317,S3-396107831,S3-69340977,S3-702072253,S2-498279964,S2-739850312,S2-455677492,S2-28324258,S2-977300706,S2-864449489,S2-807620607,S2-235281534,S2-165228168,S2-366734174,S2-726289953,S2-955029778,S2-582554985,S2-602371209,S2-894690049,S2-216911307,S2-983950430,S2-792943691,S2-952144605,S2-428991261,S2-849987646,S2-656485627,S2-322521781,S2-462250647,S3-945522341,S2-840879618,S3-561667927,S2-808549897,S3-597017709,S2-755147024,S2-470518488,S2-189793583,S3-62420828,S2-93975259,S3-978064694,S2-169440092,S3-450095414,S3-113418949,S3-335598713,S3-963708358,S3-984368607,S2-305360818,S2-952895081,S3-383040724,S3-689116174,S3-680815435,S3-976405316,S3-883236398,S2-143888216,S2-475656936,S3-418080283,S2-422909151,S2-464887178,S3-435139506,S3-511542463,S2-98111760,S3-805777308,S2-284072314,S2-768091855,S2-249588197,S3-938151261,S3-162499607,S2-588045199,S3-274585896,S3-782917443,S3-874640902,S2-568285125,S3-503361551,S2-705873336,S3-183688700,S3-442650749,S2-406647796,S2-475420641,S3-692974945,S3-376176963
S1-960756168	S3-310899168,S2-232342145,S3-267932243,S2-774278153,S2-794888021,S2-104630347,S3-945813841,S3-40115620,S3-418735190,S2-421462418,S2-57574568,S3-341997148,S2-99216993,S3-249896785,S2-417013477,S3-760561829,S3-117071838,S2-797310778,S3-879067927,S3-539067678,S2-280976715,S2-896695160,S2-270113589,S2-14069646,S3-564560659,S2-346565848,S2-127778636,S2-753872167,S2-461613991,S3-976667625,S2-804948682,S2-660445549,S2-813670000,S3-313610235,S2-320192308,S2-112111289,S3-108858508,S2-828810493,S3-102274711,S2-578599967,S2-409085279,S2-775954166,S2-145889845,S3-788036466,S3-768918700,S2-546333541,S2-101210133,S3-224709514,S2-697456157,S2-431694891,S2-363874514,S2-333497398,S2-984900317,S3-785269436,S3-457170789,S2-888767595,S3-552087168,S2-152211893,S2-152524263,S3-107275688,S3-853073612,S2-71741209,S2-523889861,S3-802612422,S3-311974409
S1-842881175	S2-523911840,S2-213100180,S3-262678685,S2-551333213,S2-352747290,S2-508189457,S3-898854978,S3-126750498,S2-270149705,S3-619955325,S3-785488703,S2-475655270,S3-144140094,S2-101637180,S3-942062117,S2-314186444,S3-276877892,S2-967974285,S3-945349685,S3-84392718,S2-786695672,S3-215500478,S2-149936466,S3-191236981,S3-873582967,S2-619354663,S3-167397229,S3-550928726,S2-6055958,S3-490337480,S3-91818940,S3-164430307,S2-440089855,S2-987380956,S2-504223867,S3-580165674,S3-135144095,S2-388353512,S3-516040545,S2-442804286,S3-487292776,S3-436150518,S3-671717841,S2-654636304,S2-551434607,S2-194885385,S2-599958948,S3-396636859,S2-981297220,S2-917338063,S2-866295263,S2-70424548,S2-549687730,S3-572480417,S3-542442689,S3-782912447,S3-949657782,S2-959071314,S3-601125849,S3-608808518,S3-921907256,S2-848644107,S2-990598893,S3-569133562,S2-64153032,S2-613484518,S2-886900265,S3-560377002,S2-441863190,S3-451467972,S3-235965776,S2-358023617
S1-42596820	S2-859848018,S3-185300025,S3-614945078,S2-455124754,S2-717904370,S3-501834686,S2-872213594,S2-215471766,S2-324101411,S2-44549169,S3-523114383,S2-269921800,S2-77382200,S2-521674341,S2-320338854,S2-673979826,S3-390390305,S2-326985591,S3-847647581,S2-905524748,S2-898599389,S2-633968124,S2-443793575,S2-148508078,S3-582285509,S2-263244436,S3-692038601,S2-667620522,S3-763940657,S3-648102632,S2-904833346,S3-402958681,S3-170291721,S2-494430593,S2-514967791,S2-489088581,S2-533323463,S2-31256790,S2-806823958,S2-753769600,S2-659300097,S2-42223728,S3-958847284,S3-234931047,S3-873025620,S3-413558813,S3-361889244,S2-625365305,S2-908689574,S2-141508445,S3-303097198,S2-261849952,S2-92862033,S2-339142042,S2-713031052,S3-807812617,S2-976018064,S2-382549229,S2-866559282,S2-340948199,S3-809690441,S3-871674970,S2-192473864,S2-200213194,S3-353910299,S3-137806650,S3-911080418,S2-864475923,S2-962180990,S2-640420911,S2-553509132
S1-360871186	S2-998946409,S2-490825861,S2-810527847,S2-862364847,S2-842950847,S2-172192645,S2-277904285,S2-586384065,S2-898599389,S2-148508078,S2-86879493,S2-215680798,S3-804717539,S2-414822980,S3-476529711,S2-44231869,S2-806823958,S3-688791691,S2-820533396,S2-350837206,S2-780510326,S2-103153457,S2-783435102,S2-877168934,S3-582285509,S2-740743151,S2-52017166,S2-531484460,S2-392083556,S3-381819995,S2-489088581,S2-656397915,S2-44549169,S3-678946190,S2-189121419,S2-707082042,S2-436621421,S2-905524748,S2-932570432,S2-925263919,S3-308089792,S2-356261993,S2-300301077,S2-301306063,S2-244869949,S2-911324329,S2-328210261,S2-133247382,S2-677623278,S2-884933240,S2-653921269,S2-950203549,S2-743248972,S2-901974545,S2-522025717,S2-363568555,S2-560043342,S3-691756247,S2-357274169,S2-382877357,S2-801028790,S3-586356121,S2-697193741,S2-954372912,S2-493531010,S2-648603147,S2-660027180,S2-770239742,S2-425771847,S3-128931912,S3-376391718,S3-919200640
S1-868335410	S2-147367965,S3-996786611,S3-869965726,S2-189775165,S3-829873715,S2-479086468,S3-842807032,S3-374142192,S2-975716583,S3-888601140,S2-527851119,S3-465875544,S2-280566190,S3-715072230,S3-633846886,S2-785305938,S3-144326200,S3-320796615,S3-622057031,S2-676347244,S2-764553125,S2-463166812,S2-578307345,S3-296882837,S3-182699943,S2-719991122,S3-68340461,S3-859783672,S2-62630370,S3-151503392,S3-852603802,S3-226169397,S3-858715667,S2-136204483,S2-319769532,S3-884010779,S2-624480741,S3-335722391,S2-480532788,S3-468200406,S3-364697390,S2-974654136,S3-650736971,S2-558603704,S2-973302756,S2-682509708,S3-106563679,S2-42866706,S2-418875536,S2-787499273,S3-450900125,S2-517129252,S2-552426850,S2-647021266,S3-398915272,S3-451158691,S2-991161962,S2-410056618,S3-959430636,S3-535382252,S2-460739877,S2-799199580,S2-858961611,S3-191188895,S2-558520054,S3-895114093,S3-296417906,S2-900484551,S2-995134427,S2-768709186,S2-783742788,S2-355596040,S2-369711774,S2-199141707,S3-907538041,S2-456430736,S2-598415487,S3-924709155,S3-363420972,S2-384806817
S1-780893579	S3-750448068,S2-924681052,S3-552611934,S3-191162938,S3-687656597,S3-616207215,S3-836272198,S2-761264407,S3-632713634,S2-969741720,S2-65187376,S2-112452524,S3-795044507,S2-546440731,S3-426539608,S2-585413507,S2-396214517,S3-755102106,S2-197051644,S3-288479294,S3-823400406,S3-176316398,S2-20742028,S2-879158207,S2-695678505,S2-735201125,S3-889395203,S3-278334032,S3-308682,S2-494311438,S3-82502095,S3-154288833,S2-163359413,S3-426092354,S2-203774138,S2-653556798,S3-792128350,S2-432715099,S3-714504878,S2-198163085,S2-627283630,S2-986189127,S3-943270448,S2-142153644,S2-379349723,S3-381542993,S3-129235769,S2-253319287,S2-414061856,S2-600936494,S3-40256852,S2-261024705,S3-184710888,S2-81084526,S3-131890452,S3-103444748,S2-636132726,S2-155700713,S3-172865157,S3-743318478,S2-374750542,S2-398706114,S2-880198520,S2-828703779,S2-956482993,S3-436570056,S2-677307722,S2-577838827,S2-640259105,S2-689744594,S2-546972423,S3-27823948,S2-284117033,S2-513529391,S3-588694693
S1-372897884	S2-685399863,S2-54835150,S3-517072887,S2-595033725,S2-747035239,S2-572531501,S3-109120315,S3-450861799,S2-741508060,S3-690631341,S2-796517177,S2-530882830,S3-332777228,S3-850115336,S3-787111505,S3-864559259,S2-657114549,S3-781557392,S2-639196886,S2-888625991,S3-36954193,S2-446635548,S2-401099482,S3-591896834,S2-411953126,S2-308442620,S2-742629385,S2-773559465,S3-555723298,S2-101686867,S2-928639636,S2-378707035,S3-924995428,S2-831630593,S3-82246311,S2-574149905,S3-911440718,S2-688230388,S3-410096154,S2-762592603,S3-928077113,S3-232713578,S3-85777234,S3-356238971,S2-605493518,S2-451992935,S3-52236811,S2-302370442,S3-351588871,S3-437593361,S3-361834078,S3-180076882,S2-865413679,S3-567653368,S3-841671713,S3-714934615,S2-39301649,S2-298527531,S3-226146108,S2-463017727,S2-924946907,S2-306346438,S2-620589797,S2-842022317,S3-763590999,S3-456637010,S3-407032891,S2-669293137,S2-272345919,S3-720976580,S3-268909699,S3-563853546
S1-582550646	S2-125695862,S2-981094837,S2-841362603,S3-825069507,S2-393529634,S2-915659998,S2-624823052,S3-488252578,S2-491552036,S2-223222992,S2-203336726,S3-967616315,S2-225748846,S2-266426965,S2-362597301,S3-249872336,S2-829494611,S3-888627632,S2-175113686,S3-484952965,S2-826279490,S2-574447282,S2-773555809,S2-193503888,S3-192387223,S3-114288090,S2-513257633,S2-172980805,S3-149216607,S3-217526609,S3-706700976,S3-904915098,S2-692094741,S3-717899856,S2-613204180,S3-904323820,S3-777949798,S2-348316853,S2-963462523,S3-871004339,S2-166524494,S2-997483577,S3-554839391,S3-133924988,S3-581343701,S2-858237251,S3-120910464,S3-740204735,S2-749893962,S3-623187038,S2-373134817,S3-790085498,S2-552762736,S2-496534436,S2-149845579,S2-940192315,S2-729456405,S3-822386595,S2-22205808,S2-710175093,S3-942759289,S3-956876186,S2-998783410,S3-9937504,S3-313164597,S3-897428192,S2-349453927,S3-226742611,S3-90646487,S2-791388793,S3-593931215,S3-4335628,S2-498563369,S3-445045809
S1-761888543	S2-902127740,S2-209200464,S2-735830595,S2-400714565,S3-589089722,S2-252989755,S2-201089624,S3-887580850,S2-495793419,S3-831988468,S3-199017966,S2-494755364,S2-730100321,S2-308520060,S3-332361882,S3-965519036,S3-71503410,S3-202187059,S3-34252124,S2-877598413,S3-389879517,S3-943032673,S2-362329289,S2-411500333,S3-222310642,S2-915202445,S3-730655231,S2-62584550,S3-412760988,S2-436009197,S3-147564135,S2-161614632,S3-746668512,S3-562251470,S3-204389002,S2-62076916,S3-274448663,S2-19393564,S3-219727548,S2-776985680,S2-462816155,S2-6505501,S2-458448751,S3-907267094,S3-743362386,S2-796855466,S3-810757752,S2-778736994,S2-22700931,S3-393849242,S2-456906802,S3-782236821,S2-243821617,S2-57473027,S3-741559976,S2-387323350,S3-591559669,S2-439486038,S3-65995336,S2-802947478,S2-341127446,S3-37888261,S2-873290607,S3-796629251,S3-484589045,S2-724374224,S3-717915068,S3-356103753,S3-762696584,S3-719452923,S2-426182398,S3-376392291,S2-709748280,S3-800398987,S2-101411979,S3-870017173,S3-101649967,S2-434799271,S3-311380074,S3-332395580
S1-430842276	S2-915229145,S2-201563001,S3-64817417,S3-591403999,S2-30122282,S3-721753816,S3-732233807,S2-156145640,S2-764879575,S2-914661709,S2-927235908,S2-534320225,S2-719553441,S2-734607199,S2-328896377,S2-297759446,S2-709748280,S2-212328906,S3-691156820,S2-823717263,S3-897563080,S3-595333652,S2-880101195,S3-411023211,S3-377493698,S2-313270079,S2-628723698,S2-303726261,S3-390846,S3-17161672,S2-90835793,S3-766766837,S2-449651472,S2-826566831,S2-261749908,S2-110172126,S2-930867842,S2-62467067,S2-369554588,S3-118216155,S2-632314075,S3-939834036,S3-500910721,S3-429685653,S2-533242560,S2-194062690,S2-597532562,S3-686898788,S2-366533216,S2-733494704,S3-479918303,S3-301965225,S3-364988547,S2-319744931,S3-80233309,S2-149173342,S3-230395716,S2-545063219,S2-203263860,S2-828364595,S3-207245243,S2-970356675,S3-917668059,S3-215398198,S3-210746528,S2-646314969,S3-850241907,S3-803628208,S2-678068412,S3-839863345,S2-460739389
S1-533701421	S2-434618903,S2-488928522,S2-543481590,S3-205353312,S3-989776707,S3-564272812,S3-227494838,S2-626311342,S2-657655650,S2-83994167,S2-91468451,S2-883385715,S3-755117762,S2-941543174,S2-98606663,S3-557279356,S2-470465350,S3-378404825,S2-704767803,S2-524438743,S2-334790059,S3-221118681,S2-609289471,S3-973737882,S2-19370241,S3-572381589,S3-625714924,S3-663348078,S2-521688982,S2-587839085,S3-115517881,S3-518099218,S2-152211893,S3-24662437,S3-136553102,S2-495775355,S3-834282519,S3-248738800,S2-469479692,S2-469686166,S3-769380558,S3-553929765,S2-180996143,S3-116888812,S2-775954166,S2-353286604,S3-775845283,S2-66080043,S3-456025851,S3-435443424,S3-89817382,S2-70519224,S2-223931545,S3-641694435,S3-138547343,S2-423099834,S3-215247387,S3-841064983,S3-839808791,S3-823997867,S3-400736852,S3-561700344,S2-404619673,S2-522179011,S3-859317561,S2-176779167,S2-988833483
S1-140574806	S3-403989528,S3-984897726,S3-352753392,S2-863771363,S3-629103521,S2-687142712,S2-779083369,S2-170203166,S2-169894394,S2-775746080,S3-536524497,S2-174938246,S2-51873388,S2-492477445,S2-773170031,S3-107555746,S2-736455959,S2-819605456,S2-591277113,S2-11920841,S3-685023040,S3-577657399,S2-679887623,S3-534418014,S3-128006494,S2-210115827,S2-86844170,S2-123452613,S2-571461091,S2-871018688,S3-522360603,S2-683806035,S2-672935280,S3-940640825,S3-484599000,S3-917646787,S3-142773208,S3-318158771,S2-862875653,S3-857921746,S2-727344061,S2-64051496,S3-957086851,S3-528392888,S3-608100013,S3-346377341,S3-285994632,S3-377630086,S3-91143879,S3-120025319,S3-201875873,S2-544980161,S3-751380777,S2-305898135,S2-612293060,S3-50205941,S3-569940615,S3-560452309,S3-717150712,S2-48543925,S2-187517303,S3-52236811,S3-472069999,S2-592584275,S2-609859392,S3-676432839,S2-115642019,S3-476647913,S3-203846271,S3-899123194,S3-253667765,S3-459409374,S3-591418474,S2-728899328
S1-388312190	S2-846497405,S2-613886186,S3-88753475,S3-83836442,S3-379253319,S2-69881325,S2-448548244,S2-46603140,S2-481522759,S2-755113932,S3-621535159,S2-326801959,S3-579565529,S2-137913114,S2-164661963,S3-21869940,S2-202135780,S2-660549356,S2-428070930,S2-883654105,S3-467420360,S2-175400854,S2-912812990,S3-332794351,S2-397540205,S3-801533028,S3-977989909,S3-2337321,S3-492235374,S3-626719936,S2-156790091,S2-997408631,S2-564916390,S3-402344486,S2-992672259,S2-663736970,S3-965612077,S3-238975623,S3-753012106,S3-209954058,S2-295065312,S2-310904470,S2-993210814,S3-10180366,S3-520354358,S2-902392436,S2-501875319,S3-229367095,S2-388981331,S2-227990415,S2-901352990,S3-694532064,S3-889130791,S2-746082644,S2-262539557,S3-291800945,S3-488608595,S2-878003016,S2-10768566,S3-823679165,S2-472180567,S2-949444927,S3-94355032,S2-752481434,S2-143846711,S2-170340188,S3-176053661,S3-200673596,S3-354096900,S2-364595902,S2-72084456,S3-316551541,S2-118376421
S1-767371184	S3-882088036,S2-159207579,S2-790867386,S3-10622524,S2-822171796,S2-826920823,S3-964562576,S2-625476860,S2-228494519,S2-374850342,S2-221379524,S2-92019372,S2-220633560,S2-895116270,S3-273880423,S2-237742880,S2-774426640,S2-600115417,S2-260783916,S2-947758414,S2-231564735,S2-377790326,S2-686218274,S2-666690906,S2-562884138,S3-215358241,S2-56293071,S2-422398104,S3-630184262,S2-400958216,S3-729806324,S2-539019770,S2-293444864,S2-383148775,S3-727908968,S2-651708958,S2-928190294,S2-685264609,S2-946365251,S2-759794091,S2-63598201,S2-276149380,S3-141825966,S2-762806580,S2-790009876,S3-19509782,S2-983126431,S2-349187858,S3-747814697,S2-84464833,S2-326011977,S2-743145031,S2-453063436,S2-492221584,S2-425305465,S3-352318524,S2-230431365,S3-2779862,S3-344366174,S2-694687193,S2-45823069,S3-147481269,S3-261131864,S2-424081386,S3-499954424,S2-200429808,S2-16801220,S2-305951374,S3-74613320,S2-699970234,S3-225412144
S1-395950954	S2-311361978,S2-285859028,S2-129964495,S2-195819452,S2-719963815,S3-891906210,S3-752316023,S3-450828199,S3-172510631,S3-792884147,S2-200814831,S3-406340282,S2-593940594,S2-212885076,S2-35624334,S2-129316153,S2-251801751,S2-822688131,S2-599906671,S3-889744838,S2-736830063,S3-811224395,S3-819743270,S2-583626367,S2-651640276,S3-164418013,S3-102015007,S2-818125167,S2-126996401,S2-783846074,S2-331069880,S2-575492329,S2-420139574,S3-368342004,S2-619589437,S2-196839081,S2-965085262,S3-434338855,S2-195633954,S3-558555161,S3-651944985,S3-181170992,S2-264022860,S3-558201160,S2-365108836,S3-316551541,S3-538215821,S2-633207783,S2-739298630,S3-356245179,S3-694532064,S2-167839588,S2-791471153,S3-118660716,S3-804617538,S2-629706300,S3-423078936,S2-176474379,S2-878003016,S3-845435263,S3-218368023,S2-898530552,S3-84517735,S3-858127114,S3-304074495,S2-916060418,S3-926891097,S2-472204730,S2-604984256,S2-199896581,S3-489125793,S2-942877515,S2-988698057
S1-691555791	S3-552560556,S2-896126533,S2-779969600,S2-349253327,S2-949109872,S2-965326114,S2-17298218,S3-382955629,S3-305178768,S2-706770555,S2-927875333,S3-741471413,S3-963718472,S3-907040311,S2-223502639,S2-892302414,S2-539346753,S2-628003864,S2-942768154,S2-668570916,S2-341966681,S2-619228060,S3-218495601,S3-495935135,S2-952655807,S2-498712399,S2-725138678,S2-256698844,S2-792329125,S2-276695646,S2-362793045,S2-421672451,S2-437066431,S2-931062603,S2-743344085,S2-399946430,S2-509256741,S3-306897876,S2-767374858,S3-202227523,S3-249219315,S3-678329945,S2-524542603,S3-320340851,S3-743667975,S3-380171983,S3-238195891,S3-643948947,S2-159004257,S3-688126813,S3-991795524,S3-633026180,S2-34865983,S2-279120261,S3-725661981,S3-105071087,S2-62560896,S3-189848376,S2-916786545,S2-488915476,S2-693560708,S3-806711504,S3-415981819,S3-979570143,S2-190976167,S3-698085734,S2-881645179,S3-167706305,S3-391321923,S3-922094706,S2-414346015,S2-8113723,S2-465845988,S3-581671289,S3-149363352
S1-793019850	S2-298598251,S3-993491751,S2-64300713,S2-530364098,S2-6467307,S2-24668132,S2-913341525,S2-674695507,S2-119760832,S2-182510296,S2-632333413,S3-494545753,S2-497546976,S3-499494829,S2-532399244,S3-32231515,S2-756851738,S2-709994826,S3-599153605,S3-808533860,S3-455796198,S2-439584807,S2-931310328,S3-556785725,S3-275869916,S2-38910827,S3-376704188,S2-462838987,S3-691926217,S2-306658048,S2-473721041,S3-846257169,S2-623750845,S3-475367941,S3-605846378,S3-42484426,S2-962402709,S2-888157746,S2-990986170,S2-737827298,S3-341182472,S3-421092859,S2-638988101,S3-699668086,S2-599804426,S2-839908195,S2-212885739,S2-138646861,S2-170905072,S3-980654067,S3-551391501,S3-641013131,S3-200192601,S2-792941939,S2-820247787,S3-684634981,S2-787543165,S3-460959355,S3-428207376,S2-847853762,S3-356603842,S2-19925397,S3-585887353,S2-89404271,S3-282773137,S2-891291244,S3-510379783,S3-768329123
S1-975506716	S2-949408746,S2-247525658,S2-48337240,S2-226216785,S2-66569650,S2-846069136,S2-580796822,S2-16556014,S2-872499154,S3-376971143,S3-106894059,S2-350941202,S2-996209330,S2-992218232,S3-39055578,S2-906308549,S2-245887185,S2-699187977,S2-906290197,S3-370453514,S2-817073163,S3-175483776,S3-442153398,S3-920671048,S3-245212466,S2-998793174,S2-930844766,S3-145777193,S2-348636731,S2-880709914,S2-296869138,S3-524208467,S2-742578480,S2-195224749,S3-443952098,S2-655597234,S3-307232744,S2-748740509,S3-190768737,S2-238463399,S2-391302810,S2-807872703,S3-970509756,S2-884608707,S2-190713915,S2-308510117,S3-481096704,S2-211620803,S2-198203260,S2-244289447,S2-171837447,S2-344974738,S2-118711971,S3-561079817,S3-993136335,S2-862841483,S2-95424985,S3-357850962,S2-724454153,S2-746133628,S3-421012204,S2-309568719,S3-872903465,S3-346099570,S3-484439641,S2-422510029,S3-593105915,S2-239373803,S3-655024966,S2-309109350,S2-860422500,S3-960755290,S2-566072154,S2-275865257,S3-315734162,S3-100062333,S3-385851146,S2-876047299,S3-767504564,S2-776942202
S1-495990882	S3-194898171,S2-596878321,S2-294062437,S2-451501175,S2-397789829,S2-711611190,S2-740831697,S2-184654292,S2-171207119,S3-39992114,S3-600961483,S2-359249917,S3-28885750,S2-564433190,S2-134175529,S2-41741727,S3-537010916,S3-124809816,S2-810500558,S2-416831058,S3-689689104,S3-73489423,S2-783576796,S3-726777179,S3-914554102,S2-165538215,S3-360647769,S3-741004451,S2-843738909,S2-951146455,S2-242367010,S2-125314910,S3-397262695,S2-702273799,S3-790378027,S2-427764935,S3-983937375,S3-152252508,S2-296371420,S2-948466104,S3-195404569,S3-457855246,S2-394645988,S2-821059783,S3-666544801,S2-268071502,S3-128939732,S3-215179046,S2-173714131,S2-247610312,S3-13047096,S2-199757105,S3-354306550,S3-911780569,S3-781591567,S2-856157690,S2-723644020,S2-311231200,S3-968835484
S1-666435696	S2-50992714,S2-281240000,S2-200628014,S3-664509992,S2-723849031,S3-909973798,S2-344732838,S2-646783465,S3-80483400,S2-155368104,S2-476199841,S3-454183630,S2-189641281,S2-309321467,S3-863331857,S3-862960270,S2-535108453,S2-698770637,S2-629377847,S2-618062766,S3-115021245,S2-813350027,S2-116195313,S3-801856992,S2-847152322,S2-676661435,S2-1112988,S3-714752110,S3-31751514,S3-922971635,S3-60108933,S2-620565793,S3-509247297,S2-862139087,S2-612293060,S2-806896527,S2-396841947,S2-857216235,S3-30616921,S2-481994787,S2-681990551,S3-905571881,S3-79680131,S2-206412787,S3-393242329,S2-561017128,S2-995006615,S3-239367161,S2-719991122,S3-840698787,S3-383593111,S3-133569825,S2-205824361,S3-249031374,S2-522212802,S3-296882837,S2-534757753,S2-605563140,S2-676382521,S3-880122228,S3-547241603,S2-145979372,S3-29815928,S2-551509463,S3-347768871,S2-418875536,S3-797272249,S3-28142747,S3-756590899,S3-20882903,S3-940458550,S3-225911192,S2-545906582
S1-129027978	S2-185194896,S3-273542870,S3-132907317,S2-400389957,S2-428256909,S3-763940657,S3-692038601,S2-263244436,S2-731270311,S3-402958681,S3-648102632,S2-165103314,S2-723770524,S3-244760371,S2-31256790,S2-805688233,S3-578143206,S2-939504093,S3-867086393,S3-490880308,S2-424537185,S3-483125038,S3-700555341,S3-553999187,S2-878581775,S3-752088719,S3-29795188,S2-844882406,S3-992341899,S2-553152252,S2-217445093,S2-206244251,S2-496322946,S2-664779894,S3-693882651,S2-164274633,S2-912480838,S3-579443866,S3-493450555,S3-596541484,S3-772027696,S3-587876434,S2-513515664,S3-974639317,S2-546554595,S3-675949355,S3-852614634,S2-270610276,S3-561183336,S3-655184951,S3-239052190,S2-659139265,S2-945049160,S2-561864436,S3-985441731,S3-259019265,S2-656556380,S2-807870259,S2-930038824,S2-443642964,S2-300268528,S2-921813303,S3-944016469,S3-524280908,S2-959933771,S2-851344341,S2-856059764,S3-215840417,S2-953243245,S2-227623392,S3-933346439,S3-984936535,S3-311421709
S1-922994065	S3-305352111,S2-8120187,S2-43752605,S3-627738092,S2-665652910,S3-385545015,S3-123248713,S3-254871466,S2-135309955,S3-147858912,S2-194985579,S2-461835629,S3-184983014,S2-664735900,S2-505253212,S3-718225300,S2-908168491,S3-153038155,S2-213107270,S3-881017983,S2-475620157,S2-927122114,S2-387444698,S2-409549083,S2-996428837,S2-108627124,S3-358073316,S2-821893822,S2-710629140,S2-195875196,S2-952618609,S3-752468662,S3-115677218,S2-6989163,S2-586115441,S2-628723698,S3-242051209,S2-886306151,S3-364992398,S2-449651472,S2-34374186,S2-677076393,S2-830188408,S3-439303317,S2-545316453,S2-845908863,S2-550265337,S2-828508860,S3-34448397,S3-590768775,S2-566676508,S2-447271545,S2-541713563,S2-225828741,S3-100154815,S2-239334407,S3-336920834,S3-972229802,S2-182203325,S2-517411539,S3-595429613,S3-356754164,S2-841192531,S3-728412403,S2-164376931,S2-237439909,S3-441983767,S2-768056427,S2-526712678,S2-846708060,S2-855535637
S1-623350674	S3-754616361,S2-122498745,S2-666179774,S3-970787142,S2-655236365,S3-108088897,S2-976585125,S2-695737506,S2-99491200,S2-437193083,S3-900856048,S2-534347372,S2-539203547,S2-489600685,S2-631818621,S3-470757981,S2-512820451,S3-111127924,S2-333834345,S2-511863033,S2-220737515,S2-517314935,S3-309291503,S2-195177761,S3-396819935,S3-500472644,S2-810167930,S3-745492642,S2-695141155,S2-275491165,S3-862237566,S3-402298446,S2-358409345,S2-196088758,S2-822160408,S3-416063247,S2-332778892,S2-608192709,S2-427165926,S2-359249917,S3-757179318,S2-673822351,S3-106406309,S3-474204342,S3-876276029,S2-343643466,S3-563662236,S3-2338460,S3-172244784,S2-87312842,S3-352651514,S3-284234701,S3-150994540,S2-227430845,S2-943233024,S3-179186175,S3-551076610,S3-57464016,S2-79694331,S2-876285838,S3-35254891,S3-846719818,S3-543641026,S3-294301138,S2-387278623,S3-695911106,S3-795565060,S3-165411018,S2-50843171,S3-984018192,S3-504653847,S2-178980649,S3-141698771
S1-753180274	S2-902694207,S2-885296070,S2-468037698,S2-34413135,S2-93693866,S2-787431043,S3-106767149,S2-787468302,S3-810574900,S2-859674456,S3-270062152,S2-200267070,S2-364128126,S3-778348845,S2-597331429,S2-148212845,S3-827003468,S3-839418944,S3-138134300,S2-209746679,S3-847639736,S3-596893615,S3-134361069,S2-917724974,S3-163942183,S2-74226485,S3-552266398,S2-39998868,S3-230044414,S3-484599000,S3-106228700,S2-807089370,S2-869993077,S2-287028156,S2-908474052,S2-226421147,S3-592576834,S2-846599119,S3-551959767,S3-65094669,S2-642164498,S3-690962479,S2-778972267,S3-336296396,S2-223374243,S3-913291659,S3-255908167,S3-932368994,S3-637652102,S2-149660336,S2-243763396,S3-376333294,S2-899911587,S2-598204861,S2-310772102,S2-580257416,S2-232484718,S3-771603046,S3-480403533,S2-511863033,S3-974794121,S2-499397636,S2-421358414,S3-81581328,S2-344995401,S3-900856048,S2-220336526,S2-686713583,S3-46274190,S2-549934801,S3-774157759,S2-62905049,S3-81722250,S3-29003541,S2-746772017,S3-1924248,S2-523158405
S1-617270478	S2-779534181,S3-750097591,S2-466349911,S2-2307515,S2-215904789,S3-190531204,S2-108014418,S3-729806324,S2-377790326,S2-685264609,S2-513946517,S2-221379524,S2-666690906,S2-774426640,S2-995303883,S3-363032896,S2-422398104,S2-162935092,S2-143563693,S2-352384465,S2-947758414,S2-983756344,S2-577486256,S2-600115417,S2-604482565,S2-385677886,S2-930060775,S2-531726104,S2-516353697,S2-955950684,S2-562884138,S2-248490959,S3-481081166,S2-92019372,S2-686218274,S2-383148775,S2-651708958,S2-84830309,S3-163064327,S2-537540798,S2-127252718,S3-161869359,S3-984791036,S2-970086856,S2-188795378,S3-673117219,S2-461897684,S2-613361064,S3-561013713,S2-155681006,S3-895437277,S3-707261685,S2-927293183,S3-312592523,S3-542021861,S3-191193147,S3-985371852,S3-296290549,S3-824615989,S3-925031848,S2-619852536,S3-629841988,S3-605628947,S3-300552818,S2-903446816,S3-738968984,S2-304102421,S3-437033673,S2-202584863,S3-561307572,S2-487006810,S2-722170954,S3-939254795,S2-844767517,S2-456933896,S3-376971143,S2-120684097,S3-398914738,S2-828618527,S3-259838900
S1-334052695	S2-217445093,S2-12066427,S2-98445220,S3-175183145,S3-450635469,S2-455124754,S3-692038601,S2-263244436,S3-763940657,S3-648102632,S3-578143206,S2-424537185,S2-757793146,S2-846178894,S2-472234384,S3-992341899,S2-442861595,S3-29795188,S2-108603996,S2-522998954,S3-402958681,S3-490880308,S2-31256790,S2-553018775,S3-478832844,S2-926365725,S2-150348786,S2-164274633,S2-222275179,S3-693882651,S3-862063751,S2-151688807,S2-565217049,S3-794790437,S3-237871718,S2-781126223,S3-37236824,S2-333018724,S2-165103314,S2-576580892,S2-690666650,S3-797967887,S3-717703242,S3-678311307,S2-733025108,S3-543348168,S2-754627896,S3-304501038,S3-846912573,S3-938461085,S2-967937124,S2-638017400,S2-598610883,S3-596029979,S2-449617627,S3-637707053,S3-127904788,S2-721922246,S2-759863524,S3-729568466,S2-201040866,S2-814704822,S3-362552465,S3-349589828,S3-948141733,S2-353688026,S2-87394281,S2-703829945,S2-872433077,S2-9696725,S2-854057946,S3-673427735
S1-102971431	S3-195867122,S3-597011393,S3-247396825,S3-603338246,S2-672082301,S2-930882610,S3-821147559,S2-21159147,S2-72109532,S2-814853152,S3-994805260,S3-92624949,S2-199309396,S2-766546763,S3-95057795,S3-319663415,S2-742941063,S2-363932189,S3-640712286,S2-705890173,S3-644979463,S3-750093551,S2-953997390,S3-356328247,S2-847640027,S2-172898922,S2-34547339,S3-487955323,S2-505328569,S3-525820780,S2-190713915,S2-478822139,S3-646915566,S2-465642879,S2-45071914,S3-627362615,S3-498724150,S2-320855366,S2-487005531,S2-485438325,S2-566443534,S3-673034376,S3-751848681,S3-970933816,S3-247079246,S3-986276529,S2-828508860,S3-904946655,S3-86429045,S2-75245291,S2-247163144,S3-47523244,S2-345172295,S3-728318597,S2-76595366,S2-697886269,S2-97997258,S2-901390153,S3-911696626,S3-498106582,S2-713946561,S3-451526773,S3-250876357,S3-893252275,S2-168360873,S2-981938768,S2-762461632,S2-143755348
S1-948624922	S2-704302082,S2-415941852,S2-445149265,S2-204843082,S2-781548230,S3-591733623,S2-138371332,S3-872210380,S2-133660776,S2-853930812,S3-766676625,S3-202344913,S3-973094916,S2-433966432,S2-802130222,S2-439888025,S3-190723649,S2-852771801,S2-657946400,S2-296959281,S2-482319341,S3-478673876,S2-624778412,S2-165623828,S3-453098310,S2-743268245,S2-501229096,S3-554043567,S3-255484360,S2-353471678,S3-299099717,S3-299319052,S2-694847902,S3-971540785,S3-795565060,S2-169177540,S3-130856564,S3-761059017,S3-253380501,S2-141708078,S3-557029810,S2-728287970,S3-170623332,S2-985394602,S3-627414374,S3-672277620,S2-204004550,S3-777236541,S2-291350345,S2-849163968,S3-897145140,S3-560357925,S3-887636899,S2-540981835,S2-882851903,S3-760171637,S3-536318664,S2-520424891,S2-388253121,S2-401906235,S2-222920033,S2-421162180,S3-490479316,S2-486903583,S2-71037368,S2-219520842,S3-555082105,S2-96137457,S3-463707253,S3-226093140
S1-638785454	S2-797385266,S2-854133167,S3-221084500,S2-661366673,S3-836640916,S2-191045664,S2-686074965,S3-133634637,S2-635824560,S2-777367118,S3-374768961,S3-199222567,S3-789159731,S3-510227319,S3-701308483,S2-97997258,S3-167925784,S2-164910921,S2-530701342,S2-581771397,S3-349798549,S3-841924608,S3-95057795,S3-574866196,S2-964408894,S2-578011300,S2-745909116,S2-260686291,S3-391272133,S3-92624949,S2-564999726,S2-451767567,S2-473561725,S2-918589313,S2-930882610,S2-766546763,S2-199309396,S2-245887185,S2-823573655,S2-590774517,S2-155999799,S3-632129880,S3-163681077,S2-953588261,S2-486027612,S3-511718869,S2-203475430,S2-76420430,S3-729137092,S3-930230504,S2-614972408,S2-904663916,S2-574699346,S3-672443801,S2-189121419,S2-53456843,S3-924303863,S2-192598130,S3-27266894,S2-426824642,S3-899716734,S3-550274069,S3-230739964,S2-768056427,S2-572850205,S3-391106106,S3-890692467,S3-774792944
S1-455885431	S2-832021920,S3-256886511,S3-246415656,S3-255803570,S2-918560321,S3-113633367,S2-217188577,S2-983139889,S3-152972449,S2-467915892,S3-901550721,S3-560065857,S3-348528084,S3-96297288,S2-660804962,S2-537997029,S3-245500484,S2-87170651,S2-102259926,S2-939345141,S2-212727573,S2-71597051,S2-370358496,S2-290590943,S2-270450180,S2-391663904,S2-832220409,S2-453987446,S2-627655247,S2-12615911,S2-966065312,S3-722285844,S3-186784888,S2-28123618,S3-703016733,S3-936052702,S3-962246024,S2-61879327,S2-154515828,S3-857968111,S2-750297057,S3-876520610,S2-575612968,S2-990464852,S3-845748442,S3-902598957,S3-333827937,S2-409709030,S2-49866921,S3-833659653,S2-658273368,S3-874137933,S2-263199333,S3-840655175
S1-312194988	S3-167865202,S3-113271650,S3-265844825,S2-608886373,S2-79480873,S2-785534349,S3-62096928,S2-64252621,S3-700131657,S3-133956685,S2-473142058,S2-475119161,S2-212696900,S3-342701185,S2-773180947,S2-478163523,S3-750144335,S3-610863213,S2-578011300,S3-684070518,S3-646020698,S2-247163144,S3-241839853,S2-474152123,S3-845853753,S2-340753807,S3-408490810,S2-206607762,S2-564999726,S3-581181577,S2-330665624,S2-260686291,S2-965461083,S2-392473632,S3-563889217,S3-311870926,S2-964408894,S3-739100742,S3-507741208,S2-240969961,S3-77294614,S3-227045390,S2-685328728,S2-18646578,S2-840538759,S3-774792944,S3-808876421,S3-672443801,S2-818920655,S2-290760729,S2-170428654,S3-996327344,S2-842093370,S3-42246356,S3-629526913,S2-655214877,S3-987081576,S3-944031080,S2-261460413,S2-652920455,S2-978554364,S3-919188074,S3-257228326,S3-373976999,S2-448230568,S2-505207804,S3-230739964,S2-228132648,S3-36411554,S2-241020895,S3-567153960,S2-473337184,S3-131504321
S1-745218864	S2-898171065,S3-522370920,S2-434190410,S2-317986865,S3-349969154,S3-574063486,S3-26497400,S3-85769066,S3-776723844,S2-589300359,S2-745169325,S3-865042536,S3-984667372,S3-432970517,S2-719953503,S3-565929063,S2-484700872,S3-437158071,S3-632448342,S3-377335510,S3-479708630,S3-821516081,S2-835441368,S2-871909789,S2-685454476,S3-278259456,S2-909201388,S3-952801249,S2-432261970,S2-804627671,S3-132067707,S3-987112910,S2-769281362,S3-901872120,S3-854469227,S3-79787537,S2-978554364,S3-719648713,S3-990945585,S3-213365773,S2-75608025,S2-22700931,S2-134640727,S2-6505501,S2-631410361,S2-219432880,S2-209200464,S2-303482744,S2-766864987,S2-517460204,S3-892467622,S2-930850595,S3-546525418,S2-876148854,S3-310015971,S2-367246556,S2-385654603,S2-770945909,S2-846262463,S3-759462555,S2-636160736,S2-702646757,S2-25411805,S3-684156557,S2-954814329,S3-462558214,S2-593890604,S2-57473027,S3-738968984,S2-548296620,S2-111262131,S2-509569762,S3-189008261,S3-249101807
S1-576426786	S3-235790162,S2-12041077,S3-521354243,S3-255014287,S2-830711625,S2-99585914,S3-259817194,S3-356834294,S3-432438042,S3-602946979,S3-450240063,S2-598431788,S3-383946149,S2-157181662,S3-744220497,S2-780162153,S2-811007969,S3-748046248,S3-791506869,S2-699134996,S3-790626431,S2-883794650,S3-251519566,S3-576300761,S3-153623468,S2-84013571,S3-1234189,S2-344247986,S2-684834526,S2-431004912,S2-569191891,S2-718073132,S2-394546497,S2-57338501,S3-693058916,S2-247848684,S3-614648183,S3-572380314,S2-493209905,S3-840123583,S2-13392843,S3-533760888,S3-54403874,S2-256150373,S2-869123096,S2-134760285,S3-369208596,S3-761205081,S3-300051627,S2-369203988,S2-379155109,S2-393121523,S3-468708763,S3-130382649,S3-426282127,S3-841743389,S2-831581947,S3-550351714,S2-225998968,S2-267713360,S3-262627513,S2-17576811,S3-891011695,S3-620012079,S2-71948771,S3-667473543,S2-157299406,S2-617165790,S2-546333541,S3-924625185,S3-234678620,S3-904407519,S2-27607600
S1-298951977	S2-864311044,S2-234084042,S3-78951103,S2-798053358,S2-640700399,S2-577876572,S2-205786405,S2-735478393,S2-392931909,S2-339884517,S2-475757669,S2-943580833,S3-684282206,S3-436357743,S3-976237098,S2-708194147,S3-234304199,S2-321393766,S2-343536677,S2-140810218,S2-74459032,S2-328515611,S2-751219693,S2-404958972,S3-8806683,S2-466214280,S3-972454139,S2-634303746,S2-495131696,S3-879096248,S3-326524907,S3-989623759,S2-845794119,S3-689237179,S2-572633717,S2-839579569,S3-640077584,S2-905545244,S3-49133482,S2-452509254,S2-950112893,S2-850483762,S3-971943018,S2-3280462,S3-49733222,S3-851982961,S2-267640017,S3-252752998,S2-401967653,S2-284568069,S2-98331541,S3-759766866,S3-132907317,S2-293623259,S2-102039611,S2-467971081,S2-31215914,S3-536963847,S3-726897324,S2-693099355,S3-648841715,S2-184430029,S2-165112809,S2-151364780,S3-521479610,S2-779167766,S2-600299095,S2-707065326,S2-741354047
S1-380060263	S2-868242102,S2-439786382,S2-753541499,S2-133270735,S2-857755271,S2-859754079,S2-49975588,S2-23048244,S2-82677453,S2-248219147,S2-199710543,S2-444538754,S3-325851644,S2-532301142,S2-744685697,S2-897714693,S2-827765671,S3-500600375,S2-464183193,S2-91347281,S2-177928256,S2-454847618,S2-283112567,S3-515917721,S2-749152090,S2-16007832,S2-629189951,S2-616111338,S2-298992960,S2-466263961,S2-774231123,S2-899616853,S2-26787543,S2-280281387,S2-42635997,S2-543043500,S2-823771611,S2-766952900,S3-537030414,S2-433699752,S2-724525585,S2-149993837,S3-753795565,S2-398706114,S2-400029656,S2-594722602,S2-554314129,S2-576873420,S2-391634774,S3-343346488,S2-121992974,S3-313087752,S2-724681924,S3-218890903,S2-135213270,S2-738385108,S3-242626500,S2-797531859,S3-942296077,S3-151553161,S2-636305471,S3-80071674,S2-859393404,S2-188229710,S2-288876615,S2-183033187,S2-365055172,S2-130556167,S3-17860931,S2-383069541,S2-681568197,S2-377809075,S2-387323350,S3-785242567,S3-95625549,S3-685669374
S1-603442937	S3-884925160,S2-478000488,S2-284253457,S2-261299810,S2-433680239,S2-711369792,S2-843819916,S2-777164404,S3-800472214,S2-243475006,S2-618153978,S2-11775502,S2-315823580,S2-765106214,S2-89438839,S2-36411551,S2-950646956,S2-193517202,S2-268504009,S2-18496240,S2-29355178,S2-234531116,S2-530423725,S2-853387610,S2-625483090,S2-33929897,S2-908457811,S2-453569170,S2-185354648,S2-915157170,S3-1719547,S2-916621994,S2-837343331,S2-571569015,S2-50586341,S2-462926227,S2-629103832,S2-342772094,S2-211359524,S2-895363993,S2-313713818,S2-193897228,S3-251851982,S3-861831312,S2-188284584,S2-720822553,S2-565875599,S2-149711897,S3-163931948,S2-722098691,S2-514450201,S3-175839288,S2-893465401,S2-606740532,S2-64693641,S2-331522608,S3-244335334,S2-365324422,S2-49631654,S2-768056427,S2-523283977,S2-56915992,S2-991014361,S2-142441358,S3-142757672,S2-941803016,S2-17217966,S3-999048955,S3-126357795,S2-940597016,S3-295741124,S3-661934263,S3-635693055,S2-501161597,S3-375697326,S2-673711388,S2-115105012,S3-147606215,S3-341560326,S2-268077236
S1-795245610	S2-822801875,S2-728541442,S2-413330166,S3-559280376,S3-616771585,S3-245312159,S3-711793107,S3-232385827,S2-269597022,S2-849565658,S3-232578684,S2-94390509,S2-292403735,S2-536777587,S2-963300188,S3-164575948,S3-986738936,S3-392626140,S2-838654043,S3-839090455,S2-684030010,S2-404737869,S2-324405818,S2-127104248,S2-696557758,S3-295499896,S3-960478275,S2-272847385,S3-824013845,S3-810898058,S3-943941055,S3-727825304,S2-854959253,S2-296450976,S2-596751909,S2-962522174,S2-777589068,S3-961910400,S2-962122790,S3-847070953,S3-28858373,S3-174876352,S3-60366007,S2-785852339,S3-297412436,S2-749642407,S2-61785803,S3-941116868,S3-291229663,S2-941941814,S2-699301561,S2-457624037,S3-598069437,S3-329585713,S3-682349499,S2-799118310,S2-581315985,S3-141253397,S3-831238076,S2-364638096,S2-988849664,S3-716889162,S2-32430961,S3-556091021,S2-781127469,S2-809576294,S2-607782467
S1-873852360	S2-264144866,S2-843503740,S2-29607785,S2-825954032,S2-397641530,S2-76019573,S3-181748456,S2-699778678,S3-250750724,S3-108617508,S2-893815140,S3-57554529,S3-285250811,S3-564271531,S2-426144370,S3-277365632,S3-725420934,S2-213550532,S2-605538607,S2-790425886,S3-612509817,S2-131472362,S2-860136380,S2-508602797,S3-844945949,S2-733743614,S2-982088229,S2-257569338,S3-999206425,S3-864168787,S2-915077105,S2-702370543,S2-448720779,S2-754021268,S2-594630623,S2-552212465,S2-399928389,S2-524442597,S2-458272755,S2-403433940,S2-785139940,S3-697673449,S2-648024492,S3-387069758,S3-439072601,S2-914705020,S3-816955909,S3-218300354,S3-787770633,S2-344245075,S3-138745064,S3-325802352,S3-83503168,S3-989993835,S3-306746497,S3-326567962,S2-188229710,S3-23715167,S3-921855308,S2-830807133,S3-824337762,S2-859393404,S2-635321054,S2-906620714,S3-704590786,S3-799143275,S2-99346981
S1-144718195	S2-529056556,S2-373678906,S2-786111039,S2-646867412,S2-736490414,S2-334928044,S2-178930265,S2-399971243,S3-517808921,S3-512484299,S2-463914306,S2-31633295,S2-220056038,S3-656956737,S2-19299067,S2-171568360,S3-555264023,S2-341966681,S3-680757071,S2-501358235,S2-199179217,S2-614463526,S3-347802958,S2-502047755,S3-473202434,S2-40275762,S2-961102638,S3-805458369,S3-288692855,S3-218226022,S3-622181220,S2-737285960,S3-523728448,S2-523744904,S2-869901829,S2-884135049,S2-26126776,S2-961989190,S2-602902836,S3-221465205,S2-421078322,S3-532152375,S2-740890729,S2-451444908,S3-484495786,S3-314335410,S3-163985260,S2-453229337,S2-60208246,S2-671503946,S3-613592808,S2-477394334,S2-429665478,S3-624695489,S3-868734445,S2-856889986,S2-437193083,S2-414310225,S2-535915145,S3-602376830,S3-324239773,S2-697920508,S2-832495027,S3-795364364,S2-711212229
S1-518394026	S2-978026272,S2-598848761,S2-60220214,S2-133308166,S2-340663944,S2-453661872,S2-303550410,S2-276619113,S3-822407463,S2-888235254,S2-887966810,S3-429753151,S3-137157083,S2-745868728,S3-640259029,S3-726600439,S2-484836645,S2-322918774,S2-772527930,S3-547846446,S3-311570240,S3-975462514,S3-313046451,S3-133180370,S3-830447002,S2-142086641,S2-106248676,S3-462890982,S3-334883518,S2-210653274,S3-604116378,S2-801016155,S3-227480946,S3-52906456,S3-161815031,S2-561915485,S2-455225771,S3-241772409,S2-971353836,S3-571738941,S2-288424236,S3-271887757,S2-360831214,S3-314039512,S3-370776155,S3-856628213,S2-792828663,S2-75744755,S2-267478203,S2-558878257,S3-387456739,S3-550217951,S3-57797592,S3-451642542,S2-624133305,S2-890710365,S2-557334223,S3-521121522,S2-880421480,S2-922279341,S2-94269361,S2-814052487,S2-853019796,S3-303066305,S3-595738276,S3-27266894,S3-999446,S3-327561628,S3-249868810,S2-32182314,S3-850476798,S2-58260214,S2-431375712,S3-51532920,S2-191844168,S2-66086127,S3-289647645,S2-920720425
S1-703428973	S2-253179176,S3-173862000,S2-943935880,S2-579680,S3-453666157,S2-844252373,S3-10162961,S3-107959633,S3-472160591,S2-462027331,S2-168190632,S3-880062112,S2-971413747,S3-323127877,S3-228168611,S3-960414141,S3-352295331,S3-350293828,S3-900496296,S3-3502420,S3-821444187,S3-167310131,S2-720231428,S2-409085279,S3-808594406,S2-42223728,S3-867082952,S2-913030192,S3-826005959,S3-829150360,S2-827996366,S2-296351865,S3-341024024,S2-199587967,S3-648691321,S2-459813977,S3-572893745,S2-777195907,S3-64588420,S2-496013270,S2-392482719,S3-434550796,S3-727608038,S3-54056762,S2-210721120,S2-546426576,S2-13963616,S3-581695856,S2-359665605,S2-867659365,S2-458483340,S2-550147914,S3-710120003,S3-658500258,S2-52375347,S2-448491661,S3-86248470,S2-98878499,S3-483687206,S2-414721730,S2-641059334,S2-155296895,S3-806347666,S3-297617221,S2-874603968,S3-127759584,S2-660964290,S2-757062932,S2-334146606,S2-914921005,S3-879459665,S2-743638650,S2-778812617,S3-4943112,S2-212617788,S3-521283666,S2-248752910,S2-713238299,S3-41077692,S3-279803607
S1-478051664	S2-382304757,S3-587919340,S2-157806144,S2-249644097,S3-856591995,S3-853796018,S2-712344256,S2-477217373,S3-187881783,S2-491950020,S2-493002832,S2-822829153,S2-798990003,S2-455653085,S3-851710659,S2-210117657,S2-462925215,S2-118113893,S3-229041371,S2-959611312,S2-273409772,S2-348904259,S2-301746313,S2-398488651,S3-578175770,S2-352992620,S2-158144898,S3-173969689,S3-127752812,S3-332237651,S2-2338459,S3-322128613,S2-593443822,S2-920068771,S3-704184032,S2-976773324,S3-199058879,S3-827923545,S2-394921064,S3-282773137,S2-820228144,S3-823095308,S3-663922460,S2-837133771,S2-923613371,S2-225748846,S2-268357445,S2-271555689,S3-412891285,S3-582388930,S2-219236598,S2-880486716,S3-801833142,S2-937624955,S2-37888206,S3-212751555,S3-208568931,S3-212089764,S3-695659665,S3-231339399,S2-563753438,S2-277914519,S2-516510975,S3-402206724,S3-422846427,S2-416369701,S3-440043116,S3-826697584,S3-754952867,S3-338653185,S2-433358067,S2-315896688,S3-793481874,S3-674808390,S3-298131860
S1-95925372	S3-953587322,S2-438085957,S3-956594942,S3-828387375,S2-712303318,S2-606354334,S2-450626551,S3-827027366,S2-972882903,S3-483869715,S3-643405329,S3-493939381,S2-105439983,S3-384200205,S2-117597110,S3-732207078,S2-205192244,S2-230389967,S2-190130365,S2-239142590,S2-470630217,S2-186858249,S2-465921588,S2-627450128,S2-426784242,S2-688336889,S3-807735821,S2-482448268,S3-294737054,S2-965452390,S3-822577797,S3-934442584,S2-864692397,S2-620018177,S2-484928525,S3-254141785,S2-782441739,S2-143365105,S2-552799975,S3-781754949,S2-33426944,S2-241273177,S3-12982651,S3-991802869,S3-926893724,S3-213458259,S2-26704885,S3-392756892,S2-236577190,S3-245534902,S2-522207505,S2-38830683,S2-811072158,S3-873759060,S2-482855996,S2-574349442,S2-236454203,S3-446405930,S2-214341725,S2-403887208
S1-436247714	S3-756000454,S3-720605374,S3-858474439,S3-302961757,S3-837215006,S2-454843908,S2-182008767,S2-309055779,S2-975334742,S2-445637459,S2-500806536,S2-790493716,S3-14801142,S2-995757032,S2-158098044,S3-33360736,S2-609642535,S3-985699548,S2-445106960,S2-318761441,S3-444995333,S2-981502460,S3-774737170,S3-545768975,S2-305917618,S2-396396567,S2-597958181,S2-855850915,S3-667181525,S2-747347615,S2-9756566,S2-577776891,S2-98051217,S2-151793204,S2-503433564,S3-917544277,S2-307894704,S3-102675650,S2-34892868,S2-729041067,S3-631062638,S3-188808323,S3-987267410,S2-268638596,S3-908311340,S3-591602251,S3-746487312,S3-990500146,S3-21680574,S3-968483077,S3-247106369,S3-459392453,S3-207294843,S2-457383723,S3-669318207,S3-51647159,S3-890861575,S3-135549469,S3-839142494,S3-73330501,S3-147431036,S3-197850265,S3-58528253,S3-719847578,S3-137411620,S3-668586202,S3-974401081,S3-396256962,S3-814932342
S1-993604636	S2-959836376,S2-84032071,S2-389397198,S2-230875572,S2-148508078,S3-118169863,S2-697129727,S2-44549169,S2-88312221,S2-174136981,S2-429714134,S2-633968124,S2-905524748,S2-590248044,S2-509606065,S2-369512941,S3-160563521,S2-743248972,S3-847647581,S2-437487447,S2-656397915,S2-898599389,S2-250674009,S2-489088581,S3-582285509,S2-639721129,S2-955216699,S2-370391129,S3-552435203,S2-103153457,S2-225242157,S2-349150891,S3-170291721,S2-77962826,S2-303851961,S2-145582255,S2-73413753,S2-419111400,S2-538404976,S2-328210261,S2-293670539,S2-866559282,S2-487805187,S2-244869949,S3-79289625,S2-816055452,S2-546309004,S2-49714549,S3-626119253,S3-20100588,S2-247572689,S3-358152160,S2-962180990,S2-633961426,S3-510127785,S3-395173635,S3-408443570,S3-363150121,S2-136668494,S2-5352671,S2-573082517,S3-839371477,S3-255977428,S2-560043342,S3-587217907,S3-56099464,S2-634559197,S3-871674970,S3-579135170,S3-553905369,S3-552070970,S3-543485251,S2-855362066
S1-515624637	S2-272151360,S3-409077381,S2-951350562,S2-31271558,S2-597587140,S2-951006895,S2-16977683,S2-602241852,S2-254591714,S2-275207277,S2-133950583,S2-92854944,S2-615406840,S3-677475794,S3-682270437,S2-781372960,S2-851798959,S2-498947484,S3-944995926,S2-63095336,S2-287914093,S3-275368011,S2-127845451,S2-431530908,S2-236620399,S3-76997783,S3-812651193,S2-999874400,S2-734878990,S3-223301131,S2-63463535,S2-162546764,S2-895103795,S3-40456001,S3-373992869,S3-399594636,S2-449995057,S3-450882100,S3-105506284,S2-633659287,S3-59112640,S3-285920914,S3-171131115,S3-929238256,S2-786883062,S3-832764102,S2-983676891,S3-202783120,S2-540228886,S3-197850265,S3-271774606,S2-517482096,S3-674608832,S2-412398023,S3-56085368,S3-908311340,S3-669318207,S3-600325635,S3-342847015,S3-47307644,S3-277612971,S3-292769056,S3-882828816,S2-951392995,S2-519136098,S3-21680574,S3-455985971,S3-372102007,S2-252912951,S3-740167153,S2-225998968,S3-280317762,S3-596047086,S2-775254016,S2-674272467,S2-854676522,S3-624987815,S2-976085350,S3-917746660,S2-878768582
S1-295377582	S2-954942261,S2-947758414,S2-600115417,S2-544679828,S2-774426640,S2-383148775,S2-345516678,S2-377790326,S3-884562966,S2-478183673,S2-596051142,S2-832037820,S2-841168819,S2-422398104,S2-221379524,S3-848296911,S2-562884138,S2-603978285,S2-374932545,S3-36671169,S3-630184262,S2-222379153,S2-881799150,S2-767323298,S3-740193994,S2-526412482,S2-666690906,S3-224530253,S2-686218274,S2-293444864,S2-200931397,S2-38114861,S3-850428491,S3-729806324,S2-523716994,S3-307761309,S3-751976451,S2-531726104,S2-516353697,S2-969898742,S3-576903480,S3-220024210,S3-875294030,S2-704322438,S3-728318597,S3-941234070,S2-713946561,S2-873177396,S3-779190672,S2-102821544,S3-745163346,S2-76595366,S3-47523244,S2-362503507,S3-883912304,S3-547521366,S2-2387969,S2-62955762,S2-705748435,S2-247163144,S2-641385678,S3-616697552,S2-628657796,S3-822854148,S3-986276529,S2-570191750,S3-662100607,S2-136208372,S2-878252138,S3-478709374,S3-328300472,S3-753125827,S2-327412253,S3-747219975
S1-616628716	S2-911750057,S2-301667789,S2-355100103,S2-730346689,S2-690065369,S2-799428517,S2-739816438,S2-670553382,S2-539779970,S3-358182127,S2-837873163,S2-250909475,S2-557412981,S3-481756051,S3-299317227,S3-510736304,S3-638513570,S3-514643189,S3-26886703,S3-931458311,S3-586375428,S3-262784738,S3-533139704,S3-645450691,S3-372485581,S2-57511311,S3-359048861,S3-174283148,S2-119346048,S2-678446632,S3-647554132,S2-327798485,S2-366007238,S3-353822171,S2-146349824,S3-777608726,S2-892012151,S2-553261410,S2-583496904,S2-203207503,S2-628703660,S2-130141140,S3-450967656,S3-292118189,S3-892566488,S2-629988924,S3-184919014,S2-646821307,S2-863443451,S2-92998220,S3-252836827,S3-644940510,S3-554886007,S2-537906252,S2-957546526,S2-398460096,S2-918261850,S2-486572799,S2-146672257,S2-34924491,S2-349748355,S2-147718799,S3-296389641,S2-334052274,S3-899352149,S3-354715806,S3-550185556,S2-629658691,S3-633632625,S3-711739757,S2-568882672,S2-553841973,S2-602230002,S2-846927809,S2-328879342
S1-187058094	S2-388542289,S2-694612117,S2-119078968,S2-859313583,S2-423273035,S3-559857129,S2-441938596,S3-44513075,S2-365876998,S2-165835874,S2-230870247,S2-993221227,S2-309042378,S2-851280786,S2-827740014,S2-872966114,S3-881899727,S2-533185918,S2-406758983,S2-932843757,S3-715640742,S2-328945826,S2-704449115,S3-192220018,S3-303258990,S2-37507953,S2-500952494,S3-16906411,S3-549531669,S2-335195201,S2-310840604,S2-210674684,S2-747115778,S2-70515375,S3-14082900,S3-8125737,S3-609327282,S2-482431051,S3-753125827,S2-30122740,S3-34383256,S3-573938433,S2-451120296,S3-238032780,S3-305352111,S3-408893902,S2-435778329,S3-222382040,S3-840976584,S2-995554956,S2-290899179,S3-426422485,S2-136430787,S2-352691121,S3-315721846,S3-217434645,S2-473253624,S2-301148637,S3-516911431,S3-788525228,S2-173755141,S2-306696462,S2-872213594,S3-986888746,S2-839832258,S3-723103867,S2-354995381,S2-348951142,S3-445605030,S2-697284504,S3-217178260,S3-564883389
S1-557975484	S2-203449639,S3-333847828,S3-194971113,S2-207312409,S2-996324865,S2-948293396,S3-225412144,S3-440269403,S3-225502975,S2-256988572,S2-780983022,S3-306595027,S2-95639461,S2-557049050,S3-621565675,S2-965389616,S2-317305405,S2-508319175,S2-7510983,S2-56864149,S3-58413809,S3-174013881,S2-986443329,S2-663058727,S2-883567678,S3-728602891,S3-786260516,S2-181056636,S2-596843805,S3-951432392,S3-772584545,S3-496394605,S3-970686363,S2-367986003,S3-512723005,S3-789922821,S2-444302931,S2-413012135,S2-457061093,S3-122677241,S3-941559510,S2-683438089,S2-705041822,S3-314882716,S3-74233507,S3-493129432,S2-811561229,S2-987521464,S3-516164179,S2-693211953,S3-760606523,S3-104585656,S2-119907794,S3-226018212,S2-72201874,S3-278727955,S3-641887999,S3-876432972,S2-8135342,S2-91162568,S2-73838846,S2-90268325,S2-219736692,S2-634421838,S3-286732418,S2-644231577,S2-13761214,S2-834746561,S3-948717736,S2-14591304,S2-133651279,S2-747478411,S2-746689392,S2-715125787,S2-607488190
S1-487154804	S2-23901043,S2-415729921,S2-59291960,S3-164452558,S2-101575922,S2-80378413,S3-10104553,S3-101661134,S3-327907320,S2-593004219,S3-950160902,S2-625602284,S2-226551251,S2-307517634,S3-589799067,S2-357583711,S2-316757635,S3-23621901,S2-508588463,S3-941655471,S2-567957516,S2-918807262,S2-537583427,S2-642802354,S2-764710498,S3-30330733,S3-790248386,S2-170053097,S2-925773776,S3-995436120,S2-249142793,S3-831236281,S2-382853636,S3-242967990,S3-764802548,S2-312533165,S2-801379019,S2-341407385,S2-350793982,S3-287487011,S2-473412740,S3-213396471,S2-219374527,S2-850145716,S2-325297619,S2-815246923,S3-236303015,S3-507875587,S3-764872044,S3-761713325,S2-9162696,S3-789132245,S3-941644585,S2-169941243,S3-151737765,S3-381564616,S3-663208246,S2-30769224,S3-905814766,S3-803304233,S2-275076108
S1-536638885	S3-18259864,S3-614430343,S2-707195845,S3-32246920,S3-741161103,S3-663918339,S3-449383932,S3-541972011,S2-340047870,S2-45071914,S2-539943184,S3-279776999,S3-249522001,S2-105067075,S2-363932189,S2-505328569,S3-78827696,S3-346435341,S2-817242919,S3-249243515,S3-851878169,S3-250482077,S3-842460087,S2-518386697,S3-255799386,S3-962039728,S2-694799525,S3-353316077,S3-774345900,S2-401293041,S2-516724848,S3-639439973,S2-188349875,S3-339046606,S2-222478137,S2-746628343,S3-750093551,S3-195351399,S3-428977110,S3-805783007,S2-930187248,S2-467281480,S2-675394479,S2-455122177,S3-273644591,S2-28325020,S3-505671005,S3-109533885,S3-453917193,S3-945066634,S3-152724984,S3-959034257,S3-603410948,S2-597931385,S3-276376723,S3-133778700,S3-937945935,S2-739783206,S3-728872378,S2-27968336,S3-104336699,S2-647844092,S3-217085103,S2-661275636,S2-864475923,S2-247024966,S3-749951303,S2-95883726,S3-106395792,S2-759342715,S3-785579261,S2-74877522
S1-511863452	S2-743995191,S2-317095049,S3-425382982,S3-712753787,S3-22700643,S3-440043499,S2-58656149,S2-972109364,S3-108521815,S3-184084358,S3-551959767,S3-164356826,S2-787431043,S2-570144295,S3-138134300,S3-134361069,S3-847639736,S3-552266398,S2-818913557,S2-850957041,S3-891847666,S2-807089370,S2-581363601,S2-453368719,S2-104840992,S3-602779493,S3-342282904,S2-299095175,S3-653036826,S2-584060916,S2-733794803,S3-557158637,S2-933993678,S3-602996797,S2-668182982,S2-992919488,S2-231798424,S2-238929685,S3-339872570,S2-192156935,S3-283992701,S2-296260411,S2-779023955,S2-212649391,S3-814047694,S3-983769284,S2-600682376,S2-287028156,S3-562278986,S3-63344869,S3-10037767,S3-929472406,S3-73889033,S3-426700938,S3-495856673,S2-17646782,S2-69934494,S3-164402840,S2-586812390,S3-213277234,S2-93459822,S2-73372129,S3-143252062
S1-956446110	S2-874488020,S2-606610295,S2-243582837,S2-190309905,S3-285639138,S3-167706305,S3-176880631,S2-445309472,S3-379265170,S2-369458829,S3-99506760,S3-42512057,S2-380587679,S2-455830760,S3-258916688,S2-116748146,S2-720475048,S2-585552799,S2-155700713,S3-413558813,S2-169181644,S3-885388504,S3-552534904,S2-403007952,S3-601006663,S3-820244811,S2-7495917,S2-609166022,S3-460288030,S3-889893492,S3-521226169,S2-950089981,S2-852692206,S3-265464116,S3-620046221,S2-632885243,S3-716727930,S3-478524206,S2-230424122,S3-414624239,S3-266409243,S2-827862104,S2-414061856,S2-988823880,S2-285529770,S2-200464422,S2-208680051,S2-636625504,S2-848497007,S2-961827317,S2-770333868,S2-862762162,S3-274802590,S2-126506454,S2-299032018,S2-392623952,S2-233440946,S3-187346147,S3-409877233,S3-211702485,S2-852111696,S3-414725430,S3-828154036,S2-785589800,S3-650745475,S3-888959629,S3-565264546,S2-539779970,S3-14171422,S3-768521830,S2-163887487,S3-359671525,S3-922244405
S1-889448973	S3-459197768,S3-406476229,S3-594795887,S3-977357463,S3-788126033,S2-112776236,S3-467228871,S2-813525901,S2-76690532,S2-439786382,S2-833254021,S2-126113089,S2-54265243,S2-649554773,S2-18670662,S2-857755271,S3-602054393,S2-46457579,S2-119514793,S2-321334496,S3-112603471,S2-493998976,S3-997609453,S2-286097795,S2-215169300,S3-544047761,S2-874533194,S3-364725157,S2-133270735,S3-18489640,S3-809181082,S2-859754079,S2-835545424,S2-938369898,S2-488319175,S2-744685697,S2-957959197,S2-642437932,S2-103969126,S2-903178968,S2-433699752,S3-431834911,S2-680717672,S3-509927511,S2-635569075,S2-155455751,S2-29942024,S2-202894945,S2-782615042,S2-100331681,S2-368760650,S2-85446560,S2-534393699,S2-13684854,S2-74109575,S2-55950496,S3-242063184,S2-731738095,S3-854676915,S3-60355966,S2-445420919,S3-310015971,S2-100870022,S2-3204799,S2-403281677,S2-364143834,S3-22920693,S2-583375171,S3-797103112,S3-114117357,S2-722400387,S2-399052000,S2-459587907,S2-396648228,S2-360966814,S3-572175572
S1-925403791	S3-743667975,S2-310311190,S2-693836161,S2-904188525,S2-40711189,S3-614284214,S2-758355577,S2-142377622,S2-779938874,S2-134197962,S3-782388344,S2-869862915,S3-90690135,S2-477496049,S3-712192459,S2-570560297,S2-209305476,S2-92546359,S2-565939815,S2-365369470,S2-805453715,S2-318977909,S2-549500154,S2-890460477,S2-896197836,S2-553700037,S3-641793302,S2-884900770,S2-122209291,S2-803060741,S3-349056150,S3-739607257,S2-384806817,S3-472357298,S3-751697001,S3-536963847,S2-999927060,S2-139219752,S3-227680718,S3-272125693,S3-283497338,S3-704642188,S3-145197643,S3-59112640,S3-513869711,S3-230159500,S2-604196599,S3-292002916,S3-363647890,S3-652396445,S3-815342212,S3-752648055,S3-182486473,S3-303398296,S2-147434606,S2-956258284,S3-21038074,S3-605882384,S3-140590876,S3-219345195,S3-854596630,S3-749018911,S3-303592906,S2-310413941,S3-197569200,S3-28040940,S3-196501793,S3-620109961,S3-924764421,S3-776762918,S3-771170059,S3-502685010
S1-234200441	S3-793247964,S3-247701334,S2-621054242,S2-569625167,S3-707432051,S3-522113343,S3-783126795,S2-442129835,S3-886736882,S2-637808469,S2-851981152,S2-503525880,S2-529559498,S2-258790966,S2-385677886,S2-650615133,S3-109274401,S3-666234123,S3-800773611,S3-877454225,S2-323747399,S3-127447275,S2-918110262,S3-517095947,S2-302185465,S3-10345087,S3-408499897,S2-766382659,S2-419498297,S3-153711981,S3-682681453,S2-113069348,S3-718857318,S3-294364613,S2-906728490,S3-190397100,S2-427511713,S3-580551028,S2-551798102,S2-980105135,S2-497553530,S3-217656138,S2-836840386,S2-160940503,S2-639196886,S2-227625686,S2-764991113,S2-287271893,S3-87062778,S2-764892735,S3-975674121,S2-816969439,S2-275768124,S2-273839811,S2-611402891,S3-356898073
S1-354705482	S3-409077381,S2-951350562,S2-951006895,S3-799226958,S2-597587140,S2-254591714,S2-31271558,S2-16977683,S2-498947484,S2-275207277,S2-781372960,S2-133950583,S2-602241852,S3-677475794,S2-287914093,S2-851798959,S2-615406840,S2-92854944,S3-944995926,S2-63095336,S2-127845451,S3-399594636,S2-895103795,S3-275368011,S3-682270437,S2-734878990,S3-223301131,S2-236620399,S3-76997783,S2-777785870,S2-431530908,S3-249319737,S2-999874400,S2-63463535,S2-96973637,S2-162546764,S3-40456001,S3-378404825,S3-370919302,S3-373992869,S2-355412167,S2-731957850,S2-965910760,S2-704280043,S2-767741944,S2-749042857,S2-929690888,S2-804880037,S3-681070085,S3-960249828,S3-59504831,S2-425032844,S2-518589900,S2-233076425,S3-652830689,S2-651209953,S3-663604006,S3-497556903,S2-757062932,S2-756220817,S3-789872967,S3-817992724,S2-245291586,S2-321660864,S3-793052646,S2-560211624,S2-354653808,S2-826147845,S3-490221479,S3-853496157,S2-828980625,S3-413690069,S3-785314785,S3-857153356,S3-238212969
S1-37630161	S2-497513794,S3-504445568,S3-962808683,S3-308536971,S2-615202978,S2-708194147,S3-18448879,S2-700124108,S3-678786997,S3-424122872,S2-739475656,S2-536758365,S3-932984698,S3-560440998,S3-174870362,S2-443056054,S2-229118969,S3-539468482,S2-963341915,S2-874126749,S3-524701458,S3-783639702,S2-518886617,S3-342628870,S2-145582255,S2-919075069,S3-372858479,S3-468163464,S2-894129628,S3-868080586,S3-93525954,S3-340762325,S2-453777002,S3-673683027,S3-961300278,S3-292722576,S3-313633715,S2-515533379,S3-113599531,S2-88985508,S3-777044556,S2-852081459,S3-405749225,S2-862744648,S3-338381009,S3-325228831,S3-443354903,S2-531215416,S2-482784785,S2-852535806,S2-866613266,S3-521465920,S2-95303723,S2-622773879,S2-322772890,S3-64343607,S2-867687512,S2-530364673,S2-324888289,S2-556053150,S2-230367181,S2-53713441,S2-488826892,S3-764093109,S3-111137660,S3-355513920,S2-588575816,S3-621003485,S2-525109734,S2-56081912,S2-347692129,S3-865202632,S3-251183234,S2-170995935,S2-415276023,S2-572073057,S2-272128782,S3-519058182,S3-675097195,S3-753958391
S1-763611874	S3-64841714,S2-649028480,S2-477279320,S2-402405822,S2-727855265,S3-169632360,S2-804860148,S3-465519276,S3-404309691,S3-245538102,S3-287417200,S2-303576409,S3-920489295,S3-207220690,S2-130361899,S3-22434700,S3-468375641,S3-503991398,S3-894878221,S2-871268869,S2-442696967,S3-302901311,S3-669788196,S3-357241784,S2-805863134,S3-764489987,S2-519136098,S2-711906490,S3-147161435,S3-238418572,S3-823487778,S2-991227564,S3-811030681,S3-579386034,S2-948130185,S3-837497529,S3-340570897,S2-465837411,S3-248192606,S3-513764741,S3-85970614,S3-672995760,S3-513623946,S2-349779505,S2-343501791,S2-79685666,S2-99216993,S3-39960148,S2-155152013,S2-362250230,S3-399170959,S3-978726030,S2-171236153,S3-89024668,S3-35590250,S3-667416402,S3-88883057,S2-541925088,S2-128216845,S3-821811355,S3-488814085,S2-953992533,S3-941324316,S3-124665444,S2-894260746,S2-670387559,S3-640465383,S3-642005515,S3-444788351,S3-855412396
S1-285739773	S2-918938012,S2-118625194,S2-209578683,S2-949322354,S2-945980595,S2-661036235,S2-526022788,S2-908689574,S2-199771632,S2-397566914,S2-552565714,S2-60973883,S3-960249045,S3-20919300,S2-61298106,S3-693082107,S3-62308908,S2-589702801,S3-134339149,S3-33614354,S2-488826892,S2-886658966,S3-850200237,S2-266866988,S3-403060212,S2-39933201,S2-231942062,S2-404377649,S2-899455591,S3-325436576,S3-157581059,S2-496466546,S2-432337497,S2-224980295,S3-740689415,S2-510777494,S2-735731880,S3-109198541,S2-455419114,S2-885810596,S3-629623013,S2-87788796,S2-378414116,S2-221108126,S2-391430374,S2-590634991,S2-562773437,S2-93960898,S2-336594195,S2-432279643,S3-374768961,S2-396870007,S3-15546111,S2-555748177,S2-325176208,S2-781555026,S3-231469736,S2-631161368,S2-180815254,S2-288304490,S2-471297458,S2-660010027,S2-526712678,S2-330204725,S3-586833539,S2-166554820,S2-873276599,S2-623409532,S2-227385773,S2-889734158
S1-119279828	S3-304981167,S2-347767217,S2-105827476,S2-614786096,S3-949140420,S2-228492684,S2-326452995,S2-217933559,S3-79694992,S2-505660668,S2-203995129,S3-996212456,S2-413531751,S2-560211624,S3-877187347,S2-390358164,S2-418440040,S3-30796802,S2-430894860,S3-628353620,S2-457617304,S2-666043575,S3-2055323,S2-206991486,S2-744719382,S2-735051971,S2-401967653,S3-643067624,S2-996004135,S2-618616165,S2-287222508,S3-589386453,S2-607729024,S2-585353727,S2-683817893,S2-283630715,S3-605872264,S3-710066777,S3-141962450,S3-22414039,S3-449382330,S2-656496226,S3-853878676,S2-787936112,S3-89014661,S2-332588221,S2-261618486,S2-758596191,S3-92485852,S3-64807935,S3-827003468,S3-149944576,S3-758895781,S2-265024680,S2-780607486,S3-649453381,S2-92113861,S2-740890729,S2-345384395,S2-640067773,S2-578154624,S3-284189095,S2-416120760,S2-259977288,S3-381593546,S2-232794847,S2-11680136,S2-863770029,S3-513869711
S1-432139268	S3-297908514,S3-984516422,S2-628848549,S3-698442820,S2-587820992,S2-301634447,S3-64415201,S2-402649035,S2-828612517,S2-706101439,S3-796040863,S2-418436703,S3-138606683,S3-617497692,S2-885661571,S2-412468964,S3-987782660,S2-674997966,S3-271412659,S3-806576719,S3-642693645,S2-836875648,S3-15199894,S2-238789910,S3-774946721,S2-349253327,S2-727922288,S2-143871008,S2-793665137,S3-950026531,S2-670759440,S2-190462665,S3-619615615,S2-232413629,S3-171492025,S2-40184329,S3-162851739,S2-581361436,S2-795492238,S2-627655247,S3-678319481,S2-904664080,S2-154682950,S3-435443424,S3-772921066,S2-553410329,S3-70463377,S2-521113372,S3-837154223,S2-389949711,S3-773459318,S2-38387712,S2-681076867,S2-826868298,S3-616866873,S3-895114093,S2-397940545,S2-824476743,S2-604300556,S3-769845525,S3-850024584,S2-148355153,S2-345786785,S3-643279316,S2-126103359,S2-646594637,S2-671885302,S3-562166675,S2-442261226,S2-252905735,S3-793944116,S2-326984990,S3-326194839
S1-580205927	S2-752654978,S2-358945416,S2-816989315,S2-180758715,S2-70692312,S2-207312409,S3-307974243,S2-965389616,S2-989003508,S2-780983022,S3-843234732,S2-625778085,S2-596843805,S2-317305405,S2-869241997,S3-117463326,S3-569479950,S2-18218879,S2-35613459,S3-647695338,S2-557444538,S3-104248191,S2-367986003,S3-580250440,S3-663436059,S2-7510983,S3-299894263,S2-459540462,S3-834328940,S3-792636226,S2-99019652,S2-603640233,S2-777373869,S2-481213668,S2-463946482,S2-251860,S2-797575121,S3-621565675,S2-822147744,S2-948293396,S2-126696516,S2-769445369,S2-667009525,S3-985329779,S2-257332011,S3-861831312,S2-7680870,S2-609292694,S2-81197893,S2-185660724,S2-474680077,S2-903442324,S2-767497735,S2-592241135,S3-710918015,S2-196204984,S2-949354148,S2-189506643,S3-443952098,S3-703433354,S2-681568197,S2-53346181,S2-338902521,S2-676769255,S2-441422968,S2-98527511,S2-342712833,S2-891272346,S2-29267624,S2-397566914,S2-748740509,S3-982810616,S2-866017386,S3-518368288
S1-119171444	S3-455393189,S3-704914982,S2-558726266,S2-736811415,S3-208826424,S3-568117525,S2-619050146,S2-687211858,S3-239604095,S2-65897181,S2-830163987,S2-709279250,S2-219352693,S2-390641142,S2-682450228,S2-312805338,S2-265241418,S2-585489181,S3-358303440,S2-495069747,S2-209228618,S2-779969600,S2-691691240,S2-595309508,S2-486267265,S3-339679437,S3-788162313,S3-70243667,S2-273141057,S2-555377665,S2-26113837,S2-773667632,S2-970523758,S2-735404504,S2-911203404,S2-999425499,S3-938443397,S3-422952718,S3-573937839,S3-774988875,S3-429416500,S2-846301085,S3-992959693,S3-260303322,S3-348984496,S2-614675098,S2-115939164,S3-723576084,S2-527500693,S3-854878941,S2-815170389,S3-488223669,S3-115846552,S3-658103145,S3-226742611,S3-26663605,S3-926615659,S3-432445294,S2-295952247,S3-704577249,S3-742523846,S2-984417999,S3-746115457,S3-908593880,S2-374649875,S3-918548187,S3-568697259,S3-866330366,S3-158722822,S3-787135787,S2-606826366
S1-584177675	S3-608209683,S2-285551889,S2-344754892,S3-136433641,S2-101441526,S2-516353697,S3-924461236,S2-143563693,S3-651725171,S2-812894315,S2-115402940,S2-734935817,S2-495700782,S2-930272452,S2-800608370,S2-377790326,S3-764021117,S2-774426640,S2-620754855,S2-344874334,S3-172111976,S2-947758414,S2-478183673,S2-235015904,S2-299117454,S2-323400357,S2-266336463,S3-884562966,S3-729806324,S3-99242831,S2-600115417,S2-562884138,S2-242582700,S2-422398104,S2-577486256,S2-221379524,S2-194599170,S3-83872824,S3-671431144,S3-308046543,S3-586330022,S3-838743255,S3-14401862,S3-850241907,S2-200700441,S3-605354188,S2-2107887,S3-330272680,S2-446101705,S2-958334110,S3-411337006,S3-232672269,S2-211221701,S2-550389658,S3-728318597,S3-406492284,S2-791212666,S2-179053212,S2-357561396,S2-605494355,S3-379406248,S3-199226150,S2-517981617,S3-921926971,S2-30373627,S2-418266021,S3-224133928,S3-825661713,S2-97476291,S3-881175267,S2-686080877,S2-350227253,S3-754881863,S2-204330190,S3-584501275,S3-872950615,S3-648590161,S2-111192912
S1-761930510	S3-471340724,S2-890479604,S3-155079561,S2-874200500,S3-251037558,S3-226781781,S2-444638605,S2-864913262,S2-519903945,S2-629614067,S3-574557411,S2-659718754,S2-371031103,S2-898483729,S2-177507096,S2-542301803,S3-719473880,S3-355795260,S2-96304367,S3-423309987,S2-226675024,S2-605929562,S2-198190153,S2-496846262,S2-356735547,S2-281120812,S3-852103502,S2-553258177,S3-183688700,S2-403126907,S2-78644395,S3-571312550,S2-905395948,S2-154063343,S2-682304335,S3-525867434,S2-648651689,S2-888108809,S3-594464671,S2-454519384,S2-709605576,S3-392725175,S3-644569336,S2-567024700,S2-192761335,S3-328203524,S2-372609733,S3-693060685,S3-904281864,S3-713540825,S2-90086595,S3-753356761,S2-32257105,S2-306208206,S3-783837796,S2-337288597,S2-557528895,S3-42450799,S2-733977892,S2-373136274,S2-959446760,S2-635483565,S2-134126334,S2-698305314,S2-489908959,S3-132943392,S3-287498195,S2-804915855,S2-170082458,S3-710027850,S3-186876150,S2-807672471,S2-216805431,S2-614419941
S1-197922151	S2-527099079,S2-533829663,S3-11969856,S2-163963287,S2-205388630,S2-594194378,S3-558213339,S2-271542003,S3-188859495,S3-522155890,S2-672100165,S2-521247473,S2-938091042,S2-852984555,S3-452899779,S2-66080043,S2-672096453,S3-726779627,S2-766825000,S2-93469626,S2-864651701,S2-364850085,S2-756814875,S3-26518397,S2-607620861,S2-728007070,S2-593600609,S2-761748949,S2-444131037,S2-608976064,S3-71597629,S2-387236516,S2-983135378,S2-753564478,S2-963740548,S2-259786094,S2-929201875,S2-532740600,S3-956423950,S2-660850243,S3-906095832,S3-370352332,S2-296850561,S2-536514418,S2-531391738,S3-812006425,S2-755008630,S3-230505052,S3-91997873,S3-685922369,S2-345888576,S3-569006770,S3-446372604,S3-489684154,S3-809136851,S3-742790447,S3-342286424,S3-827320968,S3-418644431,S3-71422225,S3-180997942,S3-662842024,S3-632772295,S3-61596413,S2-202930399,S3-904407519,S3-645464337,S2-128671322,S3-823997867,S2-778046800,S2-158406019,S3-946233944,S2-43171515,S3-402547677,S3-396208672,S3-335128845,S2-589829552,S2-465757828,S2-270450180,S2-504789316
S1-256602729	S2-868242102,S2-307119673,S2-124970234,S2-175302726,S3-783690404,S3-73911389,S2-154655572,S2-469312440,S2-770240710,S3-795148651,S2-684635925,S3-868936689,S2-439786382,S3-671887696,S2-857755271,S3-395534584,S3-948240477,S2-708630767,S2-133270735,S3-861927181,S2-960750480,S2-341127446,S2-859754079,S2-351551585,S3-780118815,S3-91907869,S2-521840497,S2-897714693,S2-593515230,S3-152750455,S2-194166943,S2-455714606,S3-803013209,S2-600438525,S2-278376019,S3-423305106,S2-553841973,S2-454847618,S2-764369188,S2-49975588,S3-150428342,S2-392982714,S3-602054393,S3-586773524,S2-146498176,S2-779058965,S3-610138464,S3-586509125,S3-386787037,S3-554376645,S3-808496544,S3-373886679,S2-976730217,S2-704779076,S2-738229447,S2-736734208,S3-645964997,S3-711739757,S3-157336708,S3-393949309,S3-245819797,S2-479901127,S3-797289734,S3-7027282,S3-301207029,S3-617297156,S2-497815809,S2-746321355,S2-657142051,S3-954595244,S3-932300843,S2-237466484,S3-754336317,S2-652896523,S3-184626057,S2-761644899,S2-265702896
S1-274090278	S2-673651545,S2-465889177,S2-710974582,S2-467948188,S2-420253722,S3-71283796,S3-402458345,S2-928620819,S2-681568197,S2-667871775,S2-569185594,S2-766536822,S2-249997299,S2-30466066,S3-725210884,S2-176490102,S2-290655819,S2-878928576,S3-123296920,S2-364774015,S2-164682702,S2-953092038,S2-498071695,S2-311100027,S3-403248786,S2-933026080,S3-657955081,S3-611030312,S3-441188460,S3-405166328,S2-252828645,S2-736697077,S2-212070794,S2-196204984,S2-407004679,S2-527397027,S2-711262370,S2-189506643,S2-965389616,S2-762899428,S2-164785562,S2-615656154,S3-332395580,S2-459175414,S2-338416766,S3-676896460,S3-62159337,S2-373262251,S3-261143005,S2-767497735,S2-132866128,S3-611369340,S3-516727609,S3-883806983,S2-9696725,S2-2387969,S2-766340675,S3-331765879,S2-624790012,S3-951992468,S2-334665044,S2-129689784,S2-370756183,S3-342318269,S3-572604892,S2-477465011,S3-603744101,S3-102569660,S2-56657802,S2-946589159,S2-98527511,S3-990180716,S3-227899492,S2-857044147,S3-388294428,S3-166231793,S2-791613827
S1-312481466	S2-38624546,S2-937918854,S3-761063534,S3-662023975,S3-48603516,S2-373275726,S2-434609917,S3-593497692,S2-349821189,S2-507582789,S2-566729366,S3-142880081,S2-316236643,S2-89603828,S2-301253624,S3-306574203,S3-163257039,S2-369081076,S3-392052073,S2-998494153,S2-639997940,S2-315295496,S3-57319043,S2-898753638,S2-675595387,S2-951789258,S3-839808791,S2-918374133,S3-444217243,S3-977094177,S2-99765810,S2-873356408,S2-358525255,S2-491476208,S3-365464812,S3-826049714,S2-579955101,S2-741037686,S3-236420978,S2-136332889,S2-759555260,S2-996736345,S3-259406648,S3-73819135,S2-941026637,S2-854293372,S2-193830449,S2-503846495,S3-169481929,S3-199423319,S2-637163212,S2-540155192,S3-385515685,S2-736612514,S2-942612281,S2-506113219,S2-976987969,S2-641059334,S2-390251551,S3-918824073,S3-124625391,S2-653344339,S3-999338098,S2-348838733,S2-625158084,S3-661663172,S2-972768907,S3-832734939,S3-553151404,S2-384868757,S3-239293170,S3-976672092,S2-992974200,S3-793449119,S3-715924499
S1-906079981	S3-911257472,S3-362853940,S2-468895832,S3-36758574,S2-45071914,S3-380739973,S3-962039728,S3-750093551,S2-176453879,S3-897231754,S2-505328569,S2-465642879,S2-219201040,S2-841316739,S2-985866585,S3-887777123,S3-112845775,S3-567233367,S2-427767176,S3-805347792,S2-22190807,S3-774345900,S3-40428618,S3-965711233,S3-509412888,S3-230572490,S3-805783007,S2-411108314,S3-23349588,S3-900496296,S3-404967091,S3-453392399,S2-500841766,S3-763399341,S3-356328247,S2-961175859,S3-658385963,S2-539943184,S3-417095896,S3-328425476,S2-802768114,S2-585898525,S2-613129213,S3-310015971,S2-277669170,S3-534489725,S3-11672588,S2-358764569,S2-109905092,S3-428209909,S2-818768037,S3-996706485,S2-466380342,S2-836050391,S3-725249510,S2-261849952,S3-985549236,S3-809690441,S3-285960465,S2-798074808,S3-14303667,S2-868298117,S2-851185635,S3-152747573,S2-389032254,S3-664928295,S2-791192266,S2-971339247,S3-642443627,S2-400907126,S2-284309624,S2-866425356,S3-973416958
S1-193918319	S2-445809265,S2-622493652,S2-834228481,S2-917792823,S2-601070030,S2-208432546,S2-46737389,S2-267022266,S2-533358877,S2-682446065,S2-253120022,S2-667189496,S2-754237423,S2-965036658,S2-685310940,S2-374521955,S3-239795702,S3-64269529,S2-963162395,S2-46592479,S3-135035681,S3-455584307,S2-166397067,S3-941155990,S2-304513888,S2-815153307,S2-486290046,S2-982275132,S3-588448060,S3-142118639,S2-411647326,S3-141943961,S2-161093615,S3-907849609,S3-461743171,S3-882183826,S3-633573963,S2-41663066,S2-267904061,S2-323022635,S3-990372771,S2-184737623,S3-164697297,S2-854445861,S3-576890150,S2-543007266,S2-643812589,S2-806763914,S2-674736075,S2-654501694,S2-746764031,S3-890811129,S3-611047017,S2-588045199,S2-480002867,S2-70519224,S2-851344341,S2-722257514,S2-148355153,S3-946988556,S3-289805121,S2-806931282,S2-959349075,S2-546554595,S2-917122044,S2-913519525,S3-158650066,S2-176680018,S2-672791574,S2-927659596,S3-97754375,S3-841930220,S2-795940286,S3-960539838,S2-520139245,S3-474779966,S3-553151404,S3-628708596,S2-482125308,S3-273026124
S1-928870866	S2-773254781,S2-519697042,S3-387382155,S2-131488214,S2-146858882,S2-31215914,S3-827284884,S2-163533044,S2-181770557,S3-312811386,S2-477875980,S2-117156502,S2-736136830,S2-345306217,S2-196370555,S2-569477032,S2-616836723,S2-11389574,S2-453576576,S2-93693866,S2-190847911,S3-426683270,S2-811366167,S2-813243461,S2-918439746,S2-310346336,S2-506059733,S3-610022411,S2-174754063,S2-976186040,S2-640313111,S2-527972920,S2-399364938,S2-903878991,S3-613450768,S3-259444679,S2-614806738,S3-223453487,S2-486417630,S2-707065326,S3-646499635,S3-239654351,S2-427260671,S3-679607781,S2-423986956,S3-279454260,S2-860399725,S2-642320082,S2-727922288,S3-651005074,S3-670113848,S3-94708212,S3-693183009,S2-12800595,S2-150242280,S3-732906364,S3-140525924,S3-182464365,S2-590827156,S2-12264910,S3-579732547,S3-646041802,S3-275391786,S3-440123202,S2-71425529,S2-626989118,S3-771377159,S3-232381879,S2-348494584,S2-862679141,S3-583453615,S3-989383398,S3-360034057,S3-178929423,S2-454284624
S1-613445780	S2-583040047,S3-578008693,S2-94847162,S3-917660864,S3-414761505,S2-400470233,S2-697988092,S3-957131208,S2-168360873,S2-802497053,S3-783632803,S2-137954799,S3-152407325,S2-894474103,S3-801613904,S3-470946230,S3-449890622,S3-18259864,S3-868082185,S3-871669458,S3-511704143,S3-27570944,S2-682818309,S2-565757079,S3-934480362,S3-741161103,S3-449383932,S3-591562140,S2-170543760,S2-45071914,S2-739711364,S3-827946228,S3-279776999,S3-302591797,S2-622378657,S3-772798960,S3-541972011,S2-85133515,S3-442609057,S3-345577579,S2-388290719,S2-848267453,S3-678052206,S2-472527104,S2-401293041,S3-32246920,S3-52682410,S3-973416958,S2-170092902,S3-109533885,S3-966014590,S2-876539556,S2-39961905,S3-60871836,S2-98495280,S3-979925158,S2-494430593,S2-183428682,S3-728872378,S2-278172876,S2-381230212,S3-959071729,S2-892001748,S2-199438547
S1-461369552	S2-181987583,S3-137203279,S2-422832756,S2-779405377,S2-914864625,S2-89572020,S3-369179190,S2-829715015,S3-913386839,S3-942510101,S3-470852642,S2-478230107,S2-955374431,S3-557589596,S2-244281922,S3-186701284,S2-353826490,S2-623006709,S3-423607518,S2-905512469,S3-218464051,S2-296522836,S2-125070105,S3-659303397,S2-797242328,S3-590837990,S3-705086833,S2-867491103,S3-464942978,S3-224659432,S2-463930863,S2-944772275,S2-442501538,S3-742489729,S2-582932642,S2-518293598,S2-264172545,S2-744973568,S2-941056545,S2-819415402,S2-300309078,S3-730759209,S2-826984737,S2-193830449,S2-302370442,S2-129252656,S2-486832792,S2-449627697,S2-631571573,S2-654821674,S2-240567370,S2-115367365,S2-845183243,S2-550544896,S2-182829781,S3-623312025,S2-745254442,S2-186308575,S3-978032089,S3-404890529,S3-184733102,S2-370818838,S3-647395989,S2-452265406,S2-369081076,S2-363072088,S2-980868758,S2-146593098,S3-450900125,S3-748157614,S2-567950393,S2-965274658,S2-655664149,S2-861006233
S1-38402575	S3-886031599,S2-760323383,S2-437548135,S3-856590607,S3-702169366,S2-132866128,S2-213874601,S2-653279267,S2-264144866,S2-223493773,S3-171598643,S2-177918546,S2-690767550,S2-183033187,S3-554121464,S2-843503740,S2-712397201,S2-213550532,S2-29607785,S2-605538607,S2-220440977,S2-790425886,S3-172940292,S2-21471138,S2-403433940,S2-448720779,S2-250010982,S2-109817052,S2-756074187,S2-659380683,S2-846178894,S2-982088229,S2-76019573,S3-302912324,S3-277365632,S2-825954032,S2-699778678,S2-842896033,S2-719587272,S2-397133859,S3-209530614,S3-690399505,S2-174204077,S2-4639423,S3-836827818,S2-798299507,S3-565662167,S3-859666578,S3-594565528,S3-663519428,S2-553193794,S2-129689784,S2-636305471,S2-729433636,S2-708867369,S2-949636022,S3-736640530,S3-818579995,S2-991521451,S2-112345378,S2-76050305,S3-860992416,S3-584203683,S2-377732067,S2-988297985,S2-93373345,S2-373262251,S2-133018231,S3-519545036,S3-7040241,S2-506792540
S1-37338275	S2-999962140,S3-612509817,S2-861414287,S3-919360980,S2-430432800,S3-563124831,S2-23264225,S3-875886981,S2-647795033,S3-721292124,S3-385665030,S2-448720779,S3-460650596,S3-624715659,S2-1589248,S3-463922877,S3-679462319,S2-699778678,S3-241142710,S2-403433940,S2-790425886,S3-625532396,S2-23752133,S3-12504766,S3-80519241,S3-190862826,S2-380065837,S2-355301462,S2-104884245,S2-213550532,S2-966560033,S2-47418170,S2-737827298,S2-614939600,S2-605538607,S2-830807133,S2-878310935,S2-313104341,S2-12779077,S2-264144866,S3-770560806,S3-384579283,S2-508857969,S2-904009571,S2-533468623,S2-519087156,S3-326565403,S2-322841470,S3-822390044,S3-47035394,S3-89337726,S2-812083735,S3-704590786,S3-981918235,S2-404248545,S2-482704319,S2-947276318,S2-724681924,S3-415369754,S3-138745064,S3-326567962,S2-748497852,S2-785445556,S3-82938515,S3-996799947,S3-969249992,S3-401962497,S3-69550546,S2-850846611,S2-909707057,S2-543725336
S1-543127091	S2-247595002,S2-872956773,S2-625825667,S2-229962546,S2-400003645,S3-707713895,S3-106406309,S3-273926080,S3-824105170,S3-319847558,S2-964822160,S3-277522569,S3-763086390,S3-683806905,S3-294301138,S2-236618443,S3-551076610,S3-51362987,S3-837474521,S3-665815377,S2-178241503,S2-282841982,S3-582060782,S2-812455798,S2-80894318,S3-940966258,S3-421144019,S2-150658588,S3-648565987,S2-984993430,S3-411558681,S2-748690411,S3-556091021,S2-905131874,S3-142685711,S2-318277713,S3-440902104,S3-114901242,S2-562079777,S3-958924542,S2-387278623,S2-673822351,S3-757179318,S3-876276029,S3-474204342,S2-343643466,S3-172244784,S3-271502822,S2-974728151,S3-576445657,S2-50843171,S3-93503695,S3-563662236,S2-178951342,S3-159482018
S1-340996011	S2-317467842,S3-673034376,S2-975285928,S2-345172295,S3-225874382,S3-672256872,S2-183994815,S2-851238110,S3-805783007,S2-540841303,S3-42482042,S3-241142710,S2-128603185,S2-505328569,S2-892976123,S2-311749563,S2-45071914,S2-916021995,S3-487955323,S2-20461001,S3-429912094,S2-486836244,S2-633941400,S3-252462121,S2-176453879,S2-276944356,S3-785579261,S3-219641637,S3-168576075,S3-289849242,S3-962039728,S3-977859195,S3-554702732,S3-980177573,S2-156725250,S2-174618060,S2-45031441,S2-335747637,S3-640712286,S2-671023040,S2-915815653,S3-413642461,S3-833081324,S2-697886269,S2-362602827,S2-705748435,S2-131438681,S3-47523244,S3-904294241,S2-713946561,S3-753125827,S3-986276529,S3-325481833,S3-195867122,S3-220024210,S3-616697552,S3-247396825,S3-547521366,S2-488609470,S3-217434645,S3-603338246,S2-439486038,S2-303840498,S3-52408285,S3-821147559,S3-498106582,S2-878213762,S2-75245291,S2-566443534,S3-576903480,S3-328300472
S1-606725408	S3-217085103,S2-675394479,S3-109533885,S2-143014389,S2-95236532,S3-774345900,S2-457596697,S2-765069766,S3-533981091,S2-405322100,S2-98281723,S3-739419193,S2-784569977,S2-153742450,S3-422967168,S2-486836244,S3-504602593,S3-870101799,S3-556594182,S3-731904292,S2-53205733,S3-457466471,S2-708389947,S3-36412007,S2-726639142,S3-673803251,S2-403241433,S2-526629027,S3-247048635,S2-868974295,S2-68831979,S3-742960058,S3-66338284,S2-837596635,S2-136484180,S3-137095212,S3-799468048,S2-25860616,S3-393004674,S2-918436340,S3-526509160,S2-964292853,S3-976937264,S3-847790890,S3-700873379,S2-479495798,S2-455134753,S2-886359416,S3-276376723,S2-154334183,S2-95883726,S3-73113721,S2-62076916,S3-51925342,S3-620286426,S3-712274579,S3-404967091,S2-10879301,S3-805023613,S3-273644591,S3-354698454,S2-790695226,S2-721244728,S2-663885249,S2-190713915,S2-95424985,S3-896259179,S2-200614839,S2-232784264
S1-945115789	S3-774820906,S2-73838846,S3-816955909,S2-393369363,S2-459481005,S2-544649705,S2-58260214,S2-273821244,S2-994914990,S2-527422854,S2-604186304,S2-384997630,S2-149370940,S3-851691638,S2-843503740,S2-771337374,S2-488584515,S2-535432254,S2-352121573,S3-785789418,S2-416417693,S2-699778678,S2-399552910,S2-416401803,S2-386302724,S3-178723176,S3-422024505,S2-188229710,S2-151688807,S2-339749558,S3-767196077,S2-305508408,S2-448720779,S2-472820763,S2-756393607,S2-321024271,S2-982088229,S3-5433223,S2-264144866,S2-817414773,S2-615081941,S2-345936905,S2-684321221,S2-722887792,S2-755747211,S2-74109575,S2-283541803,S2-326621295,S2-730894531,S2-585774381,S3-365671136,S2-731738095,S3-776427314,S2-399052000,S3-553031402,S3-708152979,S3-783631819,S2-802837546,S3-123030748,S3-752024900,S3-255792272,S2-153087367,S3-950085056,S2-634421838,S2-988717480,S3-560979259,S3-471301811,S2-538649199,S2-103603271,S3-133793647,S3-40457362,S3-379424207,S2-903223182
S1-639012333	S3-494684586,S2-325760130,S2-51304489,S3-558213339,S2-271542003,S3-452899779,S2-938091042,S2-672100165,S3-188859495,S2-521247473,S3-512873193,S3-726779627,S2-660850243,S3-421869378,S2-66080043,S2-201039176,S2-527099079,S2-672096453,S2-852984555,S2-409310206,S2-163963287,S2-782408561,S2-74417438,S2-607620861,S3-764824637,S2-93469626,S3-951544555,S2-557634773,S3-523047963,S2-593600609,S3-198621754,S2-608976064,S2-753564478,S2-864651701,S2-728007070,S2-178224871,S2-963740548,S3-71597629,S3-30600920,S3-95253140,S2-463713237,S2-360585628,S2-608629229,S2-189723704,S3-698122759,S2-4594139,S3-603778757,S3-581512350,S3-493384193,S3-262038586,S2-622037749,S3-314389597,S3-951379828,S2-199757707,S2-276973587,S2-940368813,S3-501954504,S2-999388894,S3-123686010,S3-11197099,S3-206834533,S3-389401238,S2-676347244,S3-413201188,S2-728507538,S3-939794055,S2-356738680,S2-676828807,S3-1556329,S2-26564516,S3-254731968,S3-152703886
S1-473235417	S3-102244888,S2-1505887,S2-912255099,S3-653250965,S3-174821368,S3-464929036,S3-429275791,S3-125463115,S3-478740633,S3-931954535,S3-141322609,S2-762138912,S3-230787418,S3-924147392,S3-677120145,S3-153984195,S3-877951354,S3-807904400,S2-227073225,S2-12197952,S3-726629042,S2-838004995,S3-900153524,S3-895520493,S2-809136499,S3-636218373,S2-143974777,S3-161407933,S2-388253121,S3-979019329,S3-301418446,S2-723693171,S3-551079246,S3-449890622,S3-409981870,S3-648720478,S2-467499109,S3-390399145,S3-669464149,S2-17178786,S3-608367687,S2-874743901,S3-701878287,S2-143067447,S3-788823013,S2-870910488,S3-99179817,S3-948366739,S3-773782681,S3-34737707,S2-889587153,S3-691534192,S3-89246366,S2-163860753,S3-785647693,S3-309446818,S3-435906768,S3-449458172,S3-7224230,S3-545351782,S3-407128988,S3-657322569,S2-37398581,S2-308073993,S3-144625859,S2-837615087,S2-820633064,S2-276739341,S2-488473181,S3-177830630,S3-683305589,S3-420492376,S3-752152926
S1-930984906	S3-542801956,S2-249209933,S3-146405003,S2-501809454,S3-820003230,S2-852977673,S3-814722980,S3-867745530,S2-326239792,S3-405568131,S3-899693463,S3-187866795,S2-246818196,S3-443036803,S2-616512356,S2-831726341,S3-674993886,S2-878213762,S3-763994780,S2-555658425,S3-23349588,S2-81845902,S3-766464064,S2-193188453,S3-693016509,S2-857720786,S2-122128267,S3-581718562,S3-110630740,S3-321013904,S3-179822932,S3-929723822,S2-669804692,S3-887777123,S2-961175859,S3-891608925,S2-45071914,S3-893887525,S3-193146317,S2-573790924,S2-997610957,S3-779712561,S3-147564135,S2-990859431,S3-753214082,S3-464381537,S2-349748355,S2-636305471,S3-561013713,S3-536256864,S2-930867842,S3-908646887,S3-735700866,S2-177021293,S2-69730118,S3-11848561,S2-286314001,S2-491441309,S3-996344923,S3-945500336,S3-613316277,S2-394684248,S2-704142395,S3-347173264,S2-915476300,S3-211843256,S3-163437850,S2-12437319,S2-726732611,S2-601724955,S3-957137582,S3-640997844
S1-862093695	S2-521247473,S2-756814875,S3-956423950,S2-115244212,S3-255208321,S3-558213339,S3-188859495,S2-271542003,S2-672100165,S2-66080043,S2-929201875,S2-527099079,S2-938091042,S3-376536331,S3-452899779,S3-446372604,S2-672096453,S3-726779627,S2-163963287,S2-852984555,S2-753564478,S2-359790867,S2-593600609,S2-963740548,S2-728007070,S2-93469626,S3-71597629,S2-607620861,S2-608976064,S2-864651701,S3-951544555,S2-205388630,S2-532740600,S2-610099748,S2-444131037,S2-364850085,S2-210211020,S2-755655304,S2-989745180,S2-761748949,S3-578159284,S2-568362859,S3-904407519,S3-470481719,S2-71948771,S2-369203988,S3-879571762,S3-435807891,S2-387236516,S3-446755346,S2-870725716,S2-98478553,S3-372158464,S3-281698066,S2-204961535,S2-398772289,S2-512834037,S2-943233024,S3-433294387,S3-71422225,S3-111562961,S3-799171221,S2-345786785,S3-855328569,S3-653781130,S2-118356131,S2-776052347,S2-783092008,S3-279325250,S2-810670202,S3-554003357,S3-30241418,S3-774000901,S3-15537911
S1-749000475	S2-247593592,S2-262918311,S3-178084714,S2-835202415,S3-27319267,S3-983001754,S3-281565254,S2-131720862,S2-507160206,S3-149847603,S3-712427659,S2-202726942,S3-910657009,S3-269849680,S2-485172925,S3-510960220,S2-794993571,S2-505444676,S2-395632950,S3-687130716,S2-885349316,S2-274227325,S2-243782054,S3-511573342,S2-56631800,S3-308621983,S3-979326755,S3-405873149,S2-620156938,S2-963679620,S3-675473319,S2-898306750,S2-75313451,S2-534592123,S2-414628095,S3-810042620,S2-271935484,S2-539872542,S3-738648335,S2-217445093,S3-899515880,S3-899514279,S2-455579763,S3-934425196,S2-30091746,S3-508045718,S3-519365804,S2-670063164,S3-764757215,S3-128424945,S3-286715376,S2-151871458,S3-696703269,S2-273884897,S2-428132003,S2-81580981,S3-813855148,S2-865878281,S3-613574731,S2-110061171,S3-666003850,S2-15241240,S2-201507934,S3-174920788,S2-921274499,S3-886389158,S2-245517559,S3-370642381,S3-585746500,S2-894293266,S2-451799742,S3-758111457,S3-258256039,S3-88393832,S2-832324901
S1-369632481	S2-259858270,S3-525304387,S3-868560435,S2-302301399,S2-11792990,S3-639058117,S3-195132979,S3-958429838,S3-485317167,S2-142277206,S3-388826916,S3-648822952,S2-155812625,S2-954237935,S2-827881324,S2-936336719,S2-706628331,S2-199318275,S3-464728611,S3-953309208,S3-522146126,S3-862867548,S2-801320136,S2-821799944,S2-171380499,S2-509289203,S2-710971383,S3-122308980,S2-32350390,S3-513599163,S2-468782642,S2-134525567,S2-377548200,S3-231818684,S2-438816523,S2-925854669,S3-158034201,S2-972200607,S2-66054877,S2-838427488,S3-244855703,S2-101417735,S3-519803849,S2-991399200,S2-854312583,S2-302828791,S2-351643471,S2-144757916,S2-908965487,S2-356735547,S3-269473307,S3-403476898,S2-354018227,S3-593593999,S3-688386830,S3-413690069,S3-940312632,S2-41402922,S3-96697532,S2-561666989,S3-730236399,S2-376727466,S3-919510292,S2-53686206,S2-501620100,S3-141837023,S3-212810555,S3-841275232,S2-875412577,S2-499962923,S3-884867716,S3-1242265,S2-218528188,S3-210240396
S1-430604402	S2-808801060,S3-861618489,S2-471697319,S3-788060316,S3-854056671,S2-724966076,S2-222591131,S2-747981152,S2-76895467,S2-507274256,S2-943347513,S2-717026173,S2-894616416,S3-512484299,S3-283799678,S3-696086606,S3-328749011,S3-53526646,S2-184437169,S2-644504484,S3-439274042,S2-568583702,S2-876285244,S2-530868795,S2-317387529,S2-987567217,S3-19095188,S3-958326260,S3-769019341,S3-647677892,S2-455325987,S2-49114622,S3-829098205,S3-655184951,S3-627905815,S2-814621986,S2-443938429,S3-453233107,S2-480212981,S3-721799959,S3-129185090,S3-450440228,S3-880580317,S2-660549356,S3-605882384,S3-468708763,S3-832764102,S3-359106520,S3-440541217,S3-719847578,S3-920755845,S2-795809304,S3-286690553,S3-135549469,S3-108492187,S3-293004547,S3-908311340,S3-581671289,S3-307170534,S2-713416244,S3-451768520,S2-641463427,S3-722255864,S2-225998968,S3-244900928,S3-277612971,S2-638983776,S3-538117808,S3-718857318,S3-17234527,S2-343861125,S2-377766103,S2-912100996
S1-538780979	S2-859393404,S3-497886931,S2-163822809,S3-871664085,S2-818427327,S2-682570377,S2-773196249,S2-448720779,S2-250598875,S2-762258448,S2-323335225,S2-339749558,S2-699778678,S2-403433940,S2-23752133,S2-104884245,S2-568092188,S2-768280420,S2-12779077,S2-966560033,S2-213550532,S2-524442597,S2-313104341,S2-859754079,S2-878310935,S2-264144866,S2-130556167,S2-3474475,S2-790425886,S2-62479023,S2-825954032,S3-33842912,S2-389510713,S3-955504995,S2-395800668,S2-605538607,S2-846178894,S2-982088229,S2-213874601,S2-672381387,S3-445944306,S2-165033499,S2-766192710,S2-376766862,S2-558381516,S2-493601144,S3-413446229,S2-689000025,S2-705811768,S2-874287405,S3-675009586,S2-791158959,S2-690072744,S3-667943843,S2-682095222,S2-365310146,S2-384932816,S3-564908446,S2-487780907,S2-437021252,S3-726101097,S2-521840497,S3-921100336,S2-370405040,S3-70846067,S2-860238547,S3-269794850,S2-330662435,S2-434786390,S2-793434,S2-483786116,S3-587890652
S1-416469670	S2-466259278,S3-490107025,S2-500841766,S2-830424409,S3-43203250,S3-897231754,S2-657242727,S3-223548676,S2-203263860,S2-421764787,S3-726408429,S3-157528725,S3-206243548,S2-614677809,S2-45071914,S2-616512356,S2-419023499,S3-305368217,S2-447585027,S3-6298554,S2-875621751,S2-199622369,S3-962039728,S2-812711831,S3-585949686,S3-614895900,S3-590700831,S2-146369582,S3-316371227,S3-125704956,S3-750093551,S2-568026075,S2-588597341,S2-280282431,S2-219201040,S2-176453879,S3-752031433,S2-547268959,S2-841316739,S2-985866585,S2-133568758,S2-646314969,S2-12485344,S3-966557042,S3-136366419,S2-728032783,S3-552139366,S3-836296443,S3-881433812,S2-862759276,S3-614712521,S3-74095611,S3-415579908,S2-806887255,S3-330657023,S3-854429557,S3-881588247,S3-337037961,S2-818251890,S3-662322026,S3-312320339,S3-11672588,S3-997672504,S3-809886365,S2-967508286,S2-439486038,S3-361763454,S3-526831018,S2-557049050
S1-351025388	S3-275931769,S3-218335406,S2-538936263,S2-472811124,S3-974627092,S2-381992754,S2-596158290,S3-998896980,S2-266225214,S2-961204109,S3-106183691,S2-969263270,S3-279742600,S3-645495913,S2-405277031,S2-484231420,S2-939131514,S2-374773640,S2-23222505,S3-777792270,S3-206803738,S3-645708456,S2-869706675,S3-82061077,S2-328773938,S2-13963616,S3-519497142,S2-162336156,S3-322903410,S3-675374467,S3-282479631,S2-177552442,S2-494655227,S3-965119673,S3-255430282,S2-192566893,S2-420777299,S3-98007898,S2-494427848,S2-822749847,S3-626180143,S2-876914575,S2-687568056,S3-798174717,S2-606108952,S2-801612886,S2-369203988,S2-113550967,S2-791818020,S2-317732873,S2-241663701,S3-565927185,S3-552070970,S3-664343618,S3-927967385,S2-826868298,S2-130102078,S3-173470073,S3-773109312,S3-206567680,S3-840593532,S2-184737623,S3-946988556,S2-724144734,S2-71948771,S2-787982578,S2-201268318,S3-743973922,S2-854445861,S2-289619787,S2-674212082,S2-869879385,S2-838725309,S2-171844982
S1-960355473	S3-769700106,S2-704342063,S2-975896498,S3-376391718,S3-135966940,S3-12764346,S2-774426640,S2-293444864,S2-947758414,S2-377790326,S2-468120534,S3-884562966,S2-383148775,S2-562884138,S2-600115417,S2-422398104,S2-221379524,S2-686218274,S3-252214014,S3-553144510,S2-968997475,S3-630184262,S2-892647688,S2-666690906,S2-930272452,S2-344085581,S2-539019770,S3-46734980,S3-636358389,S2-400958216,S2-478183673,S3-729806324,S2-685264609,S2-969898742,S2-38114861,S2-759794091,S2-374932545,S2-671503159,S3-70411416,S2-3332574,S3-837192480,S2-404027257,S3-710632737,S3-831410085,S2-779534181,S3-926419392,S2-149371270,S2-803100423,S2-371437571,S3-351271265,S2-824835654,S2-327936470,S2-456933896,S2-186815156,S3-797235068,S3-216059064,S2-270182492,S2-317964465,S2-100598528,S2-980642626,S2-428302180,S3-291198047,S2-197956367,S2-920481838,S2-247409704,S2-920923722,S2-13684854,S3-639362449,S3-392514551,S3-237495436,S3-555306205,S2-667883900,S2-563787218,S3-872361160,S3-62364217,S3-21526845,S2-112137055
S1-453223583	S3-25387578,S3-285352986,S2-115287511,S2-23933178,S3-667917058,S3-203888373,S2-292617239,S3-195416594,S3-117716737,S2-255270931,S3-10456818,S2-75752139,S2-860247860,S2-782447643,S3-965092183,S2-44617838,S2-804860148,S3-443192622,S2-827313615,S2-941993883,S2-576819625,S3-814950404,S2-811044710,S3-443997847,S2-482966382,S2-773094602,S2-91775599,S2-887475466,S2-249820537,S3-848410215,S2-140808218,S3-33614354,S2-779056886,S2-750185247,S2-917032712,S3-587404155,S3-194663251,S2-337644802,S2-215500229,S3-993578614,S2-471976649,S2-477513858,S2-501562255,S2-529101052,S3-762295392,S2-630667250,S2-991014361,S3-556255726,S2-955922218,S2-50131368,S3-953437778,S3-923143321,S2-606340051,S2-35923966,S2-585041553,S2-432279643,S2-119898959,S2-609610674,S2-162775518,S2-566216800,S2-256484205,S2-749787711,S3-25776676,S3-538209681,S2-197270144,S2-734607199,S3-177140495,S2-543676613,S2-566676508,S3-79268761,S2-22706957,S3-239007919,S2-838382522
S1-571115458	S2-39996098,S3-896589588,S2-311155477,S2-201503672,S2-183956953,S3-177746021,S2-531573379,S3-907882377,S3-546545505,S2-47667961,S2-803597452,S2-441821313,S2-259655871,S3-821427001,S3-761438523,S2-94642173,S2-779798528,S3-537010916,S2-286881176,S2-873164808,S2-440365023,S2-658981135,S3-605703742,S3-958767141,S3-94044559,S3-233401059,S2-772220103,S3-899568570,S2-827712584,S2-677813132,S3-52199531,S3-177144189,S2-791305826,S3-358457596,S3-868359034,S3-533232302,S3-249493385,S2-956957661,S2-682877453,S2-865641193,S2-210289203,S3-499239233,S2-192818734,S3-845585273,S2-504762115,S2-749863395,S2-693459767,S2-452594648,S3-325253741,S3-803130093,S3-863309977,S2-609359326,S2-611265714,S3-931358195,S2-960049771,S3-642560857,S2-847996468,S2-611548253,S3-390559825,S3-675246688,S3-90367850,S2-238971069,S2-622752208,S2-570678742,S3-231697906,S3-197765814,S3-555713088,S3-229367095,S3-236794983,S3-997856616,S3-215965899
S1-143265439	S3-895526247,S3-386767048,S3-988294581,S2-53760164,S2-888860465,S2-2960739,S2-951171642,S2-920355724,S3-886170645,S2-364169649,S2-660248681,S2-183808581,S2-147758148,S2-674565629,S2-327426755,S2-146656765,S2-578603986,S2-47969302,S2-898448514,S3-260455973,S2-956491515,S2-221919347,S2-922093620,S3-766256320,S3-47307644,S3-780468339,S2-134821973,S3-822826024,S2-28031870,S3-953792020,S2-506188384,S2-951194915,S3-597906725,S2-564502430,S3-668586202,S3-674608832,S2-180018423,S3-942192230,S3-376749045,S2-40474661,S2-185991906,S3-921279617,S3-57704195,S2-754879991,S3-163977197,S2-934732631,S3-110361988,S2-850171172,S2-320626950,S2-240978050,S3-79833422,S3-450440228,S2-997203942,S3-164142067,S3-880580317,S2-738860385,S3-714797111,S3-475946388,S2-108338720,S2-542953042,S2-261618486,S2-959518463,S2-432126250,S3-297617221,S3-854596630,S3-607757348,S3-1697864,S2-370448429,S2-596515519,S3-653092368,S3-52423163,S3-662240218,S3-73349124,S3-56218793,S2-697301977
S1-220020462	S3-144658048,S2-205786405,S3-532152375,S3-953746142,S2-392931909,S2-735478393,S2-466214280,S2-475757669,S2-463914306,S2-74459032,S2-708194147,S2-943580833,S2-339884517,S2-343536677,S2-49493733,S3-684282206,S3-49133482,S2-321393766,S2-410773396,S2-634303746,S2-40275762,S2-495131696,S2-328515611,S2-251110029,S2-845794119,S2-646867412,S2-640700399,S3-175410487,S2-751219693,S3-354251578,S2-798053358,S3-115967862,S2-404958972,S2-864311044,S3-326524907,S2-331036957,S2-140810218,S2-549293852,S2-356532156,S2-970016569,S3-314335410,S2-421078322,S2-60208246,S2-178930265,S2-856889986,S2-399971243,S2-832495027,S2-736490414,S3-602376830,S3-484495786,S2-195485429,S2-26126776,S2-437193083,S3-948233192,S2-451444908,S2-414310225,S2-573142972,S2-529056556,S3-225989034,S3-517808921,S3-675394736,S3-795364364,S3-940525809,S2-671503946,S3-101263413,S3-613592808,S2-890013755,S3-203665984,S3-914133710,S2-312535363,S2-555462463,S2-497025062
S1-803676246	S2-174298792,S3-649717239,S3-750038513,S2-470289124,S3-70600456,S3-532702862,S2-711727482,S3-642605818,S2-298914373,S3-90253582,S3-262954767,S2-35554040,S2-666590066,S2-468780590,S3-716369152,S3-612815814,S3-597779932,S3-6820574,S3-902298832,S2-122650575,S2-283541803,S3-172571792,S3-394068109,S3-360664758,S3-981185355,S2-108388778,S3-649047680,S3-932808408,S3-506726696,S3-704059757,S3-359767585,S3-727493715,S3-411152481,S3-91018323,S3-563271608,S2-486877334,S3-573532210,S2-729028339,S3-35359027,S2-774705407,S3-140795454,S3-795853117,S2-415664035,S2-743418970,S3-790143015,S3-576289932,S3-383947844,S3-170229472,S2-610426009,S2-510566395,S3-750556489,S2-816357824,S3-357840389,S3-766272393,S2-908457811,S3-585001451,S2-411391471,S2-592650888,S2-873059596,S2-728872073,S3-789591549,S3-574875706,S3-422909111,S2-536900454,S2-500129418,S3-222417890,S3-89634393,S3-684237045,S3-675950123,S2-17298657
S1-510772858	S3-19394070,S3-822431776,S3-987486667,S3-658388345,S2-311912341,S3-441438142,S3-698474545,S3-518770446,S3-588120445,S2-471805444,S2-873534462,S2-255126427,S2-442861595,S2-226874980,S3-241809854,S2-824205573,S2-148837223,S3-821600113,S2-321024271,S3-748843940,S2-999277351,S2-416296389,S2-139638068,S2-185170546,S3-259288925,S2-164497843,S2-362764463,S2-262333345,S3-817108780,S2-511533814,S2-667994425,S2-656030405,S2-691700561,S2-614939600,S2-699778678,S2-747378786,S2-275795730,S3-278281476,S2-546503710,S3-981059467,S3-823666446,S2-119599096,S2-442463016,S3-13655050,S2-430824264,S3-105724780,S3-561013713,S3-268967456,S2-536285966,S3-827652566,S2-990859431,S2-514450201,S3-308559580,S3-933867044,S3-188990247,S2-389900785,S2-622033492,S2-349748355,S3-976962438,S3-929654218,S2-802835354,S3-332535049,S2-660708598,S2-459633919,S2-149711897,S2-219508378,S2-286314001,S2-673711388,S2-774600043,S2-17217966,S3-279320155,S3-217269192,S2-20036339,S2-833591292,S2-206461416,S2-941328037,S2-139852797
S1-549011344	S2-862199928,S2-763756851,S2-365369470,S2-146545715,S2-688745927,S3-649010452,S2-33634006,S2-776184985,S3-495461776,S3-12678619,S2-443907488,S2-109123667,S2-32554056,S2-21794839,S3-311081157,S3-679865451,S2-339233357,S3-140881741,S3-629272358,S2-435534903,S2-93581811,S2-509060089,S2-150658588,S2-624530506,S3-814047694,S3-698704990,S3-392626140,S3-545629303,S3-943711249,S3-40456001,S3-108301149,S3-442315433,S3-560042860,S2-605563140,S2-593330090,S2-984642202,S2-175814275,S3-657821321,S3-228724251,S2-296450976,S2-370099937,S3-157927074,S2-41794754,S3-195576649,S2-671474707,S2-483538525,S3-84158081,S3-852117572,S2-428282271,S3-57582917,S2-436838908,S2-481155141,S2-112678769,S3-184617942,S3-825947309,S2-886553223,S3-421280042,S3-697793396,S3-31389340,S3-142463520,S3-471237975,S3-352758621,S3-619352752,S3-995273501,S3-436842681,S3-31661312,S3-704445612,S2-815890566,S2-104299111,S2-179948413,S2-425445777,S3-38080595,S2-12761679
S1-350245409	S3-202471454,S2-677710605,S3-369601731,S2-505326493,S2-565823008,S2-981104251,S2-639825782,S3-755273372,S2-367570288,S2-237573221,S3-315624478,S2-56129115,S3-933779215,S2-109452206,S2-681275586,S3-581384736,S3-184965768,S2-71789809,S3-189192895,S2-70359865,S2-939739824,S2-169083107,S2-677418056,S3-525863751,S3-164333444,S3-410828744,S2-811348827,S3-334019885,S2-596154329,S2-3026870,S3-991770807,S3-721826410,S2-282390486,S3-591228693,S2-843071321,S3-512383111,S2-597687103,S2-153030949,S2-621704307,S3-327198513,S2-507589738,S2-420641004,S2-987872374,S2-585067419,S2-270354114,S2-906728490,S2-185005085,S3-661328894,S3-356898073,S2-26537625,S2-515658528,S2-37384070,S2-836840386,S2-571506106,S3-614317245,S2-51228908,S3-957820422,S3-931283759,S2-365252299,S2-97351951,S2-843795627,S2-527073160,S2-505036311,S3-209155567,S2-942251080,S2-319680531
S1-373457471	S2-291112010,S3-602795555,S3-763794498,S3-213194764,S2-22786438,S3-930925513,S3-789975420,S2-290727820,S3-526466382,S3-878422261,S2-674920697,S2-269464740,S3-404419807,S2-241343321,S3-74954515,S3-957664648,S3-19072066,S2-365876998,S3-101590127,S3-973692541,S3-353345004,S2-759100128,S3-413741498,S2-48250916,S2-593890604,S3-917372895,S3-322657737,S2-354344947,S3-466110731,S3-288843891,S2-827289352,S2-819484734,S2-385908574,S2-719245389,S2-555352551,S2-786194848,S3-559522952,S2-550961040,S3-423345619,S2-916455411,S2-794766633,S3-788915741,S3-191120094,S3-523013595,S3-998772595,S2-210159695,S2-302194961,S3-563544559,S3-493129432,S3-447854164,S3-996341848,S3-834003216,S3-241016796,S2-341966816,S2-625988543,S2-109064076,S3-423125859,S3-733411424,S3-18271204,S2-781969377,S3-89250302,S3-941559510,S2-920240066,S3-346071023,S2-166524494,S3-34164222,S3-660835913,S3-983873969,S3-715357364,S2-857404707,S3-976265107,S3-387069758,S2-716360631,S3-855319823,S3-314969122
S1-554902174	S3-101349689,S2-70978983,S2-434061227,S2-991604604,S2-859819539,S3-816081479,S2-183050312,S2-337462823,S2-235976983,S3-251297062,S2-659685525,S2-771659054,S3-949357823,S2-100073794,S3-224424752,S2-335241811,S2-512442444,S3-194038047,S2-978539656,S2-9004241,S2-502416225,S3-886479106,S2-278568865,S2-954365821,S2-286515330,S3-910231447,S3-14659746,S3-863132785,S2-597243519,S2-109382879,S3-20389771,S2-8711826,S3-228391343,S3-870636888,S2-625158084,S2-789361780,S2-703366028,S2-356738680,S3-470919309,S3-285674461,S2-127063550,S2-724358592,S2-13505400,S3-830756557,S2-460827216,S3-71121809,S2-529870840,S2-389205277,S2-847685918,S3-283782555,S2-971934849,S2-294762319,S3-90558953,S3-740441059,S2-92837343,S2-311730523,S3-789408426,S3-162584369,S2-490367341,S2-962694173,S2-276971195,S2-570217363,S2-718211251,S2-309950217,S2-92413310,S3-54861327,S3-706373084,S3-16793315,S2-702957077,S3-442641088,S2-53716714,S2-515342067,S2-869927960,S2-978200106,S3-946233944,S2-43171515,S3-11969856,S3-402547677,S3-396208672,S3-335128845
S1-966940882	S3-324805369,S2-387998432,S3-745665002,S2-526412482,S2-503733198,S2-343101909,S2-856950705,S2-774426640,S2-947758414,S3-729806324,S2-762626703,S2-818736016,S2-377790326,S2-600115417,S2-221379524,S2-516353697,S2-375598639,S3-392750718,S2-562884138,S3-138299719,S3-884562966,S2-614982030,S2-686218274,S2-374932545,S2-867863484,S2-881799150,S2-478183673,S2-422398104,S3-630184262,S2-9597952,S3-660905300,S3-977142478,S2-906251728,S2-400958216,S2-143563693,S2-969898742,S2-248490959,S3-83872824,S2-544679828,S2-70824736,S3-646498676,S3-295796224,S2-636160736,S2-428302180,S3-850241907,S3-934945874,S2-955834517,S3-728163154,S2-618606811,S3-705857024,S2-497878093,S2-454388173,S2-517981617,S3-940349833,S2-349096222,S2-42818488,S2-563441082,S2-988939588,S3-470583484,S3-440929957,S2-936557811,S2-473097749,S2-346652283,S3-627216664,S2-38114861,S2-285031669,S3-268998003,S2-969310064,S3-662640924,S2-535258252,S3-534602750,S3-256483259,S3-428209909,S2-594722602
S1-241670741	S3-91397216,S2-232490044,S3-669318207,S2-661030345,S3-440003242,S3-513698240,S2-598658234,S2-714882908,S3-67645109,S2-819445650,S3-633062643,S3-538945304,S3-372230683,S2-894775887,S2-444945373,S3-184192359,S2-80163497,S3-732659435,S2-402146164,S2-370110220,S2-495933722,S3-337216879,S2-174686195,S2-644567492,S2-222391309,S2-13498915,S3-666296716,S2-446249773,S2-654784858,S2-888289462,S2-683312986,S2-460301822,S3-926615659,S2-333208644,S2-645795271,S2-871689803,S2-801871438,S3-402514615,S2-968260152,S2-635113172,S3-990500146,S3-699180912,S3-180778130,S3-543632293,S3-562077883,S3-257304157,S3-118774425,S3-968483077,S3-816133455,S3-137411620,S3-564306278,S3-17234527,S3-516737179,S3-963718472,S3-926309722,S3-302961757,S2-411073508,S3-33671330,S2-450093756,S3-720605374,S3-268980722,S3-283782555,S3-178541878,S3-809252777,S3-528753638,S3-890861575,S3-736616685,S3-545768975
S1-758075760	S3-251246886,S3-79776428,S3-649235994,S2-193808361,S3-258652851,S2-870188276,S2-923241077,S2-72109532,S2-120352534,S3-329269099,S2-684324047,S3-736044151,S3-364025619,S3-9478991,S3-420776755,S2-923298526,S2-368615667,S3-27933425,S3-476771290,S3-580654791,S3-799578950,S3-146051164,S2-454363045,S3-856106685,S3-410945410,S3-312660810,S2-256459754,S3-652320075,S3-941616392,S2-450322646,S2-70247599,S3-918774745,S2-966035851,S3-343684796,S3-375692639,S2-178196014,S3-268855215,S2-258069548,S2-28332407,S2-714395234,S2-906761880,S3-4086513,S3-119267710,S3-561725934,S3-448014765,S2-373134817,S2-737856554,S3-996106198,S3-740204735,S2-87010681,S2-428762765,S3-727559342,S3-837325352,S2-847120229,S3-102683694,S2-668938769,S2-988717480,S3-839484581,S2-319417778,S2-141459580,S2-764648578,S2-731738095,S2-142660903,S3-923067832,S2-602063684,S2-405520451,S3-908166433,S2-574121799,S3-40626326,S2-582904108,S2-639024445,S3-418232358,S3-502038653,S2-988366654,S2-27164175,S3-198760199,S3-272101060,S2-40585459,S2-803300183
S1-773320212	S3-14082900,S3-986322720,S3-785048423,S2-934168973,S2-976523853,S2-406758983,S2-489318499,S2-810987431,S3-627540849,S2-939163921,S2-358575945,S3-208514494,S2-736310522,S3-236267922,S2-401622069,S3-595214868,S3-471225114,S3-546752218,S2-726111067,S2-441938596,S2-680898614,S2-440190937,S2-444421356,S2-365876998,S3-881899727,S2-582949065,S2-533185918,S2-426824642,S2-896696403,S3-312340507,S2-388542289,S2-70515375,S2-335195201,S3-44513075,S2-704449115,S2-851280786,S3-559857129,S2-859313583,S3-681843462,S3-549531669,S3-112881426,S3-324606836,S3-550274069,S3-973732289,S3-68170937,S2-635618044,S2-849436272,S2-711064227,S2-384332158,S2-306696462,S2-72112805,S3-192220018,S2-166785753,S2-777790786,S2-719261543,S3-66934717,S3-922300461,S2-530701342,S2-180547536,S2-10587098,S2-234367279,S3-197632455,S2-40787846,S2-789550703,S3-369182945,S2-907729570,S3-191440766,S3-745263885
S1-881005414	S2-257080020,S3-609849121,S2-524821584,S3-532525739,S2-518293598,S3-531816228,S2-697778301,S2-820761727,S2-606544273,S3-729520785,S3-926572062,S2-622440649,S2-946122921,S3-762206436,S2-818555762,S3-771772512,S2-319544446,S3-413031296,S2-976576895,S3-262783474,S3-981247549,S3-351642241,S2-877661076,S3-96891642,S3-324379056,S3-601228002,S2-148844362,S2-509237883,S2-156423863,S3-339146480,S3-801897899,S2-762595900,S3-386387963,S2-903786303,S3-275869916,S3-291695952,S2-249546926,S3-222520307,S2-38624546,S3-903713633,S3-357195386,S3-860375239,S3-590720004,S3-113150128,S3-90895624,S2-22315267,S3-69438667,S3-531335107,S3-244298168,S2-408784551
S1-100302483	S3-548453534,S2-941993883,S2-675836082,S2-186950642,S3-88374155,S3-789581239,S2-291112010,S2-816579293,S3-404419807,S2-241382066,S2-22786438,S3-602795555,S2-354344947,S2-465742645,S2-290727820,S3-479239399,S3-878422261,S3-213194764,S2-786194848,S2-365876998,S2-759100128,S3-930925513,S2-593890604,S3-443427063,S2-269464740,S2-642445801,S2-916455411,S2-241343321,S3-413741498,S3-763794498,S2-134608597,S2-719245389,S2-947987741,S2-635905399,S2-827289352,S2-753099335,S2-713927990,S3-74954515,S2-674920697,S2-942025833,S2-395396363,S3-838070517,S3-957664648,S2-204403989,S3-717875264,S3-710628855,S3-674644263,S2-609767527,S2-698041415,S2-560075304,S3-709064860,S3-752924725,S3-735022763,S2-514450201,S2-34916153,S3-225975341,S3-340365120,S3-443679252,S3-588757459,S3-620316094,S2-825496967,S3-982441941,S2-697360631,S2-537906252,S2-983614116,S3-114427086,S3-136433641,S2-238469305,S2-290899179,S3-986708778,S2-849436272,S3-849853375,S3-905614148,S2-824205573,S3-907212052,S3-119824880,S3-767847537,S3-805680625
S1-692096873	S2-186614082,S2-454352006,S2-775536886,S2-363076601,S2-116964471,S3-368158699,S3-777343514,S3-938131797,S2-190103839,S3-328111286,S3-815281630,S3-600115755,S2-101052971,S2-567179556,S3-57320542,S3-696001564,S2-45786294,S3-664175236,S3-164154168,S2-375456364,S2-767099508,S2-963460450,S3-533232302,S3-416127783,S2-822916887,S2-155417340,S2-557389404,S2-793058007,S3-55074478,S2-145582255,S3-727348639,S2-79546873,S2-644161858,S3-65130305,S3-973523183,S3-165869889,S2-951469456,S2-903878991,S2-617467150,S2-275234184,S2-227325453,S3-61999533,S2-505433019,S2-903243837,S2-972202275,S3-214272204,S2-911361959,S2-378341286,S3-858616535,S3-759814279,S3-214515719,S3-419230824,S3-14388767,S2-963831224,S3-282396105,S2-904092717,S2-871554426,S2-288641682,S3-661254261,S2-79591079,S3-869313449,S3-143534137,S3-143041201,S3-433257242,S2-31854557
S1-919267939	S2-957404351,S3-442218575,S3-456839344,S2-436138870,S3-226330260,S3-750093551,S2-45071914,S2-505328569,S3-356328247,S2-849117792,S3-424444555,S3-966557042,S2-707195845,S3-954371179,S2-145851590,S2-554886397,S3-774345900,S3-268963669,S2-769593268,S3-640712286,S2-772959226,S3-962039728,S2-465642879,S2-172898922,S3-103232482,S3-218890903,S2-582904108,S3-986276529,S3-391517666,S3-889875675,S3-92295096,S3-818579995,S3-805783007,S3-400020081,S2-830424409,S3-684986164,S2-774802693,S3-262485313,S3-525820780,S2-817722776,S2-27742230,S3-498724150,S2-929410510,S3-217182131,S3-595333652,S3-761964111,S3-646017090,S3-866652130,S3-501994128,S2-43669354,S3-130528087,S3-319740021,S3-31098100,S3-402140504,S2-518683159,S2-309352140,S3-432489166,S2-593047095,S2-970808601,S2-439486038,S2-572006518,S3-585955331,S3-379882496,S2-866425356,S2-141427427,S3-798652385,S3-475718607,S2-679390587,S3-82938515,S3-341471578,S2-906114939,S2-665553562,S3-201878713
S1-524979710	S2-237499913,S3-685451370,S3-847070953,S3-489559058,S3-861506111,S3-137982255,S3-419455961,S2-241663701,S3-570531637,S3-820814325,S2-792669826,S3-942335984,S2-779441074,S3-35585077,S2-824509207,S3-299015908,S2-956402719,S2-713416244,S2-828612033,S2-958224230,S2-923294203,S2-317977074,S2-396814247,S2-931929362,S2-167898995,S3-344787504,S2-501854157,S2-301524717,S2-390705356,S3-354131922,S2-659139265,S2-654228484,S2-664165812,S2-122711789,S2-122293440,S2-181055109,S3-147183864,S2-557977478,S3-474345233,S2-160379179,S2-134925348,S2-858906486,S3-680342154,S2-623550129,S2-338681953,S3-31506561,S3-273690584,S3-371438067,S3-20030177,S2-623940116,S2-329838482,S3-994685242,S3-194782029,S2-691989343,S3-995272154,S3-684139279,S2-71434915,S2-356532156,S2-883286956,S3-330341340,S2-960400516,S2-634893710,S2-281066731,S3-914007875,S3-105182541,S3-82870711,S3-859730197,S2-94359976,S2-129263397,S2-937461012,S3-905730232,S2-656851624,S3-700202796
S1-886802071	S2-658886109,S3-61808052,S3-656689436,S3-970003236,S3-743299902,S3-347598381,S2-440751152,S2-45954462,S3-910948681,S2-49826063,S3-942976164,S3-553647152,S3-43496244,S3-849504316,S2-736697077,S3-930945712,S3-935730538,S3-927257276,S2-858132046,S2-104638783,S2-965970886,S3-734707886,S3-773616613,S2-314464238,S2-804102430,S3-641673654,S3-296391726,S3-152813790,S3-267827898,S2-306314418,S2-105871347,S3-212534587,S2-65615772,S3-712021998,S2-316196726,S3-173231881,S3-418420992,S3-802768251,S2-31256790,S2-833193799,S2-61722392,S2-274167062,S2-609292694,S3-271566472,S2-592241135,S2-119607177,S2-380572049,S2-974796269,S3-979083338,S2-98527511,S2-311100027,S2-3914789,S2-649445163,S2-560382482,S2-441422968,S2-75708841,S2-479991221,S2-53346181,S2-248916016,S3-903141633,S2-767497735,S2-703515912,S2-75521386,S2-7680870,S2-286526748,S2-762806580,S2-949354148,S3-287365086,S3-555421672,S3-706539515,S3-743963805,S2-558325326,S2-394554163,S2-791349534,S2-681568197
S1-95264755	S3-20393598,S3-556970969,S2-569486130,S2-871007551,S3-168117196,S2-638223002,S3-539983859,S2-968390666,S3-771568310,S3-325341265,S3-642827677,S2-625476860,S3-764757215,S3-566492648,S3-273880423,S3-132530964,S2-478445864,S2-220633560,S2-973461104,S3-780910477,S3-111478475,S2-56293071,S3-10622524,S2-231564735,S2-985922221,S3-543503288,S3-115495249,S3-356217197,S2-391727890,S3-882088036,S3-420283784,S3-288988102,S3-741573454,S3-702484182,S3-473471825,S3-905853341,S3-435009102,S3-646399615,S2-228494519,S2-378905601,S2-790009876,S3-352318524,S2-115409222,S2-762806580,S3-2779862,S2-453063436,S2-672610400,S3-141825966,S2-885153394,S2-198019000,S3-670419439,S2-17149483,S2-220546681,S2-159207579,S2-84464833,S2-323482896,S2-793245793,S2-128274904,S2-743145031,S2-669828282,S2-492221584,S3-631134877,S2-321891660,S2-881467996,S2-983126431,S3-538568929,S2-484559177,S2-816059000,S2-535757276,S3-950510585,S3-74613320,S2-160573432,S3-96565660,S2-727140300
S1-558011533	S3-781079111,S2-604848494,S2-749238655,S2-635618044,S2-719261543,S3-991264593,S3-997609453,S2-439786382,S2-504551861,S2-897714693,S2-607456603,S2-844267085,S2-857755271,S3-268967456,S2-328676951,S2-133270735,S2-18670662,S2-961909536,S2-859754079,S2-280281387,S2-606077666,S2-49975588,S2-399052000,S2-938369898,S2-494717429,S2-519329403,S2-744685697,S2-343463510,S2-29677099,S2-298992960,S3-271149484,S2-493998976,S3-184336813,S3-971275453,S2-136888213,S3-440036734,S2-488319175,S2-135931976,S3-577010660,S2-246185804,S3-14434282,S2-581167130,S3-163681077,S2-53456843,S3-369182945,S3-68170937,S2-263487268,S3-942152201,S2-270579589,S2-836088880,S2-912507216,S2-494338810,S2-112937679,S2-907729570,S3-632494964,S2-405952911,S2-95582410,S3-175265312,S2-674537041,S2-384332158,S2-756544751,S2-493668500,S2-454388173,S3-965798962,S2-549622858,S2-909960255,S2-300679781,S3-922300461,S3-870636888,S2-713596486,S2-807972040
S1-874413333	S3-726777179,S2-311231200,S3-775437434,S3-738431506,S2-955029778,S2-367076099,S2-662221399,S2-41741727,S2-831814027,S3-124809816,S2-75408449,S2-791737495,S2-550771561,S3-976237098,S2-617563018,S3-307554574,S2-441754781,S2-674222790,S2-951146455,S3-526845628,S2-521818140,S3-723782835,S2-968399789,S3-984342778,S2-41456526,S3-288815815,S2-833900025,S2-330980029,S3-235978236,S3-329834424,S3-689689104,S2-51304489,S3-194898171,S2-116955752,S3-6994759,S2-178496655,S3-423525254,S2-802999298,S2-754789254,S3-537010916,S3-62867463,S3-457855246,S3-911780569,S2-857878742,S3-749899141,S2-394645988,S2-916507935,S2-471108816,S2-483326033,S3-128939732,S2-999584265,S3-582628933,S2-585949528,S2-740831697,S2-171207119,S2-612720340,S2-856157690,S2-564433190,S3-781591567,S2-294062437,S2-397789829,S3-59643836,S3-215179046,S3-354306550,S2-451501175,S3-39992114,S2-28133845,S3-984720712,S3-272683622
S1-671129885	S2-507539851,S3-787768016,S3-772788478,S2-810618484,S2-585227842,S3-494694498,S2-933250506,S2-534492273,S3-702156437,S3-296552969,S3-590656245,S2-793548079,S3-179186175,S2-640465401,S3-596666837,S3-549997407,S3-335776755,S2-131942869,S3-141698771,S3-758813945,S3-253621442,S2-503115494,S3-846719818,S3-672246140,S2-526057016,S3-444217243,S2-406116199,S2-542926120,S3-62810269,S3-269481499,S3-624695489,S3-15409362,S3-551753520,S3-534105789,S3-668297441,S3-504653847,S3-687185286,S3-94316001,S3-54408554,S3-277323048,S2-707691736,S3-641275737,S2-722197607,S3-695911106,S3-705535145,S2-864858463,S3-953717966,S3-53441201,S3-667565595,S3-773459318,S2-840267891,S2-494430185,S3-919432593,S3-913593988,S3-440043116,S3-339906591,S3-837175052,S2-661696993,S3-976316604,S2-648944614,S2-810614225,S3-636192045,S3-793383541,S2-252978145,S3-201724222,S3-654323505,S3-856171,S2-828329743,S3-265600767,S3-225251370,S2-614691434
S1-803808238	S3-5200973,S2-840267891,S2-411459798,S2-624949396,S3-202513444,S2-991161962,S2-388890366,S2-849031194,S2-541160022,S2-740831664,S3-710849249,S2-21645589,S3-837252718,S2-210871986,S3-322606058,S2-817080971,S2-132036832,S3-396610147,S3-627470673,S2-989721415,S3-958530137,S3-514589997,S3-222681065,S2-247918392,S3-85585669,S2-166759260,S2-334104642,S2-207709739,S2-278114905,S2-356715046,S2-297655729,S3-572842258,S3-166006111,S2-201067098,S3-524162521,S3-808994890,S3-808089168,S3-972809293,S3-818650523,S3-576164825,S3-495493322,S3-491718712,S3-793944116,S2-258383556,S2-843198455,S3-294276801,S3-39590459,S2-295153970,S2-927362731,S3-753962620,S3-583854364,S2-647051170,S2-266604924,S3-679671255,S2-779736884,S3-363247355,S2-434238848,S3-33432281,S3-421965738,S2-628626692,S2-850380640,S2-184650944,S3-776097906,S2-806249803,S3-632744643,S3-131567954
S1-620608935	S3-284947176,S3-650483800,S3-368317788,S2-745188610,S2-3072135,S2-848995836,S2-566147672,S3-450496899,S2-45099840,S3-495958250,S3-944496775,S3-709143333,S3-809020085,S2-149421134,S2-400942794,S2-537046055,S3-537389576,S2-369574516,S2-415477440,S3-913078072,S2-985896476,S2-17032203,S2-796888631,S2-958597826,S2-789241422,S3-968585942,S3-532543560,S3-738238165,S3-875497953,S3-643697854,S2-63088567,S2-386014018,S2-263346367,S2-410312937,S2-919385476,S2-868444077,S2-838407713,S2-473305544,S2-791722263,S3-945059269,S3-450008653,S3-986251271,S3-658851311,S2-828318039,S2-619682908,S3-867419758,S3-30241418,S2-436825038,S2-625872997,S2-909126088,S3-908272660,S2-178930265,S2-530883776,S2-867382421,S2-375550325,S2-284344245,S2-553479264,S3-64769032,S2-79905632,S2-671503946,S3-398027551,S3-602012413,S2-112444589,S2-406285430,S3-279637281,S3-990695952,S3-884323137,S2-215173585,S3-960510592,S2-740890729
S1-951609532	S2-607750450,S2-583138182,S2-559844539,S2-107990825,S3-601955275,S3-545759611,S2-599450774,S2-653004119,S2-266336463,S2-164417465,S2-830436713,S2-827345339,S2-612061875,S2-997309098,S2-60332086,S3-614903465,S2-791212666,S2-383115169,S3-98217906,S2-333794564,S2-959549116,S2-897073920,S2-516353697,S3-648046496,S2-482460304,S2-936557811,S3-96326055,S2-866001141,S3-717379548,S3-152668629,S2-1814500,S2-654410059,S3-836083070,S2-301890025,S2-478831502,S2-101441526,S2-115402940,S2-964821618,S2-916655209,S3-863036893,S2-992505054,S2-733901023,S3-776427314,S2-828872229,S2-958146159,S3-562783379,S3-295911024,S3-849454402,S2-184438804,S2-75129136,S2-31483296,S2-731738095,S3-743465191,S2-987521464,S2-816647630,S2-73838846,S2-422734498,S3-573702598,S2-585774381,S3-779779382,S2-261173769,S2-676460188,S2-579954529,S2-802837546,S2-345936905,S2-705616076,S3-40457362,S3-198546117,S2-334665044,S3-393599687,S2-430967143,S3-285732938,S2-344767729
S1-568217118	S2-755882706,S2-345681318,S3-490337480,S3-556236572,S2-645323832,S2-67408252,S2-322096427,S2-859525288,S3-751295434,S2-412035440,S2-745165633,S2-324666424,S2-586483202,S3-531991806,S2-634044775,S2-459946441,S3-14876736,S2-140291221,S2-258516194,S3-180886717,S3-430836697,S2-951196911,S2-861739367,S2-465269500,S2-644079812,S2-78920509,S2-860399725,S3-626713706,S3-834528373,S2-823569314,S3-396509013,S3-371210969,S3-726207482,S2-711880050,S3-101837553,S2-658056851,S3-272125693,S3-256765863,S2-765924930,S3-177555110,S2-913240757,S3-126912917,S3-870941246,S2-289619787,S2-290954922,S3-610385177,S2-352383953,S3-928512686,S2-758341862,S2-959725981,S2-293776580,S2-894690049,S3-626455389,S2-715709631,S2-992314185,S2-355327025,S2-551015702,S2-511376005,S2-413608186,S2-335272947,S2-11520784,S2-147732531,S2-775254016,S2-682306764,S2-318546967,S3-509961781,S2-841748287,S2-184493201,S2-869427180,S3-21027233,S2-941056545,S2-953243245,S2-561629536,S3-929238256,S2-304015388,S3-431134889
S1-946744214	S3-356328247,S2-526629027,S2-862951347,S2-317467842,S3-640712286,S2-392512147,S3-750093551,S2-505328569,S2-45071914,S3-672256872,S3-42482042,S2-20461001,S2-540841303,S3-543013357,S3-225874382,S3-774345900,S2-764601805,S3-962039728,S2-465642879,S3-642443627,S2-360116952,S2-172898922,S2-916021995,S2-486836244,S2-128603185,S2-35560140,S2-276944356,S2-166126659,S2-45031441,S3-805783007,S2-335747637,S3-242423733,S2-784569977,S2-84351983,S2-830424409,S2-285530602,S3-400020081,S3-150772515,S3-404967091,S2-183994815,S2-439486038,S3-247079246,S2-745866415,S2-22700931,S3-319740021,S2-225137710,S3-165242186,S3-310015971,S2-409657574,S3-296431933,S3-61661813,S3-830850526,S2-57473027,S3-536416262,S3-104686537,S3-130528087,S2-739783206,S3-515309732,S3-509442398,S3-346435341,S2-473761277,S3-891901989,S3-428603478,S3-559672216,S2-367720673,S3-581718562,S2-739603930,S3-315993616,S3-103232482,S2-323521721,S2-996477488,S3-954371179,S3-475226933,S3-238144400,S3-787353706
S1-596007326	S2-382549229,S2-405144389,S3-776918996,S3-27435119,S3-310672123,S2-480341419,S2-290526052,S2-197369000,S2-428899461,S2-888761901,S2-710175093,S3-493741940,S3-645964997,S3-45926178,S2-140180889,S2-91238042,S2-742001518,S2-339996804,S3-482770568,S2-588868109,S2-163002697,S3-266439235,S2-178474107,S2-493960420,S2-999793401,S2-374538617,S2-759624154,S3-142985562,S2-126506454,S2-929807820,S3-186812367,S3-67952765,S2-811829748,S3-82569247,S2-399552910,S2-504869514,S2-698245094,S2-34209115,S2-672381387,S2-56631800,S3-303097198,S2-368760650,S3-606543976,S2-339142042,S2-625365305,S3-234931047,S3-390013790,S3-336688354,S2-141508445,S2-713031052,S3-958847284,S2-659300097,S2-864475923,S3-809690441,S3-353910299,S2-730425726,S2-303507876,S2-916579630,S3-361889244,S3-586574771,S2-92862033,S2-792706712,S2-42223728,S2-836050391,S2-452429687,S3-100154815,S2-724681924,S2-3914789,S2-455750535,S3-60355966,S2-391634774,S2-121992974
S1-104226194	S3-827570336,S2-537019930,S2-680198089,S2-871579073,S3-540163774,S3-396815883,S3-516498113,S3-142933131,S3-3658805,S3-798652385,S2-192504329,S2-536900454,S3-39495605,S3-59971944,S2-715998123,S3-478832844,S3-40457362,S2-119029058,S3-269767469,S3-830387454,S2-756490117,S3-729568466,S2-547097573,S2-212617788,S2-284288219,S3-627658448,S3-475018654,S3-616580840,S2-88789498,S3-233271394,S3-662401200,S3-888746070,S2-179524589,S2-743418970,S3-200356424,S2-818155635,S2-678028752,S2-475046786,S3-966681755,S2-295442189,S3-264741840,S2-376651354,S3-445364782,S2-994429169,S3-752555885,S3-432649750,S3-247577299,S2-712777388,S2-351107485,S3-66086242,S2-282819380,S3-96530817,S3-39355742,S3-3400581,S3-365341511,S2-563049977,S2-334728171,S3-62971906,S3-242024452,S3-876203491,S2-925745058,S2-321048372,S3-793423440,S2-353688026,S2-468780590,S3-902573742,S2-93196961,S3-636193797,S2-540354739,S2-15148623,S3-210129006,S3-336895424,S2-240285502,S3-321013904,S3-433178093
S1-987152524	S2-828947992,S3-448277175,S2-156415950,S2-438299704,S2-10773065,S2-162849450,S2-593221230,S3-111503107,S3-635001488,S3-857402779,S2-426292802,S3-432856949,S2-626998166,S3-807911445,S2-846938440,S2-576739598,S3-380826131,S2-588054631,S3-696133812,S3-924204955,S3-826381100,S2-24663270,S3-168304374,S2-68061385,S2-374452698,S2-795907054,S3-756893678,S2-307821561,S2-690769679,S2-816576858,S2-537775011,S2-855633517,S3-377401971,S2-799402582,S2-593212875,S2-633643020,S3-541815091,S3-892801829,S3-600907413,S2-743251605,S3-133658634,S3-831993761,S2-233226092,S2-48757181,S2-98928479,S3-920198951,S2-315291297,S2-234914558,S3-622552067,S2-973674638,S2-358270742,S2-94011378,S3-365464812,S2-206863564,S2-85078632,S3-455215722,S3-222062653,S2-455141694,S3-513998093,S3-564283273,S3-605013187,S3-131267835,S3-164641549,S2-548705010,S2-815037725,S3-643937601,S3-635742595,S2-808801060,S3-295234846,S2-60457908,S2-575953609,S3-904326760,S2-216568703,S2-227597153
S1-589253257	S2-108627124,S2-576772126,S2-215500229,S2-761487934,S2-232323896,S2-206714911,S2-97997258,S2-915516196,S2-456933896,S3-725428870,S2-542915740,S2-89038691,S2-754878127,S2-477513858,S3-839505075,S2-676486141,S2-865745597,S2-461835629,S2-769950730,S2-408783273,S3-593851146,S3-942618640,S2-956234042,S2-910885721,S2-321048372,S3-673226564,S2-955016779,S3-794755264,S2-826052002,S2-332548417,S2-496935695,S2-779235994,S2-235336556,S3-51661,S2-736787326,S3-381808802,S2-920259420,S2-475620157,S2-664735900,S2-244286706,S2-955922218,S3-590768775,S2-768056427,S2-313713818,S3-174713586,S2-501562255,S2-743305304,S2-734607199,S2-741543224,S3-310015971,S2-426182398,S2-773638828,S3-817108615,S2-38734044,S2-991014361,S2-418366699,S2-655067434,S2-22700931,S3-605628947,S3-981852546,S3-99610340,S2-812749808,S3-707346710,S2-550265337,S3-194663251,S2-683695538,S2-564551253,S3-238119116,S3-584236583,S3-913124716,S2-775244215,S2-367720673,S2-523283977,S2-597430663
S1-445455950	S3-760808873,S3-729426273,S3-706185976,S3-3713076,S3-377610793,S2-652256389,S2-468782642,S2-480865413,S2-252697289,S2-692566235,S2-712343515,S3-413201188,S2-973923638,S2-180873967,S3-90124333,S2-915796689,S3-513599163,S2-985896476,S2-571027021,S3-908560844,S2-403506952,S2-458179068,S3-418483324,S2-685827200,S3-535267970,S3-868560435,S3-436351477,S3-877770640,S2-879468482,S3-563404100,S3-170636886,S2-728800461,S2-612492691,S3-950469898,S3-400577047,S3-330590816,S2-129637001,S3-778066403,S2-133818462,S2-241866203,S3-669692059,S2-651193091,S3-177830630,S3-797505453,S3-271043371,S3-607757348,S2-866729596,S3-322128613,S2-198862665,S3-242372917,S2-236737068,S2-717368863,S3-580325007,S2-762443405,S3-984301120,S2-586347120,S3-34737707,S3-877284026,S2-781600692,S3-448276989,S3-144625859,S3-451426276,S2-308073993,S2-342188745,S2-889587153,S3-704642188,S3-752152926,S2-353853456,S3-344681418,S2-258962214,S2-872201871,S2-421876912,S3-571842672,S3-276207454
S1-198728897	S2-180267271,S3-605869664,S3-377685370,S2-117080450,S2-42154825,S2-594542011,S2-422854542,S3-968883354,S3-796215358,S3-799173803,S2-83070552,S2-664759444,S2-209596770,S2-659057552,S3-565823005,S3-396511589,S3-831226768,S2-637048988,S2-523379739,S2-970439,S3-864160319,S3-734330318,S2-871636446,S2-205386431,S3-823429264,S3-882313490,S3-51531664,S2-629548892,S3-789646637,S2-575861766,S3-990847903,S2-554374028,S3-950636309,S2-835138443,S3-665760996,S3-431589448,S2-272756604,S2-872534648,S3-144958431,S3-250894634,S3-688909677,S3-344240791,S2-546998180,S3-578159284,S3-614807123,S3-793556502,S2-469008135,S3-339398590,S3-919598037,S2-770238809,S3-416017683,S2-662333551,S3-122111135,S3-853896352,S3-241788686,S2-891032807,S2-826868298,S2-690532976,S2-93838873,S3-513500497,S3-431498817,S3-52200090,S3-421965738,S3-792618829,S2-529805872,S3-435807891,S2-96201753,S3-919955327,S2-965535868,S3-314226423,S3-885599698,S2-500948372,S3-179102526,S2-222248869
S1-279971988	S3-419821397,S2-786750988,S2-237459247,S2-74154365,S3-103181839,S2-692209141,S2-393705126,S2-896461087,S2-569636721,S2-357901444,S2-689070673,S2-32646815,S2-770154880,S2-430929964,S2-193517415,S2-351277453,S3-889470091,S2-85687046,S2-20393024,S2-401461610,S2-918422876,S3-336415633,S2-867194813,S3-690962479,S2-306131740,S2-854459566,S2-170082458,S3-516434024,S2-403364722,S2-794813956,S2-208781797,S2-144497856,S2-337014701,S3-629893212,S2-323134378,S2-499689264,S2-496777850,S2-715503529,S3-813147129,S3-170267850,S2-840579608,S2-540228886,S3-442463343,S2-482276597,S3-167815456,S3-392876074,S3-614895154,S2-548190668,S3-582205105,S2-19155561,S2-204410539,S3-710201407,S2-663014996,S3-477637299,S3-460780419,S3-405224444,S3-766522100,S3-929238256,S2-115701281,S3-374776288,S3-670645343,S3-576009751,S3-725691691,S2-82724388,S3-731914513,S3-605196919,S2-641105270,S3-756667967,S2-302077873,S3-599167750,S3-56085368,S3-313955341,S2-656709219,S2-832504220,S3-480938564,S2-393028827
S1-479239049	S2-964142099,S3-83143852,S2-224825420,S2-636625504,S3-114491888,S2-90958293,S3-534546129,S3-343714529,S3-173802410,S2-925928705,S2-908777290,S3-142246791,S2-828089963,S2-4055130,S3-132237919,S3-627335466,S3-148990151,S3-98382920,S2-974650127,S2-581394969,S3-768614849,S3-93925484,S2-995199364,S3-407557275,S3-338360022,S3-249568533,S3-114984856,S2-769270840,S3-439327070,S2-816119025,S3-395897611,S3-941341499,S3-781337426,S3-662492248,S2-35427816,S3-835840208,S3-139492384,S3-648976921,S2-336881119,S3-534900373,S3-637387221,S2-5733881,S3-480472206,S2-73711999,S2-106374051,S3-916007855,S3-99506760,S2-66463878,S3-497898909,S3-392539749,S2-909672490,S2-219010063,S3-231208622,S3-471002490,S2-223123751,S2-270443450,S3-493312296,S2-888007637,S2-325256245,S3-11310087,S3-345282686,S2-730629241,S3-992592351,S2-181945985,S2-827862104,S3-368129939,S3-427186049,S2-2638237,S2-86100470,S2-33513454
S1-108314429	S3-586800406,S2-332376933,S2-637304807,S3-666408439,S2-458529448,S3-689791173,S2-568882672,S2-713868643,S2-802520554,S2-142552163,S2-158606915,S2-363867608,S3-149711160,S2-393808325,S2-487582639,S2-760074449,S3-201511241,S2-680346988,S3-710516125,S2-991521451,S2-901286039,S3-574830068,S3-453666157,S3-777683126,S2-862337278,S2-984657478,S3-16154425,S2-257615087,S3-363423194,S2-790731840,S3-13066053,S2-708629056,S2-203806335,S2-120609271,S2-586329791,S2-414039111,S2-506682497,S2-648680782,S2-491042200,S2-891973834,S2-467505244,S3-2822901,S3-926388121,S3-505803851,S3-502169983,S3-624871235,S2-731693234,S2-417780470,S2-490320012,S2-148316858,S3-576076553,S3-877790737,S3-545470703,S3-211905491,S2-416317388,S2-626541253,S2-130556167,S2-977861683,S3-726629042,S3-916740859,S3-543813034,S3-905500478,S2-607946610,S2-937072190,S2-396396440,S2-60474665,S3-603466968,S3-357588514,S2-332727293,S3-816565773,S3-117591297,S2-254369727,S2-369826068,S2-70520887
S1-700882543	S2-185199099,S3-728848964,S2-854701431,S2-43147354,S2-871260688,S2-295522688,S2-613886186,S2-220681192,S3-352344468,S2-82665539,S3-896408933,S2-457558399,S3-136665399,S2-511417083,S2-427346802,S3-969189771,S2-664425303,S2-488274102,S3-653326138,S3-218693874,S2-964319654,S2-423477847,S3-780076256,S3-741683325,S3-826220553,S2-571340986,S2-435618430,S3-433294387,S3-97017065,S3-174059926,S3-627439990,S3-58682267,S3-949778654,S3-438433160,S3-381593546,S2-794582173,S2-627880413,S2-783454294,S3-581330310,S3-222789499,S2-138434987,S2-893736608,S3-466072137,S2-761065957,S2-105273366,S2-725206393,S3-126017959,S3-834812305,S3-369595587,S3-793590116,S3-1988068,S3-343304794,S3-423800625,S3-248832832,S2-589485083,S3-448721337,S3-664577720,S2-787819112,S3-62113195,S3-980633150,S2-372772311,S2-834537601,S2-371168439,S2-333897582,S2-534352483,S2-921586557,S2-457901082,S3-531590789,S3-810537451,S2-935297106,S3-559411007,S2-483048784
S1-805440050	S2-208432546,S2-445809265,S2-622493652,S2-834228481,S2-982275132,S2-46592479,S2-41663066,S2-39737100,S2-601070030,S2-693132565,S2-46737389,S3-784258307,S2-682446065,S2-533358877,S2-267022266,S3-796215358,S3-366925859,S2-253120022,S2-486290046,S2-685310940,S2-374521955,S2-667189496,S2-965036658,S3-864160319,S3-64269529,S2-963162395,S2-166397067,S3-831226768,S3-135035681,S2-754237423,S2-815153307,S3-142118639,S3-455584307,S2-107924419,S3-239795702,S3-141265601,S2-304513888,S3-461743171,S3-535587808,S2-831437465,S3-466035547,S2-157299406,S3-760558642,S2-302526145,S2-491327048,S2-530231872,S3-175462574,S3-465564027,S3-980422125,S3-170320707,S2-520002286,S2-687576430,S2-323022635,S3-773109312,S3-659282271,S2-488499591,S3-929238256,S3-119388311,S2-442153361,S3-2663267,S3-735664023,S2-802321805,S2-318630556,S2-631283192,S2-724144734,S3-806064314,S3-326205639,S3-339398590
S1-710147242	S2-881799150,S2-544679828,S3-391790658,S2-741728097,S2-983756344,S3-586147189,S2-992897426,S2-603258347,S2-398529564,S2-173916886,S2-832037820,S2-237562710,S2-969898742,S2-605424055,S2-675700967,S2-94269361,S2-935533753,S2-786303439,S2-762965090,S2-114171211,S2-739448663,S3-314525897,S3-69791432,S2-378631872,S3-530297577,S2-121431984,S2-968775289,S2-562884138,S3-129468443,S3-492587447,S2-478183673,S2-21967462,S2-759570393,S2-792600539,S2-641342308,S3-87346044,S2-248490959,S2-617811085,S2-336854488,S2-221379524,S2-53097414,S3-743736058,S3-385050346,S2-287249278,S2-474404665,S3-371923635,S3-374431652,S2-890201606,S2-30373627,S2-844790251,S2-374400788,S3-556000864,S2-176077370,S2-913348327,S2-590762115,S2-49405337,S3-886783014,S3-271056944,S2-669787259,S2-199655962,S3-195491223,S3-975997048,S2-944376821,S2-389800347,S3-698547657,S2-954942261,S3-617476766,S2-101441526,S3-439356631,S2-700728767
S1-465082733	S3-413741498,S2-291112010,S2-612872146,S3-326931900,S2-816579293,S3-996341848,S3-404419807,S2-269464740,S3-256581225,S3-73610575,S3-602795555,S3-605157544,S2-566487687,S2-290727820,S3-67565302,S2-513622283,S3-859268022,S2-22786438,S3-697829373,S2-365876998,S2-942025833,S3-554806679,S3-878422261,S2-593890604,S3-930925513,S2-241343321,S3-763794498,S2-465742645,S2-719245389,S3-891999240,S3-479239399,S3-548453534,S3-74954515,S2-941993883,S3-869109487,S2-753099335,S3-653250965,S2-759100128,S2-635905399,S2-674920697,S3-840692434,S3-104336699,S2-877479417,S3-280202641,S2-915150941,S3-698592979,S3-52682410,S3-952995781,S2-307447477,S2-872213594,S3-576224886,S2-564037566,S3-569748241,S2-759110424,S2-256577191,S2-354995381,S2-277904285,S3-454413362,S2-459175414,S2-495238985,S2-529101052,S2-841394108,S2-864475923,S2-303425873,S3-629562539,S3-169681024,S2-918217884,S3-651393036,S3-133793647,S2-109085886,S3-553933995,S2-835735204,S3-849305010,S3-370257539,S3-815681898
S1-402994011	S3-437400709,S3-440623545,S2-612192848,S2-350064794,S3-645951780,S2-855633517,S2-287275758,S3-220072396,S3-758582078,S3-59971944,S2-210601194,S3-485124793,S2-564112793,S2-615299695,S2-671649180,S3-924976959,S2-738914268,S2-725034135,S3-236385912,S2-472544795,S3-416117385,S2-901840601,S3-906745557,S2-35756508,S2-477753606,S2-412866359,S2-736010823,S2-553583489,S2-223255452,S2-498911783,S2-447785689,S2-378959122,S3-563730862,S2-468712037,S2-513892803,S2-83261887,S3-426315561,S3-606867465,S2-55378143,S2-82224039,S2-496341011,S3-5094068,S3-595173870,S3-729267832,S3-453277119,S2-466803707,S2-491820829,S3-443666727,S3-131850157,S3-758705643,S3-878386618,S2-42670115,S2-258571630,S3-258093963,S3-353669218,S2-830024834,S2-779889991,S3-213859690,S3-189091691,S3-902850291,S2-289619787,S2-643812589,S2-480002867,S2-841152676,S3-391504652,S2-944147628,S2-492836642,S3-56085368,S3-976344507,S2-945049160,S2-979268936,S2-659718754,S2-696094904,S3-51626892
S1-236963798	S3-179716888,S3-634655058,S2-563275270,S3-559024102,S3-233017678,S2-577135188,S2-454485238,S2-122452156,S2-791318088,S2-120391369,S2-144785112,S2-24027634,S2-242836631,S2-449392076,S2-540762581,S2-757487043,S3-883820251,S3-964593343,S2-271638442,S2-533290153,S2-450445631,S2-699830513,S3-197113444,S3-785038044,S3-31834927,S2-754868575,S3-734436936,S2-101611847,S3-116324645,S2-546086259,S3-876418811,S2-651137983,S3-840014001,S3-790110859,S2-259627293,S3-880675995,S2-250258316,S2-743251605,S2-401753467,S3-815525754,S3-863770174,S2-750297057,S3-591751798,S2-490998806,S2-658868799,S2-918011179,S2-604844140,S3-423819990,S2-328063881,S2-809114158,S2-767109874,S2-768709186,S3-429893343,S3-347799178,S3-263605039,S2-249900895,S2-578101086,S3-369325154,S3-877352630,S3-129768137,S3-563971531,S2-450460217,S2-281892840,S2-776052347,S3-336916225,S2-589653289,S2-11520784,S2-582279473,S3-959566703,S2-130838510,S3-102668263,S3-245878259,S2-952083916
S1-680585243	S2-566655641,S2-907952357,S2-480821739,S3-942335984,S2-317977074,S2-122711789,S3-325797046,S2-845357994,S3-595173870,S2-570057266,S2-657732005,S2-957243383,S2-173666773,S2-310325406,S3-233122014,S2-646561872,S3-246244434,S2-15496839,S2-294374630,S2-894152578,S3-200067807,S3-356223222,S2-95761158,S3-946701230,S2-760619006,S2-650216158,S2-621101162,S2-860216935,S2-644251488,S2-173348332,S2-920705297,S2-243092207,S3-998850471,S2-370818838,S3-59097736,S3-323133005,S3-716595628,S2-787557683,S3-720805667,S2-383110163,S2-682553949,S2-474576725,S2-135949974,S3-694738635,S3-341560326,S3-731963102,S2-729236397,S2-114526634,S2-579330620,S2-373576397,S2-78204878,S3-863359627,S3-196729746,S3-284723560,S3-308559580,S2-455750535,S2-439161022,S3-237865955,S3-743039174,S3-139591982,S3-105724780,S3-376039441,S2-717781411,S3-718966374,S2-147732531,S3-569781496,S2-918074562,S2-511858389,S3-697249416,S3-258256039,S3-106774266,S2-67979835,S3-41842064,S3-74817215,S3-347196515
S1-392245358	S2-724036192,S2-895820835,S2-537634897,S2-263273654,S2-865308471,S2-143319691,S2-418380949,S2-925511054,S2-616482192,S2-113726283,S3-365392815,S2-562967662,S2-822346901,S2-603635417,S3-806582215,S3-223601181,S2-647511333,S3-728184371,S2-505317886,S2-508602353,S2-168007992,S3-447101144,S2-741097609,S3-940450786,S2-483334846,S3-640730215,S2-339496387,S3-837585996,S2-282961773,S3-154845694,S2-723832431,S3-124272866,S3-68635253,S2-368417899,S2-423131785,S2-527695405,S2-838831361,S2-248944678,S2-461563520,S2-254788701,S3-453188141,S3-418484560,S3-9578195,S2-228779604,S2-624560793,S3-627051911,S2-39977422,S2-835017179,S2-904035448,S2-113636802,S2-659345862,S2-130130016,S2-842675983,S3-359397489,S3-229970219,S3-542980413,S3-830742852,S3-616491049,S2-993394296,S3-557935539,S2-700760422,S2-703267220,S3-838579244,S3-728992974
S1-521730978	S2-126113089,S2-493250458,S3-4086513,S3-873905347,S3-577472264,S3-225764876,S3-170680860,S3-410945410,S2-888191154,S2-488319175,S2-872471175,S2-827376942,S3-52236204,S3-636690699,S2-439786382,S3-977409556,S2-91347281,S2-203806335,S3-806666926,S2-857755271,S3-285665661,S2-429314580,S2-49975588,S2-133270735,S2-670221701,S2-859754079,S2-855938309,S3-551403580,S3-520910121,S2-42519119,S3-799218494,S2-28561994,S3-267297448,S3-27933425,S3-887705247,S2-107389460,S3-276130089,S3-987704104,S2-762900092,S2-243626415,S3-191594820,S3-555398662,S3-418232358,S2-710175093,S2-642367103,S3-915676955,S3-88620335,S3-754385304,S3-682239180,S3-671140610,S3-397636012,S3-171256192,S2-712777388,S2-865286567,S3-24375996,S2-605676968,S2-162578297,S3-464702130,S2-313270079,S2-81360334,S2-424524873,S3-809181082,S2-368478519,S3-258652851,S3-699279096,S2-508857969,S2-733596657,S2-909960255,S3-357903014,S3-968476116,S2-322921723,S3-408212372,S2-200433240,S3-371492473,S3-304076100
S1-103952189	S3-543704731,S3-965809797,S3-228398779,S2-309079448,S2-42405315,S2-581905425,S3-575827153,S2-459813977,S2-867034949,S2-596791231,S2-329618038,S3-594929458,S3-345746668,S3-146871610,S3-922924004,S2-684827654,S2-372693544,S3-1635471,S2-951007298,S3-693183009,S2-683025550,S2-400132919,S3-80839141,S3-393662028,S2-624103933,S3-725162469,S3-810748961,S3-822826024,S3-538823390,S3-315937878,S3-871159461,S3-995563045,S2-395158902,S3-332753509,S2-581545746,S2-494517765,S3-594660264,S3-499279857,S3-816532092,S2-383767542,S3-805704707,S3-368142562,S2-415831304,S3-170705612,S2-42201830,S3-711961682,S3-640485933,S2-624943065,S2-433456733,S3-608247141,S2-32606962,S2-67322077,S2-147434606,S3-203891072,S2-202820446,S2-138565970,S2-211874388,S2-365414638,S2-641463427,S2-375921441,S2-198416322,S2-715918629,S2-982207017,S2-104808412,S2-355535282,S3-97535328,S3-260527341,S3-230159500,S2-617594647,S3-659965089,S2-788967388,S3-693161976
S1-691021205	S2-779837321,S2-855836919,S2-759684407,S3-79722066,S3-330416335,S3-818406908,S3-495647011,S3-792454545,S2-876983585,S3-369788705,S3-211961935,S3-156413929,S2-42645431,S3-427677076,S2-746709159,S3-758098189,S3-884163623,S2-948356022,S2-76133101,S2-775576496,S3-868639760,S3-227258304,S2-637040711,S3-102361937,S2-913765549,S2-580023525,S3-152769682,S3-707386186,S2-20791846,S2-705138037,S3-932144395,S2-499558461,S2-841418687,S3-597935764,S2-50168303,S3-433011862,S2-753631166,S3-280284219,S3-514298412,S2-39617527,S3-97115163,S3-648976747,S2-276266669,S3-274331849,S2-73575161,S2-521143288,S3-401585731,S2-846342151,S3-179530080,S2-195306891,S2-913519525,S2-183483039,S2-707839334,S2-224603825,S2-295520542,S2-802277435,S3-706163053,S3-636353502,S3-558375893,S3-585213601,S3-731914513,S3-47419564,S3-713743007,S2-622140184,S3-946815458,S3-311653794
S1-532630246	S2-352896779,S2-975023541,S3-451376756,S3-211321885,S2-634745203,S3-243691808,S2-464075266,S2-867654254,S2-102821544,S2-902582027,S2-103942979,S2-887976077,S2-107224179,S2-645255979,S3-928705511,S2-283437334,S3-523013595,S2-505253212,S2-34449822,S2-574530624,S3-82569247,S2-975026675,S2-577024442,S2-666690906,S3-563043948,S2-864283237,S2-32832017,S2-221379524,S3-341972404,S3-187000674,S2-900884194,S2-621153347,S2-337431163,S3-518213444,S3-543200225,S2-287956321,S3-361609882,S2-661469758,S2-928193497,S2-728058654,S2-211198150,S2-315694448,S3-556255726,S2-529101052,S3-276252416,S3-82757438,S3-852961697,S3-958980717,S2-422398104,S3-357534361,S2-236254867,S2-563049977,S2-251752267,S2-50131368,S2-75608025,S3-133956685,S2-591109282,S2-247525658,S3-555421672,S2-290951748,S2-49405337,S3-33890988,S2-866559282,S3-792374244,S2-734607199,S2-20456380,S3-993578614,S3-860590391,S2-38105508,S2-478831502,S3-263247365,S2-841168819,S2-798588771,S3-228157744,S2-984741169
S1-63162461	S2-868571048,S3-675260138,S2-819415402,S2-540153005,S3-504816419,S2-522933880,S2-404808832,S2-46139839,S2-709650804,S2-868816108,S3-909897894,S2-276739341,S3-249547509,S3-42114892,S3-751645065,S2-5170241,S3-760969728,S3-491969572,S2-483667019,S3-485304154,S3-915595050,S3-16234900,S2-166492842,S3-748559355,S2-1820162,S2-611451201,S2-756344460,S3-966309133,S3-568172596,S2-970203166,S2-542324321,S2-74788404,S3-40028609,S2-443502225,S2-706134851,S2-661233828,S2-402060516,S2-449622014,S2-612593401,S2-618554168,S3-48376538,S3-823139246,S3-638882019,S3-354369786,S3-727024248,S2-42553029,S3-630118701,S2-15919698,S2-770746819,S3-597956126,S3-339028343,S2-528304817,S2-719994251,S2-281298862,S3-504111849,S2-548049276,S3-334458671,S3-764163359,S3-257771188,S3-966169403,S2-333054660,S2-993590386
S1-367965660	S2-406571242,S2-428779057,S2-483101305,S3-459745265,S2-538980944,S2-814437817,S2-224142995,S2-738654786,S3-441342414,S2-81464725,S2-404132531,S2-928848926,S3-781401026,S2-607870664,S2-590563325,S3-501184409,S2-77923546,S2-379300554,S3-254660927,S2-312125729,S3-267225102,S3-473552385,S2-84893523,S3-641793302,S3-729898064,S2-878389595,S3-435443424,S3-378111971,S2-85078632,S3-277577604,S2-690532976,S3-552771988,S2-261030515,S3-65762498,S3-641239728,S3-330792714,S3-638142577,S3-18212578,S2-496305506,S3-404703049,S2-856103258,S3-646781577,S2-709100721,S2-192359460,S3-597225923,S2-761924464,S2-252905735,S3-144544978,S3-200673596,S3-321840031,S2-841303459,S2-275925720,S3-773459318,S3-96703249,S2-315317562,S2-38387712,S2-51246458,S2-472204730,S3-189746730,S2-546166838,S2-543053978,S3-837154223,S3-125075828,S2-273046367,S3-545857608,S3-162146907,S3-217977522,S2-87479797,S3-673184723,S2-949444927,S2-521113372,S2-72084456,S3-493900833
S1-731133418	S2-990972332,S3-524568732,S2-219065873,S3-156374276,S3-797309079,S3-966195827,S2-210596993,S2-961509720,S2-815890566,S2-198229539,S2-456035454,S3-731003410,S3-203846271,S2-238323284,S3-84949272,S3-239592170,S2-597331429,S2-600758940,S3-499497315,S3-396182476,S2-104700387,S2-128460500,S2-635902579,S2-151502511,S2-386505077,S2-806374837,S3-694611323,S2-586389069,S3-292383728,S3-658357636,S3-225585774,S3-735831513,S2-96769362,S2-95209804,S2-427346802,S2-553668146,S3-952159052,S2-580923234,S3-757832595,S3-856537962,S3-404018899,S2-868188063,S3-882969357,S3-673466952,S2-559829643,S3-262374256,S2-868740769,S2-232105388,S2-531649927,S3-750025187,S3-572301265,S2-774108168,S3-774418105,S3-248887084,S3-319381684,S2-815090963,S2-525033790,S2-945559054,S3-372858479,S2-134190695,S2-388764352,S3-442623649,S3-561431230,S2-548771393,S3-639706835,S2-310847907,S3-529052354,S3-220977219,S3-852420368,S2-263794548,S3-755254569
S1-885630742	S3-797290519,S2-783704558,S2-327738915,S3-709520333,S3-904871353,S3-368934261,S2-762252952,S2-640858326,S2-492571082,S3-913436639,S2-273732223,S3-827889168,S2-174754063,S3-902698596,S3-777437373,S2-483109091,S2-847620942,S3-104331117,S3-489623111,S2-99346981,S2-233984219,S2-85642806,S2-483580248,S2-473559497,S2-285903626,S2-691581420,S2-771695132,S3-922924004,S3-138162785,S2-98111760,S3-366255112,S3-662556075,S2-214398673,S2-523876750,S3-251639959,S2-517709229,S3-262278175,S2-331692143,S2-206397525,S2-159289810,S2-870693052,S2-76080261,S2-466068570,S2-808344063,S2-289619787,S3-480549351,S3-217991084,S3-534011204,S2-418658885,S2-327350010,S2-454284624,S2-769525804,S3-797465857,S2-323765241,S2-850504854,S2-332937136,S3-313537009,S2-614551324,S3-135068162,S2-295009379,S2-548237367,S3-795606652,S2-730988069,S2-62312136,S3-837145510,S2-972632980,S3-411429,S2-321036622,S2-879690553
S1-807555566	S2-525609073,S3-447671172,S2-756200941,S3-978939556,S2-939065523,S3-85883336,S2-97346546,S3-325940811,S3-254490394,S2-734378710,S2-871268869,S3-870484133,S3-826512377,S3-605703742,S2-328773938,S2-13963616,S2-871252202,S2-587945736,S2-471338858,S3-519497142,S3-268722722,S2-734527887,S3-3777534,S2-585053686,S2-494655227,S3-514679089,S2-100025125,S2-597591142,S2-192566893,S2-420777299,S3-965119673,S2-244573233,S2-171955793,S2-984651927,S2-49461175,S2-655893676,S2-122498745,S2-683539102,S3-424571344,S3-618126362,S3-146749745,S2-573795106,S2-399340797,S2-358313984,S2-88617556,S2-900035338,S3-503435156,S2-437964581,S3-880658725,S3-357547024,S2-50320559,S2-736654053,S3-880608794,S3-953274819,S3-737679104,S2-974586577,S2-846535978,S3-481049010,S3-242917873,S2-243070157,S3-333416185,S2-180815933,S2-61803319,S3-905313869,S2-549293852,S2-525847711,S2-34749562,S3-355630626
S1-401836525	S3-230359993,S3-102596776,S2-358852825,S2-850638234,S2-845577049,S3-560065857,S3-225585774,S2-445599893,S3-558792998,S2-95209804,S2-427346802,S2-580923234,S2-799987490,S2-50709002,S2-611930184,S2-951171642,S2-2960739,S2-357044164,S2-549217750,S3-766256320,S2-853938735,S2-941878534,S3-886170645,S2-6314616,S2-364169649,S2-182743306,S3-643279316,S3-57704195,S2-482321715,S2-327426755,S2-564502430,S3-43167543,S2-497025062,S2-951194915,S3-464575978,S2-332903939,S2-382377359,S2-183808581,S3-535428097,S3-624812593,S2-525675587,S3-404018899,S2-394257658,S3-537848673,S2-156964241,S2-868740769,S3-988696547,S2-851657278,S2-210028902,S2-733348440,S2-787833272,S2-323569447,S3-114672,S3-747040227,S2-157577665,S2-602678559,S3-262374256,S2-203338162,S2-452594648,S3-888161437,S2-445378376,S3-396030651,S3-905004617,S3-785314785,S3-628494086,S2-950007043,S3-1845870,S2-368149271,S2-594542011
S1-796024407	S3-928120241,S3-717663790,S2-152264568,S2-576319343,S2-374294573,S3-502685010,S3-996469817,S2-14314968,S2-265287021,S2-621267029,S2-342505163,S3-385778980,S3-952844723,S2-130797961,S3-250766433,S2-936595492,S3-561161960,S2-751058119,S2-673518147,S2-63106291,S3-795203175,S2-689528333,S3-399440840,S3-594124822,S2-753767379,S2-415554005,S2-549898315,S2-877555522,S2-209372229,S3-192095384,S2-968833758,S3-349584500,S2-70937654,S2-913441778,S2-43925984,S2-476886549,S2-94207909,S3-707806147,S2-135923064,S3-55160936,S2-63398509,S2-640906045,S3-646916894,S3-287889220,S2-172886387,S3-968483077,S3-41818714,S3-249515769,S3-83447685,S3-609500573,S2-880677902,S3-742523846,S2-783777867,S3-987267410,S3-223378799,S3-625822739,S3-764565144,S2-484290919,S3-202926003,S3-427655982,S2-489600685,S3-439448924,S3-773459318,S2-949444927,S2-887468380,S3-366880336,S3-149944576,S3-40953461,S3-79369164,S2-224513042,S2-453785401,S3-660389772,S2-542395506,S2-587366043,S2-762899428,S3-388873075,S3-3936825,S2-626457403,S3-192761906,S2-743127438
S1-149887453	S2-859393404,S2-604186304,S2-98445220,S2-208342662,S2-16423658,S3-615851084,S3-730543420,S2-902193564,S2-970217516,S2-927415840,S2-380973778,S3-435177689,S2-281766486,S2-530504021,S3-102274711,S2-732547440,S3-544175852,S2-305508408,S2-390546496,S2-448720779,S3-443992775,S2-21195587,S2-628535121,S2-492786272,S2-163822809,S2-969804207,S2-870739472,S2-354545150,S2-417386837,S2-937887502,S2-658332477,S2-635321054,S3-181748456,S2-878310935,S2-700679611,S3-894896268,S2-643584373,S2-522749940,S3-917038910,S2-270113589,S2-662177352,S2-812273278,S3-105724780,S2-360197377,S2-636305471,S2-724681924,S2-343349424,S3-711567192,S2-566590421,S2-508857969,S2-765265626,S2-936884379,S2-699970234,S3-823666446,S3-913054871,S2-686851024,S2-291084280,S3-27157849,S2-33293565,S3-73833776,S2-378024681,S2-820410002,S2-294753168,S2-504188280,S2-737645923,S2-835929221,S2-181335140,S2-228099921,S3-48424246,S2-97796789,S3-452770740,S2-956536970,S3-752636033,S2-138118490,S3-797306465,S2-972710182,S3-865331235,S2-647487936,S3-279363357,S2-554373369
S1-823731657	S2-613451941,S2-403397925,S3-396785576,S2-27403237,S2-193065678,S2-319619448,S3-760477925,S3-704309073,S2-813569572,S3-686460451,S2-354604079,S3-996002465,S2-92504175,S2-346804520,S2-744421210,S2-807525733,S3-845211629,S3-457674762,S3-489569299,S3-602693922,S3-572893745,S3-680900128,S2-915677646,S2-839252781,S2-971933230,S2-456440520,S2-17298218,S3-96265355,S3-55850970,S2-389205277,S2-551798102,S2-867687512,S2-70593282,S2-839335978,S3-71989301,S2-799382079,S2-588291599,S3-9131914,S3-648332107,S2-261851121,S3-774921322,S2-428215536,S3-918803529,S2-971134134,S3-404252767,S2-793749751,S2-171844982,S2-535988246,S3-209003719,S3-112200097,S2-182936282
S1-578641214	S2-170041353,S3-447803956,S2-149370940,S2-815466396,S3-535322018,S3-421420616,S3-519180197,S2-880249197,S2-990119436,S2-429647604,S2-789481229,S3-529820330,S2-93204758,S3-140631579,S3-97436279,S2-454889190,S3-728995391,S2-772679465,S2-313347723,S3-138541389,S2-495565633,S3-730543420,S3-795796873,S2-316141362,S2-583375171,S3-321928988,S3-714504878,S3-744348692,S2-651190084,S2-199235212,S2-917591322,S2-95318203,S3-942274291,S3-576155529,S3-402553800,S2-393326345,S2-376218080,S2-375441308,S2-21195587,S3-610043524,S2-251970084,S3-862165029,S2-731738095,S2-254993487,S3-56081360,S3-941559510,S3-515042898,S2-692928869,S3-403615825,S3-497678036,S2-862482272,S3-376392291,S3-708152979,S2-442717160,S2-375080152,S2-861650790,S3-198422218,S2-847120229,S3-242063184,S3-822390044,S3-228143659,S2-987521464,S2-811561229,S2-617894275,S3-314882716,S3-102683694,S2-192199797,S2-228099575,S2-538649199,S2-802837546,S2-349006487
S1-549086594	S3-172940292,S2-460784113,S3-658704094,S2-943171315,S2-613346423,S2-72836343,S2-720381107,S2-432057893,S2-615656154,S2-199283462,S2-536900454,S2-740058982,S2-176002847,S3-835705153,S2-428072189,S3-54457162,S2-851238110,S3-555818589,S2-673651545,S3-368386071,S3-257351577,S3-805783007,S2-46286948,S3-732637022,S3-359930838,S2-597540516,S2-858623443,S3-475226933,S3-241142710,S3-493330243,S2-457596697,S2-633941400,S2-505328569,S2-76050305,S2-621519915,S2-311749563,S2-757248538,S3-175979786,S3-966681755,S2-680824396,S3-820693581,S2-746168718,S3-166323734,S2-851754490,S2-857044147,S2-77494747,S3-273977910,S2-721828148,S3-400581431,S3-583566419,S3-807957571,S2-702520989,S2-706043760,S3-320750400,S2-161212023,S2-132866128,S2-613033624,S2-972505815,S2-921202375,S3-431111017,S3-997609453,S3-761346458,S2-790077888,S3-883336029,S3-849305010,S2-270556723,S2-538572856,S2-901390153,S3-248614453,S3-22751583,S2-129689784,S3-356439346,S3-56460115,S2-826470477,S2-354412170,S2-842896033,S3-475405930,S3-642920117,S3-93453970
S1-21590818	S3-440585281,S2-480877837,S2-702273799,S3-643697854,S2-712994058,S2-355895406,S3-845748442,S3-236013056,S3-266376124,S2-385515037,S2-465751649,S2-742893789,S2-526750044,S2-296516274,S3-96459860,S2-603383783,S3-407324780,S2-436746769,S2-28480927,S2-575012895,S3-633998961,S3-147368662,S2-71597051,S2-395617292,S2-617582170,S2-984522490,S2-328680381,S3-710483606,S2-254906714,S2-617898173,S2-929363943,S2-176123262,S2-238929685,S3-411088518,S2-809318117,S3-311546581,S3-68283674,S2-453572513,S2-503373128,S2-215365689,S2-898065794,S2-12615911,S2-729239134,S3-650772971,S2-373636381,S2-700570155,S2-640663140,S2-910731012,S3-431494048,S2-837801206,S2-111363007,S2-101737938,S3-876520610,S3-990769953,S2-627655247,S2-503361961,S2-801352391,S2-7896958,S3-707565425,S2-918560321,S2-840910100,S3-198405723,S2-742537921,S2-240167928,S2-447423214,S2-97796789,S2-881403826,S2-942813893,S2-5841646,S3-186784888,S3-722285844,S2-592540903,S3-69135412
S1-555090350	S3-731084824,S3-646915566,S3-812853416,S2-813616626,S3-248192606,S3-849305010,S2-200614839,S3-54024043,S3-354698454,S2-154334183,S3-172913923,S3-827097097,S3-981421662,S2-704142395,S2-787411419,S2-382990298,S3-74953757,S3-435682417,S3-452421911,S3-240255725,S2-764306412,S2-403566075,S3-276376723,S3-40356909,S3-996706485,S3-666110895,S2-126222886,S2-45071914,S2-675394479,S3-815425720,S3-113928595,S2-284106540,S2-413623420,S3-392261207,S3-36701326,S2-505328569,S3-870213820,S3-487955323,S3-411503322,S3-680032685,S3-989301323,S3-579135170,S2-647844092,S3-14539018,S3-403795931,S2-247024966,S3-462508762,S3-977086194,S2-612297745,S3-217085103,S3-649235994,S2-133568758,S3-957950100,S3-698592979,S2-263225599,S3-310015971,S2-545605859,S2-883437993,S2-915821365,S2-512601150,S3-860821345,S3-526022927,S3-52682410,S3-896259179,S3-346435341,S3-494466951,S2-442497176
S1-557511474	S3-941096624,S2-361177185,S2-671503315,S2-320048321,S3-446020685,S2-40631468,S3-644134700,S3-106894059,S2-928022441,S3-846977678,S2-373980755,S2-535757276,S2-456052727,S2-492182740,S2-245887185,S2-974735952,S3-101378689,S2-345134017,S2-630772014,S2-560505973,S2-778501030,S2-726681224,S2-20699984,S3-190768737,S3-442153398,S2-754301627,S2-959989216,S3-432113816,S2-382440808,S2-723970550,S2-82483592,S2-491721851,S3-18479117,S2-247525658,S3-458817757,S2-742344298,S3-458156761,S3-39055578,S3-961664181,S2-649687413,S2-311204736,S2-307626378,S2-164974600,S2-925486917,S2-728929292,S2-956520344,S2-391886434,S2-544919380,S2-848266651,S2-816821616,S2-601386879,S2-39575340,S2-945515631,S2-552833521,S2-284253457,S2-461272927,S2-478000488,S2-554929444,S2-22328438,S2-181335140,S2-983084003,S2-565525250,S2-375784909,S2-83768658,S3-62483197,S2-622721086,S2-708668468,S2-665803822
S1-576220090	S2-269215494,S2-323633536,S2-810843780,S2-857510769,S2-911275091,S2-532776476,S3-382298099,S2-21859479,S2-291198685,S2-970808601,S3-41079749,S3-47772587,S3-866005110,S3-190169384,S3-665620740,S3-78186866,S2-107278558,S3-960590210,S3-480380320,S3-248182498,S2-667608628,S2-923469909,S2-86980319,S2-817214327,S2-704773714,S2-516724848,S3-618378574,S3-285285387,S3-750093551,S2-110723112,S2-45071914,S3-588266277,S2-696956235,S3-947182627,S3-19569180,S2-339090107,S2-794352292,S3-273564210,S3-402527005,S3-981516767,S2-612206634,S3-874901968,S2-83700488,S3-241205476,S3-651279166,S3-716647832,S2-94870785,S2-456906802,S2-815056886,S3-995368876,S2-607605766,S3-376392291,S2-554373369,S2-344719352,S3-310015971,S2-68918440,S3-413671146,S3-41233105,S3-403060212,S2-913033756,S3-158106494,S2-494133473,S3-298649643,S3-435423035,S3-546216696,S3-61960538,S3-375071519,S3-884070146
S1-299278979	S2-167460619,S2-345070913,S2-683695538,S2-990453342,S3-83034740,S2-451040451,S3-489456143,S2-882591764,S2-38712564,S2-500185652,S3-23294124,S2-709748280,S2-613451296,S2-834353592,S3-264315271,S2-764351017,S2-291305952,S2-464136995,S2-525004910,S2-711177369,S2-366101082,S2-402753691,S2-810915319,S2-433680239,S2-18767205,S3-651637678,S3-260668619,S2-356538635,S2-692850168,S2-433545477,S2-695674205,S3-634655058,S2-813492818,S3-328806240,S2-222540081,S2-553540706,S2-99975925,S2-966134785,S2-752646697,S2-244753129,S2-808414800,S2-893465401,S2-654263813,S2-558630771,S3-707346710,S2-429078889,S3-67086942,S2-826393674,S2-367720673,S3-762696584,S2-498530785,S2-501562255,S3-409506301,S3-331765879,S3-349303403,S3-257288229,S3-994904036,S2-268505435,S2-848633916,S3-961050991,S2-530330935,S2-734607199,S3-58973096,S2-188667140,S2-655067434,S2-991014361,S2-877085471,S2-149711897,S3-726404594,S2-251752267,S2-248655244,S2-553038601
S1-202490639	S2-318025254,S3-285650811,S2-827765671,S2-948378324,S2-778814529,S2-372789171,S2-973170918,S2-482736845,S2-74109575,S2-629189951,S2-767138403,S2-891948772,S2-454889190,S2-26875061,S2-404614173,S2-439786382,S2-868871457,S2-931897447,S3-29802948,S2-722400387,S3-536796089,S2-917591322,S2-329708360,S2-845972423,S2-877479417,S2-778585048,S2-449440448,S3-101300498,S2-214397081,S2-238172285,S2-568612668,S3-762516668,S2-926069490,S3-850900487,S3-567294634,S2-741354047,S2-928230632,S3-562191021,S2-753740922,S3-948794548,S2-872471175,S3-818582172,S2-270586237,S2-313572774,S2-991036532,S2-518019034,S2-122674932,S3-615900852,S3-389563784,S3-142928300,S2-444445874,S2-592853552,S2-597430663,S2-917557484,S2-557463350,S3-562009309,S2-564551253,S3-819454535,S3-133642798,S2-255090130,S3-781567734,S3-600722800,S2-261749908,S3-313087752,S2-563787218,S2-324753106,S2-652247214,S2-686851024,S3-885821457,S3-62255730,S3-41233105,S2-835219973,S3-178331542,S3-870804447,S2-248916016,S3-154217274
S1-122618676	S3-332442975,S3-58168673,S3-657811418,S2-907716013,S3-655298910,S2-399970601,S2-385329728,S3-460705158,S2-21794839,S3-547904372,S2-703526660,S2-469544654,S2-895553816,S2-115098970,S3-968717143,S3-985021305,S2-813208104,S2-79591079,S2-125444759,S3-27035825,S3-615954776,S3-182611124,S2-600907459,S3-210822178,S2-421162180,S2-541270485,S2-495663971,S3-290825545,S2-647916136,S2-930351241,S3-962025389,S2-381212418,S2-248027122,S2-906707886,S3-502782088,S2-910920599,S2-877096489,S3-533346881,S3-797465857,S3-451937502,S2-615282050,S2-568849849,S3-14991774,S3-77878473,S2-35624334,S2-532740600,S3-532479968,S2-586455967,S2-35807634,S3-493037052,S3-904407519,S3-983002420,S2-8364913,S3-981036058,S2-369203988,S3-370436944,S3-823997867,S2-520461134,S3-228245801,S3-285904046,S3-101694766,S2-841340666,S2-622493652,S3-15409362,S3-506139735,S3-433294387,S2-208731539,S2-360807718,S2-761973445,S3-344031260,S3-671474190,S2-223599377,S3-366829161,S3-859219904,S3-937573114,S2-73623042,S2-816968429
S1-144979450	S3-88312239,S3-458325801,S2-711408485,S3-262774830,S3-294830318,S3-48285817,S3-209916773,S3-559857129,S2-441938596,S3-876884458,S2-261610237,S2-574122485,S3-881899727,S2-827740014,S3-885542010,S3-185439487,S2-388542289,S2-543459874,S3-505904539,S2-255719807,S3-44513075,S2-824135093,S2-832022865,S2-365876998,S2-54712106,S2-942025833,S2-533185918,S2-851280786,S2-406758983,S3-192220018,S3-133860276,S2-993221227,S3-14082900,S3-814085606,S2-696101444,S2-859313583,S2-384616423,S3-549531669,S2-335195201,S2-656787762,S2-456000743,S2-504827700,S2-290899179,S3-408893902,S2-785753136,S3-211016736,S2-996245861,S3-484800435,S2-508328321,S2-961333876,S2-845417570,S2-915318444,S2-412629355,S2-624893674,S2-514450201,S2-337644802,S2-673054837,S3-628039664,S3-441495503,S2-131799288,S3-228830153,S3-445454974,S2-365957724,S2-507307536,S3-788527125,S3-862920893,S3-32735211,S2-92900333,S2-346410027,S2-237999378,S2-44866086,S2-931339097,S2-217254129,S3-34383256,S2-72883532,S2-475698813,S3-173778612
S1-877733833	S2-974050437,S2-402691513,S3-448277175,S2-156415950,S2-162849450,S2-593221230,S3-111503107,S2-626998166,S3-857402779,S2-846938440,S2-977030657,S3-168304374,S2-690769679,S2-184840920,S2-24663270,S2-799402582,S2-795907054,S2-593212875,S3-848817370,S2-58327005,S2-673333987,S2-285419121,S2-229307893,S3-931716206,S2-428660624,S2-268589461,S2-663456684,S3-600907413,S3-429383553,S3-535171619,S2-385546967,S2-200866006,S2-895326284,S3-789307810,S3-983246498,S2-645600826,S3-648534188,S3-395575722,S3-868435514,S2-885130168,S2-901608864,S2-241066936,S2-243146112,S2-110238216,S2-224909884,S2-279927099,S2-135023737,S2-563626480,S2-961192683,S2-588878532,S2-359998995,S3-370852039,S2-218158965,S3-764857786,S3-651550068,S2-964891724,S2-75265157,S3-103453695,S2-522329861,S3-976697481,S3-95138440,S3-754439009,S3-158664017,S3-806854035,S2-534249665,S2-87932682,S2-729299898,S2-421144029,S2-214749166,S2-138702507,S3-441292477,S3-341889144,S3-945713137
S1-51525259	S2-917032712,S2-217254129,S3-950759837,S2-926448331,S3-812257653,S3-679981840,S2-802048451,S2-634261344,S3-501118198,S3-814950404,S3-573962207,S2-288034247,S2-88297436,S2-600709346,S2-950767443,S3-368910712,S2-161665134,S2-756217963,S2-462885163,S3-606698858,S2-470219905,S2-538399908,S2-896315552,S2-623221691,S3-22867475,S3-359586101,S2-243486155,S2-878134898,S2-454847618,S2-336358047,S3-831933190,S2-887589455,S3-694649203,S2-337366744,S2-75752139,S3-969740175,S3-178548895,S2-388524257,S3-752566146,S3-98196918,S3-863539653,S3-524542946,S2-209903753,S2-366393391,S2-72112805,S3-758547914,S3-343384840,S2-338652751,S3-808990619,S2-602534523,S2-105392237,S3-460097622,S2-79488526,S3-118707874,S2-494464735,S2-867690482,S2-996144882,S2-659290107,S2-427158490,S3-496417238,S3-783892874,S2-252598928,S3-807525205,S2-962092980,S2-102821544,S3-664208118,S2-750971667,S3-596591078,S3-931750397,S3-291106911,S2-141749660,S2-746710818,S3-792225200,S2-649687413,S3-665453122,S2-879724650,S3-847804380,S2-292807436,S3-324648385,S2-322753932
S1-945650918	S2-316342125,S2-888767595,S3-788036466,S3-751794169,S3-676432488,S2-799889107,S2-309079448,S2-828684877,S3-791120579,S2-413024226,S3-71523925,S3-457764913,S3-758700835,S2-65897181,S2-84176606,S3-971555812,S2-57529012,S2-368031886,S2-401967653,S2-137787594,S2-419221101,S3-35012341,S3-803973742,S2-872042738,S3-699422893,S3-745383452,S2-311840084,S2-658373403,S2-812171463,S2-121707562,S3-611229775,S2-952582171,S2-486832792,S3-766217554,S3-777003283,S2-831707743,S2-315681532,S3-525164347,S2-848909665,S2-707319084,S2-724273139,S3-664383206,S2-453160714,S3-852338985,S3-87965512,S2-307484236,S3-895114093,S2-628626692,S2-740831664,S2-474140650,S2-791926875,S3-318025344,S3-914317906,S2-372908030,S2-621125394,S2-213723020,S3-895267314,S3-310031374,S2-941126528,S3-46705563,S2-881140269,S3-553176058,S2-65413654,S2-581905425,S2-527556282,S3-304836705,S2-779736884,S2-388353512,S3-927206449,S2-245397920,S2-607608903,S3-354949581
S1-947166860	S2-42658359,S2-698853486,S3-507898719,S2-227165445,S2-211478570,S2-105883852,S3-709470866,S2-186516392,S2-748875161,S3-797995460,S3-492271759,S2-159917784,S2-14478748,S2-457681253,S2-490643275,S3-230590825,S2-160530551,S3-939996484,S2-208614397,S2-502732830,S2-962108340,S2-656668371,S2-147361137,S2-345943087,S3-996759333,S2-582885404,S2-842179113,S2-214789919,S2-99318091,S2-68511408,S3-701301535,S2-784114990,S2-944765512,S2-684260787,S2-663884088,S3-337037961,S2-181468156,S2-598610883,S2-1987676,S2-811215096,S2-480803535,S2-155487435,S3-370646356,S2-424333804,S2-400681587,S2-782226973,S3-343346488,S2-721588286,S3-923542598,S3-55636765,S2-856900932,S3-122107316,S3-134195078,S2-791121279,S2-554314129,S3-274677055,S2-606756929,S2-530908514,S2-176077370,S3-642481731,S2-39203161,S3-218008526,S2-474404665,S3-124238386,S3-862935203,S3-695659041,S3-954070164,S3-266645445,S2-426144370,S3-109942194,S3-127984236,S3-18328583,S3-142144880,S3-79824091,S3-985165628,S2-844767517,S3-493482128
S1-243140298	S3-763696279,S3-195216100,S2-981474941,S2-810148750,S3-320623609,S3-247671864,S2-889738833,S2-386433432,S2-597606217,S3-856376463,S3-628284808,S2-761972097,S2-542355547,S3-989899979,S2-249802986,S2-7014550,S3-289566539,S3-355795260,S2-22852364,S2-850270135,S2-755958289,S3-348050503,S2-635803796,S2-292254573,S2-640982732,S3-337073328,S3-656166842,S2-756294352,S2-480507234,S2-110054108,S3-192584799,S2-257973064,S3-752528485,S2-236904406,S3-432825192,S3-378907298,S3-52863304,S2-570937015,S2-809338755,S3-878319580,S2-321655560,S3-421192869,S3-804166196,S3-880580317,S3-729289802,S3-359855470,S3-977593797,S3-59112640,S3-932071874,S3-548765254,S3-140590876,S3-31616462,S2-489795633,S2-413822422,S2-800464717,S3-590265738,S3-652396445,S2-535571129,S2-116953520,S3-625822739,S2-807978999,S2-52304616,S3-639095135,S3-160255242,S3-887683843,S3-783100240,S3-71515855,S3-808030403,S3-279637281,S3-313122148,S3-499281327,S3-887760724,S3-878562443
S1-694979060	S3-573396832,S2-834353592,S2-694390254,S3-71135819,S2-895333808,S3-826243245,S2-613451296,S2-895798537,S3-112369268,S3-881398220,S2-464136995,S2-337572515,S2-525004910,S2-360326943,S3-634655058,S2-810915319,S3-651637678,S3-500390011,S2-443661008,S3-670128288,S2-513884785,S3-795605619,S3-10496426,S3-178661366,S3-484589045,S2-493952708,S2-751389924,S2-358237238,S3-62971906,S3-473983292,S3-533775438,S3-409506301,S3-249570230,S3-423625466,S3-895959244,S2-864300271,S2-148683077,S2-671340149,S3-979909106,S3-511589805,S2-190553331,S3-918635551,S2-237497049,S3-611882964,S2-341127446,S2-456906802,S3-339365778,S2-669684920,S3-5944085,S2-395800668,S2-20456380,S2-462816155,S2-28908274,S2-918547934,S3-99610340,S2-167460619,S3-853720978,S3-356103753,S2-609292694,S2-341726694,S3-43240525,S3-707346710,S3-5836114,S2-277904285,S3-211882578,S2-689330978,S3-37888261,S2-724374224,S2-773638828,S2-140071944,S2-704323652,S2-683695538,S2-395060437,S2-955922218,S2-288707823
S1-429112441	S3-243584822,S3-34128927,S2-577085849,S3-328285658,S3-857096705,S3-996850130,S3-793058228,S3-194930545,S2-236030949,S2-414485702,S2-552467471,S2-431533803,S3-612742928,S3-947862082,S2-664651765,S2-990978690,S2-342886966,S2-503603114,S3-568876135,S2-236074126,S3-649597856,S2-258040459,S3-304501038,S3-786824233,S3-239570311,S2-446130328,S3-161291559,S3-223939955,S2-391430374,S3-844945949,S2-509242360,S3-654077606,S3-737712423,S2-148058629,S3-144678432,S2-461835629,S2-551748517,S2-732036770,S2-32921581,S3-291106911,S3-923899279,S3-553590754,S3-373938429,S3-655377880,S3-152537826,S2-105392237,S3-766272393,S3-406492284,S2-576594275,S3-157147124,S2-119898959,S2-316434908,S2-825131753,S3-916252988,S3-501938450,S2-864668733,S2-469710327,S2-724042225,S3-647554132,S2-89245902,S2-298448326,S2-715905554,S2-699970234,S3-734814658,S3-530176667,S3-688137619,S3-258778931,S2-436621421,S3-247158081,S2-950089981,S3-743963805,S3-43318540,S3-788342165,S3-736203597,S2-708879540,S2-345122716,S2-270478468,S3-238212341,S2-285530602
S1-246462346	S2-690112842,S3-61667923,S3-457017970,S3-399857107,S2-110054108,S2-328773938,S2-13963616,S3-90197267,S2-94060323,S2-823705702,S2-173492176,S2-512369708,S2-122498745,S3-519497142,S2-474787083,S2-494655227,S2-420777299,S2-449746137,S2-192566893,S2-585053686,S3-965119673,S3-345211542,S2-642831788,S3-896696130,S3-229041371,S2-494427848,S2-713920891,S3-98007898,S3-618126362,S2-215173585,S3-365296009,S3-415391569,S2-576856416,S2-820739985,S3-624248080,S3-514041989,S2-411849140,S3-163232882,S2-152261799,S3-149156577,S3-158179652,S3-476877208,S2-770236655,S2-813279273,S2-128499773,S3-593152841,S3-446367210,S2-565703063,S2-489010313,S2-985797194,S2-501445079,S3-331904256,S3-791021794,S2-623031574,S3-576337138,S2-75907054,S3-642432486,S2-811159456,S3-117918192,S2-565378771,S3-580181117,S2-733611238,S2-285615174,S2-979345096,S2-805791049,S2-241866949,S2-25058109,S2-539867790,S2-7000961,S2-75283964,S2-857150604,S3-301042091,S3-609076802
S1-232082545	S2-629377847,S2-738061801,S2-894749036,S2-141268529,S2-364880510,S2-522212802,S2-551509463,S2-229317008,S2-191955894,S3-909973798,S2-646783465,S2-476199841,S3-454183630,S3-863331857,S3-920708748,S2-847152322,S3-922971635,S2-694742670,S2-910412328,S2-620565793,S3-953042539,S2-905568957,S2-119493699,S2-806896527,S2-681990551,S2-698458738,S2-850692545,S2-857216235,S2-661696993,S3-845558708,S3-30616921,S2-818788586,S2-481994787,S2-308157268,S2-304751299,S2-666993506,S2-431280729,S2-636634036,S2-887595379,S2-262378104,S3-133569825,S3-249031374,S3-797272249,S3-604981741,S3-239367161,S2-561017128,S2-109955360,S2-145979372,S2-455493505,S2-848445843,S3-128260107,S2-193385612,S3-756590899,S3-547241603,S2-262002046,S2-10950521,S3-240329798,S2-718855624,S3-905571881,S3-123118865,S3-601660063,S3-951680983,S2-24736128,S2-205824361,S2-43073112,S2-820765904
S1-186761262	S2-286613020,S2-391832691,S2-472504526,S3-175998906,S2-872335008,S3-245905440,S2-280976715,S2-74492939,S3-66951337,S2-958678717,S2-733438521,S2-970352127,S2-269823820,S2-53865370,S2-656412330,S2-573451581,S2-494937834,S2-312982568,S3-519495284,S3-704378232,S2-836625405,S3-500435823,S3-927645392,S3-422785674,S2-411476341,S2-719227879,S3-92204207,S3-626668054,S2-59481195,S2-319761515,S2-697193741,S2-133239838,S2-490320012,S2-909408045,S2-673527757,S2-840364318,S2-190875677,S3-137174211,S2-902902513,S2-403751937,S2-63661162,S2-20456380,S2-99482482,S2-620026506,S2-148508078,S2-224839523,S3-498082241,S2-487805187,S2-436621421,S3-133793647,S3-252219965,S2-698245094,S2-340948199,S2-439192723,S3-557859802,S3-395173635,S3-882775378,S3-856345263,S3-437243930,S2-866465129,S2-866559282,S3-723832785,S2-996603300,S2-423273035,S2-685229890,S2-220392750
S1-100146655	S3-78299527,S3-448718965,S2-803159433,S3-871006261,S2-678266686,S2-368772488,S2-93482448,S2-623550129,S2-997533848,S3-131156968,S2-165008290,S3-98530864,S3-597780188,S2-138958741,S2-432203876,S3-878747362,S2-702429792,S3-317135825,S2-262225869,S2-874451827,S3-500984305,S3-619625458,S3-797455572,S3-784625849,S3-837474521,S2-63797915,S3-161905121,S3-390926388,S3-17013823,S2-588935699,S2-749428759,S2-664984893,S2-625825667,S3-222322100,S3-665421599,S2-400003645,S3-971956598,S2-226521083,S3-516491100,S2-293227677,S3-21448108,S2-416488273,S2-643511829,S2-740413278,S2-760648353,S2-972007844,S2-680540548,S2-384556840,S2-86106348,S3-188980974,S3-686023876,S3-300063159,S3-563709941,S3-416302028,S2-464887178,S3-809347354,S2-52173611,S3-558692712,S3-183193630,S3-86876873
S1-341291980	S2-775746080,S2-170203166,S2-325760130,S2-51873388,S3-536524497,S2-174938246,S2-773170031,S2-492477445,S3-107555746,S2-736455959,S3-577657399,S2-679887623,S2-819605456,S2-11920841,S2-210115827,S2-86844170,S2-591277113,S3-128006494,S3-403989528,S2-704652401,S3-484599000,S2-123452613,S2-672935280,S3-534418014,S3-685023040,S2-683806035,S2-571461091,S3-522360603,S2-871018688,S3-984897726,S2-862875653,S3-142773208,S3-940640825,S3-318158771,S3-917646787,S3-857921746,S3-352753392,S3-627439990,S2-51304489,S2-863771363,S3-230914336,S2-622037749,S2-540547698,S3-262038586,S2-276973587,S3-581512350,S2-557634773,S2-126987177,S2-264185942,S3-11197099,S2-151631013,S3-501954504,S3-603778757,S2-463713237,S2-199757707,S2-169105924,S3-314389597,S2-4594139,S3-522187166,S2-940368813,S3-619372892,S3-1556329,S2-538471984,S3-995374120,S2-608629229,S3-175699829,S3-48712513,S2-140184475,S2-761462798,S3-206834533,S2-827584632,S3-123686010
S1-572730139	S2-409252550,S3-309699789,S2-419907519,S3-696502559,S2-581208194,S3-807809317,S3-525488835,S2-845331298,S3-629536177,S2-818755974,S2-984943631,S2-861008615,S3-45393119,S2-669454899,S2-271823772,S2-218771556,S2-800293047,S2-682553949,S3-613134076,S2-224648929,S3-698670040,S2-390323075,S2-732609411,S2-34518481,S2-459521665,S2-973724667,S3-417224102,S2-114390788,S3-802676977,S2-875063854,S3-250659435,S2-172550616,S2-365096291,S3-533946480,S2-853602309,S2-482260387,S3-451359998,S3-536772125,S3-832206077,S2-366081375,S2-850504854,S3-326587650,S2-936521677,S3-192903145,S3-261271601,S3-336874273,S3-818372025,S3-290459290,S2-743791425,S3-100217153,S2-507619867,S3-90169228,S3-235309393,S2-280309152,S3-33188768,S3-799506416,S2-892458075,S3-412463314,S2-234914558,S2-696384923,S3-791247921,S2-287922521,S3-484149033,S2-684363094,S3-145151842,S3-498627832,S2-15116571,S2-747166651,S3-784959915,S3-898080658,S2-550771561,S3-310120574,S3-896040149,S2-955029778,S3-287445361,S3-365642430,S2-359812330,S3-77232495,S3-219444183,S2-870071391
S1-594141325	S2-130625620,S2-580923234,S2-50411278,S2-415597790,S3-591012865,S2-146892719,S2-498495684,S2-979568198,S2-307258325,S2-95371491,S3-694980527,S2-224007191,S2-833550351,S2-552335474,S2-923559156,S2-465719509,S2-901198492,S3-707386186,S2-494297274,S2-217920730,S2-785852339,S2-352839034,S2-469085227,S3-805197347,S2-720689829,S3-96742727,S3-751253251,S2-659798493,S3-123281950,S3-472095820,S2-505041498,S3-820948079,S2-974267901,S2-247398128,S3-911625149,S2-520168735,S3-234548018,S3-582253494,S3-508975180,S2-709576782,S2-797663305,S2-129238142,S3-672600432,S3-309501090,S3-514939930,S3-74590188,S3-902528003,S3-348612147,S3-552087168,S2-190825164,S3-511754638,S2-78569288,S3-459157964,S3-481593958,S3-642743283,S3-629879608,S2-471441474,S3-758419979,S3-399542129,S2-214274250
S1-401761505	S2-687398115,S3-810604564,S2-174235168,S2-991699777,S2-449578781,S2-921703620,S3-52904929,S2-624352296,S3-857661343,S2-934983917,S2-643851535,S2-461180155,S2-564829794,S3-347093194,S2-718689706,S2-805645989,S3-713549840,S2-802288394,S2-815444916,S3-118735333,S2-745858935,S3-39946716,S3-415637811,S3-640691930,S2-105250974,S2-401040600,S2-77475341,S3-925866437,S3-480781346,S2-867730028,S3-755486631,S2-996914301,S2-531849140,S2-422547343,S2-130736404,S2-3997594,S2-266925861,S2-81352893,S2-580245717,S3-492239114,S2-68899217,S3-333429555,S2-826756724,S3-456119347,S2-752508714,S3-166677498,S2-954259326,S2-947982066,S3-990235590,S3-467544335,S3-946101231,S3-642854274,S2-218534575,S2-464887178,S2-6599540,S2-522027353,S3-591089378,S2-56373353,S2-226863316,S2-942127665,S2-79685666,S2-723642257,S2-239615295,S2-405466933,S3-214686230,S3-585648120,S2-593972570,S2-575492329,S2-359437116,S3-805777308,S2-975364978,S3-778190528,S2-749031897,S2-622166078
S1-820196196	S3-734111268,S2-52503647,S3-852718450,S3-869234102,S2-319100992,S2-337644802,S3-626062357,S3-939445917,S3-126737050,S3-314000807,S2-830188408,S2-300074753,S3-526919347,S3-411023211,S2-113983425,S2-880101195,S2-449651472,S2-764879575,S2-351953646,S3-897563080,S2-654263813,S2-110172126,S2-465416416,S2-86100470,S2-216419718,S2-657941165,S2-534320225,S3-198792125,S3-99888127,S2-750708611,S2-914661709,S2-675722323,S3-30997744,S2-55458403,S2-415276023,S2-188390220,S3-891667681,S2-386193016,S2-372625515,S2-303726261,S2-34374186,S2-213107270,S2-677076393,S3-165285571,S3-732233807,S2-879229344,S2-361351497,S2-933515673,S2-67506812,S2-535009147,S3-612310497,S2-984956803,S3-34339989,S3-355515595,S2-545316453,S2-480402860,S3-352712708,S2-488984489,S2-309303008,S3-119869983,S2-215214266,S2-99338853,S3-439398689,S2-108880979,S2-409549083,S2-970356675,S2-8120187,S2-135309955,S3-42736984,S2-706740275,S2-314265909,S2-590634991,S2-328896377
S1-81981566	S2-613484518,S2-411835858,S2-353028137,S2-988340451,S3-782912447,S2-194885385,S3-156813058,S3-178033927,S2-701210536,S3-380278329,S3-580470845,S2-627744896,S3-629375257,S2-488285022,S3-126648779,S2-315231302,S2-849630940,S3-639950483,S2-18696530,S3-855032270,S2-328773938,S2-13963616,S3-519497142,S2-494655227,S2-192566893,S3-965119673,S2-420777299,S2-215173585,S2-585053686,S2-494427848,S3-98007898,S2-512369708,S3-618126362,S2-191403368,S2-782327615,S2-138046867,S2-820739985,S3-631822213,S2-122498745,S3-513578052,S3-346558225,S2-59847412,S3-584434733,S3-963595805,S3-534011204,S3-339852035,S3-421192869,S2-826868298,S2-764153623,S3-128466263,S2-540981835,S3-631988653,S2-777785870,S2-382573687,S3-609500573,S3-342111475,S2-294086065,S2-559424906,S3-242982997,S3-316688234,S3-604949862,S3-468708763,S2-372902301,S2-817741541,S3-481975770,S3-372913405,S3-563175397
S1-92690219	S2-141268529,S3-188681893,S3-211961935,S3-909973798,S2-646783465,S2-476199841,S3-454183630,S3-863331857,S3-156413929,S2-629377847,S3-427677076,S2-746709159,S2-847152322,S2-76133101,S3-922971635,S2-620565793,S2-580023525,S2-623795215,S3-932144395,S2-481994787,S2-887595379,S2-758711055,S2-857216235,S2-893065168,S2-753631166,S2-381130751,S2-681990551,S3-30616921,S2-738061801,S2-850692545,S2-551509463,S2-806896527,S2-259628805,S2-749863395,S2-229317008,S2-666993506,S2-39617527,S2-661696993,S2-46689456,S2-432458658,S3-597906725,S3-560279289,S2-928351065,S3-623089811,S2-406647796,S3-313874031,S2-748290286,S2-845638237,S2-729718584,S2-302301399,S2-9416718,S3-948323362,S2-908745311,S3-238513739,S2-760242484,S2-818788586,S2-561017128,S3-305972444,S3-147183864,S2-480576553,S2-588664014,S2-557472925,S2-969235989,S2-972257980,S2-528284532,S2-228705343,S2-412196838,S2-847252788,S3-26451889,S2-248782105,S3-183748521,S3-161704141,S2-193385612
S1-888167789	S2-27087381,S3-656356159,S2-999371388,S2-885365561,S2-980402746,S3-342553066,S3-576337138,S2-625855410,S2-752641615,S3-880204670,S2-834074674,S2-200628014,S2-690783170,S2-484230193,S3-123617246,S2-318217219,S3-935470358,S2-422647725,S2-566458591,S2-810167930,S2-715235185,S3-571534712,S3-421873440,S2-643239949,S2-626806799,S3-658603237,S2-386970348,S3-876816930,S3-465934118,S2-782401194,S2-268159385,S2-971400527,S3-332229645,S3-605533426,S3-144398613,S2-260783262,S2-723346797,S2-722331138,S2-416831058,S3-472095820,S2-452572748,S2-44906773,S3-137830807,S3-580181117,S2-831212679,S2-219998868,S2-457617304,S3-125740282,S3-906114761,S2-744196606,S3-897319879,S2-501445079,S2-228267434,S2-623031574,S2-806647283,S3-364016577,S3-797015637,S2-720771033,S3-808306051,S3-878725042,S3-278409614,S2-678676307
S1-942011133	S2-117521956,S2-937072190,S2-764236252,S3-410477423,S2-824460780,S3-950660541,S2-606077666,S2-439786382,S3-837573909,S2-133270735,S2-857755271,S2-454847618,S2-494102478,S2-859754079,S3-872193154,S2-91347281,S2-556478783,S2-195272627,S2-49975588,S2-608496926,S3-771746675,S2-656530182,S2-80942167,S3-61739004,S2-185170546,S3-954529799,S3-28736236,S2-532301142,S2-868242102,S2-152180456,S3-71078873,S3-819237358,S3-991264593,S2-693683430,S3-187957402,S2-464183193,S3-500600375,S2-897714693,S2-413180967,S2-281711826,S2-157446495,S2-756926008,S2-248448528,S2-490331120,S3-222829358,S2-74163136,S2-797531859,S2-441938596,S2-768494295,S3-668592616,S2-307272578,S2-225516888,S2-919679245,S3-576475808,S2-670644834,S3-830636602,S3-487718951,S3-897852072,S2-724525585,S2-252660172,S3-326565403,S2-823771611,S2-666215924,S3-765581131,S3-630463161,S3-871097135,S3-661634313,S3-946815062,S2-988740740,S2-853073544,S3-655371877,S2-984037845,S2-12796093,S3-198244935
S1-142288436	S2-625562439,S2-375114679,S2-950211144,S2-231942062,S3-84760110,S3-880961048,S2-964287992,S2-978258725,S2-168696402,S3-342696810,S3-281619507,S3-285732938,S2-317964465,S2-175921136,S2-99338853,S2-971666239,S3-88984429,S2-525602755,S2-658424943,S3-672844779,S3-156911121,S3-132031229,S3-348782920,S2-402466621,S3-4086513,S3-520910121,S3-873905347,S2-656749559,S3-297021156,S3-22955949,S3-610608651,S3-55424384,S3-752468662,S3-987704104,S3-762910609,S3-191594820,S2-332466593,S3-577472264,S3-395732748,S3-410945410,S3-916238703,S2-500129418,S2-610426009,S3-795853117,S3-170229472,S2-993348946,S3-140795454,S2-536900454,S2-322442929,S2-399155897,S2-743418970,S2-415664035,S2-465699826,S3-259680577,S3-478120898,S3-357840389,S3-829461501,S3-766272393,S3-745845721,S2-908457811,S2-592650888,S3-775554144,S3-789191531,S2-510566395,S3-258652851,S2-870188276,S2-644676525,S3-509565201,S3-973401417,S3-482177449,S2-535260713,S2-428762765,S2-271689814,S2-17915799
S1-119783341	S3-896259179,S2-735383830,S3-475769730,S2-785181997,S3-104336699,S3-276376723,S3-127344332,S3-377912860,S3-266869225,S3-440468063,S3-831410085,S3-196847729,S2-484680744,S3-860821345,S2-873522729,S3-267286261,S3-935550753,S3-330457348,S3-96361993,S2-739711364,S3-460885493,S2-874882918,S2-900424122,S3-798652385,S3-725047889,S2-910122412,S3-805783007,S3-120554590,S3-291320716,S3-775818661,S2-97500151,S3-697983220,S3-526022927,S2-851238110,S3-123030748,S3-845751067,S3-591562140,S3-302591797,S3-770456503,S3-49126051,S3-820693581,S2-702520989,S3-166323734,S2-706043760,S2-686970519,S3-356439346,S3-354698454,S3-220007010,S2-200614839,S2-539943184,S2-721828148,S3-874001250,S3-849305010,S3-164354905,S3-533052842,S3-331260389,S3-899353061,S3-273644591,S2-778585048,S2-851754490,S2-407552060,S3-400581431,S3-767255344,S3-22751583,S2-154334183,S2-755774218,S2-901390153,S3-172940292,S2-538572856,S3-883336029,S2-622624356,S2-95883726,S2-972505815,S2-132866128
S1-328164935	S2-571370248,S3-683857915,S2-756557381,S2-223502639,S2-256698844,S3-177746021,S3-396256962,S2-570057266,S2-931350000,S3-330742075,S3-112695036,S2-949109872,S2-532705287,S3-382955629,S2-302370442,S3-927864436,S2-613440639,S2-683803911,S2-119438150,S2-39872851,S2-890954938,S2-969077372,S2-560082255,S2-628003864,S3-52687731,S3-72815230,S2-577088819,S2-499991134,S2-482678265,S3-13572459,S2-800464717,S3-151724424,S3-741471413,S2-626167252,S2-488384040,S3-147161435,S2-596844693,S2-494833190,S3-934688089,S3-520377877,S2-551798102,S3-572265744,S2-50331098,S2-805518784,S3-414922290,S3-663604006,S3-203891072,S3-47307644,S2-668804731,S3-41842064,S2-71992795,S2-455781685,S3-522113343,S2-676850116,S2-302828791,S3-936567343,S3-678319481,S3-440541217,S2-180332941,S3-4611374,S3-770204324,S2-182953724,S2-240978050,S2-4481700,S3-404252767,S2-766382659,S2-592998557,S3-963001473,S2-952083916,S2-62577574,S2-690972733,S3-966015206,S3-388797161,S3-881262651,S3-922664149
S1-926243009	S2-877431383,S2-758048837,S2-130795275,S2-596552158,S2-427363234,S3-152129219,S3-368342004,S3-627086085,S2-492913087,S3-697793396,S3-617586423,S3-816424295,S3-865121255,S3-207185873,S3-247047050,S3-148310277,S3-110022309,S2-983634779,S2-464841643,S2-376999656,S3-836128891,S3-17544186,S2-280435218,S2-981916482,S2-389699094,S2-711880050,S3-77276830,S2-268104978,S2-992829478,S3-12982651,S2-144785112,S2-977033809,S2-650216158,S2-992996841,S2-872711251,S3-828574106,S2-210947837,S3-729826894,S3-360993081,S3-228853644,S3-635036045,S2-76237829,S3-645634184,S2-826305109,S2-748126057,S2-918799938,S2-581787641,S2-308157268,S2-317209720,S2-16395748,S3-52788884,S2-88812123,S3-891189211,S3-981298822,S2-228093709,S3-925357457,S2-309842136,S2-730105794,S2-812902368,S2-983123295,S3-155856104,S3-458093208,S3-233751512,S2-436347886,S3-58943063,S2-961656648,S2-284812957,S2-33228405,S2-648311535,S2-871160922,S3-162883872,S2-592094915,S2-118178792,S3-738229554,S2-369887698
S1-376882708	S2-396814247,S2-301524717,S2-789874976,S3-208272183,S3-119879276,S3-27621041,S3-125335360,S3-581671289,S3-820814325,S3-847070953,S2-454761179,S2-132906535,S3-67391078,S3-888001004,S3-489559058,S3-149419596,S2-519998414,S2-621666114,S2-664165812,S2-713416244,S3-717290535,S3-299015908,S3-365080405,S2-956402719,S2-792669826,S2-828612033,S2-824509207,S3-632665530,S3-836784491,S2-390705356,S3-828375222,S3-510752478,S2-155102849,S2-343778645,S3-354131922,S2-659139265,S3-147183864,S3-608706618,S2-794833499,S2-618127393,S3-736469658,S2-270527204,S2-351953580,S2-557977478,S2-485458896,S3-855274553,S2-613204180,S3-830653411,S3-271774606,S2-336174000,S3-302734161,S3-730847869,S2-779441074,S2-703795885,S3-549357805,S2-972051451,S2-204074527,S3-857966419,S3-640103403,S3-939867011,S3-600435220,S3-834905964,S2-995198871,S3-330341340,S3-359145226,S3-771692836
S1-400092918	S3-464507572,S2-676591796,S2-629455369,S2-433977994,S2-371523403,S3-122783366,S3-792953517,S3-352523352,S2-211389639,S3-514327405,S2-138167813,S3-650837406,S2-118233324,S2-663347887,S2-478379552,S3-340496424,S3-687722276,S2-696285971,S3-453666157,S2-261526984,S2-847996468,S3-85753430,S2-730988069,S3-156413685,S3-906042339,S3-710682080,S2-893669875,S2-993041640,S2-285089040,S2-999217767,S3-570433325,S3-264141678,S2-829124015,S2-952776592,S2-992673515,S3-224083560,S3-627157676,S2-656528270,S2-828388778,S2-101210133,S3-374833761,S3-601173926,S3-610144422,S2-110576003,S3-68145610,S2-486149949,S2-820557558,S3-48376538,S2-803074201,S3-461263702,S2-107382124,S3-953264875,S3-277612971,S3-374451208,S2-443642964,S3-815212994,S3-109663786,S3-501901914,S3-293853372,S3-1169489,S3-322942467,S2-264940990,S3-891121855,S3-711957010,S3-263518576,S2-558889270,S2-859819539,S3-391591340,S3-33586865,S3-774874979,S2-80911610,S2-767255346
S1-419235241	S2-745775056,S2-791349534,S2-434799271,S2-184993338,S2-249997299,S2-928620819,S3-770348188,S3-925804713,S2-955730734,S3-204854711,S2-520126496,S2-312654082,S2-164761174,S2-690099524,S3-555672885,S2-56185853,S2-566309986,S3-579264271,S3-633912231,S2-520839915,S2-121378391,S3-111773423,S2-737916526,S3-428684947,S2-766536822,S2-420253722,S2-68457852,S2-365629541,S2-81272446,S3-125334350,S2-648082077,S3-351074096,S3-306627464,S3-787284141,S3-834532035,S2-904746773,S3-48466686,S2-726652731,S2-290655819,S3-760665673,S2-903442324,S2-816989315,S2-274167062,S2-762899428,S2-98527511,S2-402687384,S3-128062172,S2-394554163,S2-75708841,S2-455750535,S2-380572049,S3-996167023,S2-230886961,S2-703515912,S2-457061093,S2-565609932,S2-75521386,S2-118442065,S2-119646361,S2-164682702,S2-151540736,S2-3914789,S2-689351524,S2-441422968,S2-608447496,S2-560382482,S3-267531438,S3-166471704,S3-935187204,S2-954891818,S3-979560698,S3-739118025,S2-260970652
S1-724315493	S3-924764421,S2-677813132,S2-658675261,S3-197850265,S3-856633585,S2-37583339,S3-269574540,S2-707608526,S2-891714662,S2-744359151,S2-71992795,S3-157002874,S3-251310303,S2-621809184,S2-981612555,S2-854445861,S3-623954889,S3-222679467,S2-556870479,S2-605404874,S2-386880933,S2-494321694,S2-602150266,S2-399340797,S3-488451727,S2-81599835,S3-886963738,S2-864222307,S2-723644020,S3-557935539,S3-844684002,S2-450278740,S3-294364613,S3-557506050,S3-702675443,S2-176871458,S3-511444794,S2-323397682,S3-919119436,S3-2213525,S3-59112640,S2-567400134,S2-941126528,S2-757209949,S3-977593797,S2-204090546,S2-458483340,S2-224900209,S3-671663261,S2-604196599,S2-758145635,S3-854596630,S3-986604156,S2-985394602,S3-375658853,S3-729289802,S3-730410509,S3-450440228,S3-283497338,S3-491740712,S3-626079546,S3-28040940,S2-755985531,S3-730592675,S3-677100540,S3-825592879,S3-217828718,S3-99283693,S3-767536676,S2-85075573
S1-336476210	S3-353500771,S2-134951938,S2-976109878,S2-559833029,S2-35739278,S2-22172314,S3-647588085,S3-468492674,S3-696671091,S3-13037893,S2-551679176,S3-631671911,S3-374987209,S2-945471595,S3-518242282,S3-20690720,S2-346374689,S2-578620577,S2-913986291,S2-416832793,S2-626762562,S2-814001487,S3-411323280,S2-764892735,S2-139348734,S2-11221741,S2-316618733,S2-88589147,S2-479735619,S2-842764539,S2-434964200,S3-65762498,S2-562226956,S3-71052267,S3-500046487,S3-552589696,S3-473989449,S3-50753483,S3-751942197,S2-469085227,S3-275848656,S3-671154542,S2-615025939,S2-483780949,S3-177658711,S3-279637281,S2-878375690,S2-928516909,S2-267164913,S2-473614055,S2-800818383,S3-439495263,S2-440274484,S3-155232784,S2-807570296,S2-962302885,S2-566336802,S2-558659500,S2-419994533,S3-714823926,S3-543704731,S2-894747623,S3-757533817,S2-479930072,S3-207537003,S3-140134482,S2-851979749,S3-142463520,S2-280185182,S3-62364579,S3-605202004,S3-881877041,S2-55327464,S2-866953478,S2-331863013,S3-707102915,S3-768521343,S3-432011153,S3-76572287,S2-146797073
S1-977818366	S2-707823545,S3-897933007,S3-900856048,S3-814047694,S3-192786327,S3-898920115,S3-520116104,S2-719112862,S2-760615449,S2-629637998,S2-336880119,S2-474045012,S2-627733994,S2-718775157,S2-835025074,S2-757071629,S2-790947608,S2-635266727,S3-32231515,S3-270931703,S2-928943100,S3-506295354,S3-138134300,S3-769824669,S3-134361069,S2-883003219,S2-115258451,S3-670399400,S2-796710041,S2-496699968,S3-185457381,S2-878552177,S2-415733261,S2-490465808,S2-928493776,S2-32461760,S2-440765604,S2-646353252,S2-758235218,S2-805408545,S2-365549667,S2-583492953,S2-482641315,S2-728997290,S2-357901444,S3-183066119,S2-512780415,S3-921835388,S2-455869609,S3-81722250,S3-534952281,S3-688354842,S3-255144788,S2-149660336,S2-499397636,S2-723382766,S3-741719955,S3-786197451,S3-93856476,S2-893312150,S3-116557692,S3-445387127,S3-637652102,S3-244840307,S3-142897057,S2-743995191,S2-854459566,S2-287028156
S1-347171620	S3-665421599,S3-437043882,S3-809467835,S3-679875729,S3-796523309,S2-919101350,S3-379674305,S3-869665143,S2-276521848,S3-82363622,S3-49661639,S2-819390000,S3-753778784,S2-698383825,S3-589133767,S2-872956773,S3-528334331,S2-529238319,S2-411146228,S3-436903813,S3-545952595,S3-571024992,S3-33443022,S3-754875029,S2-221402380,S2-468482346,S2-202081914,S3-181238078,S2-140308377,S2-625825667,S3-384034295,S2-262225869,S3-631709281,S2-542141148,S3-112130235,S2-874451827,S3-624811535,S2-175308542,S2-540035112,S2-9218431,S3-35385708,S2-407933109,S3-668531148,S3-953717966,S3-7248288,S3-351179638,S3-180778130,S2-723956284,S3-793438870,S3-303776690,S3-920755845,S3-636192045,S3-806333617,S2-760648353,S2-223053996,S3-205196360,S2-317615334,S3-6746438,S2-85075573,S3-276877892
S1-346929118	S3-435846912,S2-78083922,S3-799280347,S3-244335334,S2-997538214,S2-847335213,S3-758839512,S2-189859274,S3-245999316,S2-412144851,S3-488337976,S3-874956639,S3-286989718,S3-397429176,S3-204460568,S2-162578297,S2-638060093,S2-768193723,S2-399872016,S2-802882921,S3-390261853,S3-386770747,S3-271875819,S2-909241447,S3-268128506,S2-716360631,S2-938747245,S2-177088130,S2-394115248,S3-915343651,S2-593913634,S3-962335924,S2-848645265,S2-1733654,S2-690358317,S3-285457776,S3-507942834,S3-917816540,S3-774473081,S2-338401643,S3-817050508,S3-599902738,S3-293728680,S2-439148451,S3-196926881,S2-656917129,S3-250570873,S3-211942325,S2-696956235,S3-181445746,S3-561013713,S2-119280198,S2-222791096,S3-560982584,S2-198264730,S2-192926861,S3-314265117,S2-320313016,S3-721292124,S2-833719078,S3-266837576,S3-413297469,S3-642630930,S2-46203677,S3-452932246,S3-759472739,S3-562777685,S3-610043524,S2-237466484,S3-769248727,S2-306634202,S3-695968519
S1-561269090	S2-808859926,S3-251586416,S2-27257748,S2-999618860,S2-356251739,S2-655914561,S2-429512692,S2-678302199,S2-451003912,S2-405864127,S3-925691622,S3-569949562,S2-704280043,S3-60497840,S2-921938901,S3-896599053,S2-470608147,S2-525875656,S2-274733291,S3-615665261,S2-887076586,S3-865484720,S2-977937528,S2-376337834,S2-735844220,S3-18401711,S3-768147770,S2-369350101,S3-239310144,S3-750351266,S3-236361755,S3-797395128,S3-820144583,S3-327466933,S2-980457024,S2-273743288,S2-938351098,S2-720823918,S2-982225638,S2-991691724,S3-846435998,S3-554809697,S2-557780223,S3-777915941,S3-560042860,S2-422207593,S3-21661130,S3-905758242,S2-991984315,S2-686251531,S2-669023210,S3-149525331,S2-784927359,S3-418026024,S2-646958157,S3-791753253,S3-668364845,S3-845137072,S3-480482668,S3-313266554,S2-826316358,S2-788544475
S1-640578446	S3-344959823,S3-806582215,S3-250519428,S3-802027176,S3-542980413,S3-834606514,S2-322127049,S3-738292404,S3-278002806,S3-727403389,S3-83828606,S2-921137386,S3-640730215,S2-985895878,S3-751760918,S3-36376513,S2-466784352,S3-948233192,S2-959159683,S2-299578541,S3-223601181,S2-612804435,S3-554089509,S2-505317886,S2-647511333,S3-463006999,S3-938588716,S3-931642579,S3-728184371,S3-163719861,S2-266340710,S3-57045093,S3-447101144,S2-724036192,S2-508602353,S3-218464051,S3-68635253,S3-906042339,S2-282961773,S2-263273654,S2-865308471,S2-324745544,S2-113636802,S3-745541681,S2-178828788,S3-966311655,S3-347290785,S3-9578195,S3-936232499,S2-893697584,S2-846556799,S2-562967662,S2-700760422,S3-50641443,S2-842934644,S2-537634897,S3-929825368,S2-130130016,S2-228779604,S2-121251263,S3-365392815,S2-673473326
S1-317610576	S2-215471766,S2-179951858,S2-534545525,S3-256374674,S2-548870825,S2-368846644,S3-258818946,S2-570280793,S2-966134785,S2-755277810,S2-263404147,S2-898599389,S2-44549169,S2-307634941,S3-582285509,S3-948120898,S3-328806240,S3-104681486,S3-847647581,S2-442713178,S2-477219795,S2-957582505,S2-407099372,S2-464627644,S2-148508078,S2-101785271,S2-778282262,S3-228279939,S3-459134594,S2-867438825,S2-809600767,S2-494430593,S2-157559596,S2-72925578,S2-905524748,S2-178094068,S2-429393647,S2-949960835,S3-296909410,S2-675076934,S2-383200387,S2-63795265,S2-830193160,S2-984979033,S3-499167726,S3-398280537,S2-341374177,S3-407868482,S2-371392823,S2-508294272,S3-800979863,S2-757197434,S3-191185516,S2-263487268,S3-724752014,S3-140960235,S2-232316980,S2-783435102,S3-824012857,S2-683923978,S3-801497302,S2-568760734,S2-347167472,S2-916670431,S3-238440209,S3-139058730,S3-595696157,S3-79289625,S3-885438426,S2-346848829
S1-398084502	S2-386881464,S3-671677140,S2-19370241,S2-80351273,S2-103032211,S3-164697297,S3-419069135,S3-391576113,S2-45962616,S2-157363918,S3-558738443,S2-434511737,S2-375938404,S2-694826247,S3-134828340,S3-821350798,S3-865824423,S2-481248258,S3-547607589,S3-68283674,S2-295937505,S3-53221481,S3-204990472,S3-609132740,S3-608247141,S2-239246799,S2-715096064,S3-419250282,S2-596878321,S3-959939517,S3-850258104,S2-161129978,S2-14569417,S3-851583897,S2-931800481,S2-241328561,S3-798961070,S3-229549217,S2-812224540,S3-110748788,S3-806064314,S2-279764067,S2-952083916,S2-217920730,S3-765700837,S2-203006136,S3-895114093,S3-772921066,S3-634341099,S3-84788014,S2-806931282,S3-88342735,S2-812643664,S2-813862982,S3-318025344,S2-681064723,S2-503376018,S3-354949581,S2-865706404,S3-768329123,S2-458233362,S3-87965512,S2-510380602,S3-210476563,S3-38233413,S2-307241724,S2-378860907
S1-429137290	S2-862498153,S2-963602050,S2-569507754,S2-696227564,S3-738874381,S2-572293101,S2-51820084,S2-435345288,S3-942160008,S3-659959049,S3-699353710,S3-907530047,S3-872394714,S3-255799386,S3-133778700,S3-863401613,S3-642443627,S2-98675598,S3-616971414,S3-48619193,S3-381851686,S2-756134092,S3-537244578,S2-593793490,S3-169903103,S3-196452168,S3-993431493,S3-795374715,S3-783126795,S3-110594046,S2-150097313,S2-885978611,S3-696125539,S2-946889896,S2-169495813,S2-875417022,S3-739552101,S2-845535702,S2-624007311,S3-159308716,S3-854301955,S3-136167176,S2-396234144,S3-396815883,S2-118581770,S3-379766894,S3-179512259,S3-586006087,S3-463945776,S2-768193723,S2-497272055,S3-270469045,S2-338160731,S3-228328248,S3-305989932,S2-88861379,S2-512661993,S3-259867673,S2-707728349,S3-908601409,S3-476090222,S2-353951791,S3-371793249,S3-579904201,S3-332281425,S3-165242186,S2-125387366,S2-841227826,S3-443999243,S2-224660254,S2-15148623,S3-547992523,S2-296533566,S2-850940783,S2-719637845,S2-569443914,S3-422034478,S3-190551910
S1-256480068	S2-879959263,S2-467211660,S2-478007920,S2-453892330,S2-568882672,S3-997417846,S3-84971403,S2-992332736,S3-76572287,S2-222138949,S3-792002600,S3-459163116,S3-166654622,S2-300851619,S3-357153067,S2-659949862,S2-584931141,S2-705891564,S2-716004352,S2-521665381,S2-837979657,S2-387058606,S2-302419169,S3-126940365,S3-553336860,S3-603497969,S3-809942615,S2-773196249,S3-294731802,S3-824224483,S3-105461164,S2-242422429,S2-902889878,S3-808514803,S3-24293736,S2-522749940,S2-242070458,S3-901201480,S3-355476685,S3-85280851,S2-275311240,S3-767709235,S3-308615991,S3-377299769,S3-726575561,S2-380352566,S2-856318585,S3-222236876,S3-308682689,S3-135372133,S3-548768008,S3-869020157,S2-537019930,S3-119777987,S3-632494964,S2-884903766,S2-357898425,S2-868298117,S2-20670354,S3-203544785,S3-415369754,S3-466737604,S2-845118765,S2-722239453,S2-447974723,S2-228358129,S3-908585545,S2-823348043,S2-139502679,S3-416477058,S3-695060764,S3-548256124,S2-141688901,S2-772042361,S2-152192050,S2-866055273,S3-402620536,S3-825898823,S3-760671770,S2-532002586
S1-375348297	S2-568362859,S2-845683674,S2-147569802,S2-347156612,S2-796561303,S2-956579766,S2-604300556,S2-808859926,S3-494693556,S2-28695883,S3-747040227,S2-95303723,S2-80228966,S3-88542583,S2-149845283,S2-168043586,S3-630633029,S3-908028740,S2-2524635,S2-53065846,S2-460552614,S3-165698872,S3-568675625,S2-89845899,S3-956420786,S2-671681395,S2-488076865,S2-78639512,S2-15627897,S2-592998557,S2-470767395,S2-720715628,S2-417005644,S2-334516453,S2-273839811,S3-33973954,S2-972017821,S2-772458801,S3-101123606,S2-773663502,S3-346126677,S2-588630477,S2-774031665,S2-914950127,S3-540238297,S3-701762339,S2-302534498,S3-995657297,S2-969694515,S2-764795245,S2-307224611,S2-551679176,S3-105142973,S3-934128108,S2-634171752,S3-625303810,S2-394667512,S3-505508691,S2-368705680,S3-192219844,S3-257771188,S3-892801829,S2-971134134,S2-783862779,S2-9456816,S3-50655769,S3-256995092,S3-351557144,S2-589621203,S2-53686206,S2-430894860,S3-443600997,S2-603948203,S3-453052054
S1-415042128	S2-30568957,S2-827862104,S2-258702122,S3-260392183,S2-133708034,S3-38582448,S3-792280447,S2-596517091,S3-874175440,S3-878901949,S2-842734240,S3-170401655,S3-14770650,S2-539190173,S2-921432038,S3-402085778,S2-54798184,S3-54865415,S3-61619477,S3-389428922,S2-754316539,S2-596297957,S3-88341122,S2-305259940,S3-390084299,S2-620798383,S2-951181571,S3-953498940,S2-437224369,S3-832420294,S2-659175955,S3-997885923,S3-916652823,S3-937802641,S3-707793321,S3-888876898,S3-20393598,S2-197956367,S3-366990494,S2-591736054,S2-652845135,S2-984164477,S3-345282686,S3-762222610,S2-242569478,S3-579084575,S2-604186304,S2-592434907,S3-670419439,S3-980663724,S3-836677884,S2-414309557,S2-416426452,S2-107651401,S3-409877233,S2-984197824,S2-848497007,S3-6498587,S2-616080396,S2-862762162,S2-576303948,S3-526149029,S3-203392629,S2-219409410,S2-453295786,S3-154067354,S2-573706072,S3-76558542,S3-632991341,S3-332177970,S2-139899840,S2-199258629,S3-130838560,S2-122128267,S2-424709919,S2-709626608,S3-83957711,S3-218755210,S2-996830399,S2-981061296
S1-410228098	S2-116108106,S3-652197804,S3-250119433,S2-413719672,S3-613591378,S2-244581429,S2-842764539,S2-512973101,S2-360390289,S2-104499710,S2-114070036,S2-208508149,S2-436732357,S2-778792105,S2-142277206,S3-249284984,S2-439753164,S3-626942812,S3-856591995,S2-859768058,S3-411217782,S2-131264573,S2-854701431,S2-181374232,S3-577060316,S2-677418969,S3-328330417,S2-987364711,S2-810815113,S2-722647990,S2-587455746,S2-429938153,S2-945688451,S3-335955389,S2-485274983,S3-671273835,S2-358976138,S2-907789781,S3-518125467,S2-479237404,S2-695335585,S3-319942126,S3-366202725,S2-492758010,S2-810577775,S2-244255591,S2-539936294,S2-159050748,S2-857878742,S2-68694486,S3-341731212,S2-421538400,S3-820522052,S3-887196407,S2-592584275,S2-998628687,S2-611542257,S3-499028395,S3-430583109,S2-62206051,S2-687142712,S2-25787150,S3-568617496,S3-791034477,S3-817258919,S3-157880387,S3-287182320,S2-717954131,S3-343118273,S3-335394226,S2-564976567,S3-741133698
S1-460033462	S2-52869504,S2-208614397,S2-14478748,S2-962108340,S3-709470866,S2-1987676,S2-160530551,S2-656668371,S2-147361137,S2-345943087,S2-155487435,S2-211478570,S2-842179113,S2-811215096,S3-764949655,S2-60458825,S2-493703998,S2-598610883,S2-768125352,S2-748875161,S2-70394068,S2-330186762,S2-645138790,S2-559168487,S2-332937136,S2-802084293,S2-76520392,S3-417005815,S2-502732830,S2-875103780,S2-526958838,S2-915769300,S2-997050752,S3-422117758,S2-452544732,S2-500881812,S2-99318091,S2-39490448,S2-856751406,S2-824704489,S2-529616999,S2-352048387,S2-141696937,S3-236536195,S2-143419763,S2-895682105,S3-405966957,S3-364527326,S3-541726179,S3-849566590,S2-52476817,S3-957059794,S2-286649953,S3-285639138,S2-168462458,S2-981938768,S2-810311306,S3-211540513,S2-71992794,S2-543725336,S3-99888127,S2-206607762,S3-674993886,S2-31222388,S2-403591033,S3-841645808,S3-735744293,S2-74993834,S3-418453345,S3-280703904,S3-609767525,S3-646005074,S3-629091299,S2-995992400,S2-456068831,S2-650444220,S2-828089963,S3-922525920,S2-665463193,S3-182364963
S1-317952287	S3-874597414,S2-399726617,S2-651708958,S2-638011629,S2-221379524,S2-554098187,S2-774426640,S2-600115417,S3-847790890,S2-947758414,S2-377790326,S2-539019770,S2-686218274,S2-544679828,S3-630184262,S2-666690906,S2-562884138,S2-422398104,S2-478183673,S3-729806324,S2-881799150,S2-38114861,S2-383148775,S2-293444864,S2-462961820,S2-812352492,S2-400958216,S2-759794091,S2-179422051,S2-841168819,S2-969898742,S2-685264609,S2-969310064,S2-97697549,S2-521176572,S2-374932545,S3-791641083,S3-717379548,S2-864010317,S2-682429826,S2-512556732,S3-827602203,S3-779860806,S2-196678175,S3-79830497,S2-500894793,S2-551484821,S2-362393951,S2-212279628,S3-424113486,S3-356541626,S2-423535722,S3-671635410,S3-375455400,S2-620627815,S2-246851155,S2-844463416,S3-46956620,S3-636971931,S2-125872131,S2-489677213,S3-233166833,S2-908082542,S3-826826301,S3-144677180,S2-143605439,S3-256544563,S3-209235387,S2-699500794,S2-275578658,S2-218626843,S2-344974738,S3-947459164,S3-808169854,S3-74244088
S1-615534064	S2-838966683,S2-451879167,S3-641035133,S3-205801706,S3-177365809,S2-409546504,S3-420536231,S3-650200635,S3-832640985,S2-810974893,S2-154366792,S3-789443158,S2-677500142,S2-474404665,S2-974326661,S3-844180862,S2-650696820,S3-399256652,S2-87854924,S2-746095041,S2-793625665,S3-95732011,S2-957474788,S2-537781017,S3-268790738,S2-802244673,S3-517470403,S2-446783352,S3-482616594,S2-94857452,S3-740233424,S2-542301803,S2-990449708,S3-16907810,S3-352847264,S2-462961820,S2-707136681,S2-593877068,S3-154471177,S3-607699169,S3-546525418,S2-238996750,S3-89813743,S2-276986487,S3-569748241,S3-220568597,S2-966958910,S2-356902179,S2-138864892,S3-133165410,S3-558926483,S2-705310239,S2-880832443,S2-821281691,S2-2871429,S2-998672506,S2-581167130,S2-367246556,S2-157301365,S2-566062581,S3-433714177,S2-671503159,S3-2475335,S2-790527036,S2-537540798,S2-524648650,S2-943275758,S2-73710322,S2-478831502,S2-644867803,S3-669496919,S3-920432810
S1-616272752	S3-670719150,S3-287067135,S2-71874502,S3-902768323,S3-38341622,S2-220056038,S2-233372491,S2-415851576,S2-862739181,S3-594528800,S2-762353705,S2-799889107,S2-950135492,S2-309079448,S2-828684877,S3-791120579,S2-413024226,S3-441988582,S2-290633340,S2-218371461,S3-757017677,S3-651005074,S2-65897181,S3-971555812,S3-457764913,S2-518657430,S3-758700835,S3-413195825,S2-84176606,S3-335098345,S2-103402904,S3-334033762,S2-137787594,S3-803973742,S2-822167685,S3-167609256,S2-811967285,S2-38429778,S2-658373403,S2-952582171,S3-137394762,S3-947027063,S3-783604208,S3-378959383,S3-637405286,S2-889567215,S3-133538008,S2-908490642,S2-829774919,S2-617757493,S2-909415670,S2-956530627,S3-490718455,S3-102881375,S2-745535627,S2-655233914,S3-795019937,S2-4983582,S2-661850583,S2-597747534,S3-294276801,S3-814817595,S3-472357298,S2-960546288,S2-420880486,S2-136200009,S3-606844530,S2-557719911,S2-914464061,S2-877863617,S3-97531513,S2-669018725,S3-987989175,S2-273993511,S3-348860672,S2-389207858,S3-154256471
S1-441322	S2-702957077,S2-847853762,S2-939882361,S2-28212029,S2-730017669,S3-948729725,S3-36683911,S2-503670850,S2-854860724,S2-691989785,S2-314041172,S2-837187320,S3-96138451,S3-514887556,S2-138887013,S2-403406101,S2-175400854,S3-144661299,S2-276160279,S2-956853184,S2-99068744,S3-755984340,S2-829070070,S2-612720340,S2-289529348,S2-402023314,S2-386690759,S2-272367904,S3-309445571,S3-128120053,S3-820242346,S3-560999407,S2-542662547,S3-25881075,S2-165515231,S2-597612764,S2-242691622,S2-649665009,S2-547911284,S2-60457908,S2-6412284,S3-746799521,S3-321004262,S2-412839789,S2-588189324,S3-961746479,S2-10534237,S2-571696668,S2-980743302,S3-164697297,S3-927916650,S2-245874246,S2-862492525,S3-943331532,S2-640361421,S2-263086300,S3-881290434,S3-723319625,S2-722257514,S2-129439109,S3-199001920,S2-294762319,S2-631911668,S3-950697407,S2-834228481,S3-610385177,S2-865706404,S3-655489617,S2-169984147,S2-405896331,S3-173470073,S2-437124125,S2-573445905
S1-391141182	S2-149845283,S2-605892233,S2-866544460,S2-147569802,S2-347156612,S2-796561303,S2-956579766,S2-593487033,S2-604300556,S3-494693556,S2-95303723,S2-28695883,S2-168043586,S3-841929540,S3-88542583,S2-808859926,S3-823373622,S3-848068352,S2-53065846,S2-71455817,S3-747040227,S2-80228966,S3-474923801,S2-460552614,S3-568675625,S2-461180155,S2-89845899,S2-470767395,S2-362807602,S2-720715628,S2-845683674,S2-531849140,S2-488076865,S2-568362859,S2-15627897,S3-630633029,S2-772458801,S2-173337363,S2-334516453,S2-876788944,S3-988338365,S2-62630370,S3-307494855,S2-803396538,S2-698911011,S3-68547906,S3-73772412,S3-543189827,S2-770024759,S2-772183271,S2-637095147,S3-857467920,S3-237968718,S2-681529151,S3-258311777,S3-953516084,S3-349584500,S2-168799386,S3-514940496,S2-716428570,S3-151719671,S2-123539097,S3-187881783,S2-482678265,S3-334005046,S3-210240396,S3-886649027,S2-372085876,S2-233076425,S3-334712826,S3-654666672,S2-150465857
S1-950174003	S2-794352292,S3-773233630,S3-657230379,S2-726939886,S2-27779064,S3-790657580,S2-614860342,S2-962069858,S2-319771268,S3-440130255,S2-888302727,S3-8293394,S2-160035187,S3-547101272,S2-121161777,S2-45198890,S2-577773321,S2-418631651,S2-130608178,S2-921103282,S2-582855926,S3-455445237,S2-191430445,S2-831726341,S3-96326193,S3-180760583,S3-284775945,S3-437509643,S3-592517760,S3-867944145,S2-797241640,S3-37609162,S3-702721499,S2-444215952,S2-16523313,S2-604701267,S2-108927878,S2-682371123,S2-45031441,S2-262035032,S2-996477488,S3-356328247,S3-332030995,S2-403566075,S2-333447782,S2-626304765,S2-975950878,S3-734814658,S2-745866415,S2-285242955,S2-965838355,S2-692440516,S3-130528087,S3-44179996,S3-600773397,S3-475226933,S2-323521721,S3-798652385,S3-936742736,S3-17282967,S3-413446229,S2-125387366,S2-727570982,S2-866425356,S3-310201622,S3-315993616,S3-279266020,S3-619095154,S2-340084555,S2-311100027,S2-572006518,S3-647554132,S3-606153222,S2-812330094
S1-175633133	S3-539578717,S2-655597234,S3-968421023,S3-131889212,S3-393486943,S3-740718670,S2-369752988,S2-243072146,S2-995109858,S3-704023784,S2-725878569,S3-202890629,S3-836343374,S3-940974175,S2-799765652,S2-549680077,S3-540691273,S2-720208474,S3-343465725,S2-984241859,S3-328522787,S3-838119522,S3-500708946,S2-203594124,S2-397423329,S2-317045809,S3-100410204,S2-501778609,S2-280193188,S3-52408285,S2-834108496,S3-886408025,S3-832850046,S2-53476895,S3-754879528,S3-622567420,S3-946834033,S2-584065093,S3-103955416,S2-138109143,S3-155327527,S2-881499672,S3-580364526,S2-543982479,S3-54546407,S3-264700180,S2-44100844,S3-20234653,S2-385171307,S3-783152566,S3-538435702,S3-83577449,S3-629841988,S2-745673827,S2-361011750,S2-325625227,S2-548296620,S2-851754490,S2-991014361,S3-804047668,S3-462558214,S3-25271630,S3-166546063,S3-949419436,S3-495917301,S3-635196196,S3-528264710,S3-343734538,S2-313713818,S3-138416853,S2-442471522,S2-692874477,S2-828841329,S3-505380055,S3-101308651,S2-778583863,S2-635630938,S2-255738041,S2-900186392
S1-644411036	S2-731270311,S2-425845390,S3-553999187,S2-878581775,S2-912480838,S3-974639317,S3-319811727,S3-944016469,S3-655993819,S3-788446013,S3-534183039,S2-494209048,S2-292248144,S2-187498810,S3-690151673,S3-678786997,S3-719987330,S3-435070124,S3-919180108,S3-339046606,S2-156460390,S3-740297463,S3-587876434,S2-411574583,S2-942656573,S2-977699810,S3-973365771,S2-428415426,S2-653106902,S2-507382767,S2-354161865,S3-26411762,S3-843967544,S3-885686187,S2-703515139,S2-448248294,S3-524280908,S2-614348283,S2-279121324,S3-79016951,S3-501450699,S3-499028395,S3-397947304,S2-59405676,S3-441703996,S3-69250872,S3-451937502,S3-657943763,S2-197788171,S2-543007266,S2-216733282,S2-921586557,S3-482476518,S3-934507816,S2-866531719,S2-472239472,S2-134822749,S3-804999732,S2-161990650,S2-540981835,S3-950051185,S3-113453925,S2-118356131,S3-301713507,S2-553060454,S2-127600798,S3-493037052,S2-21141769,S3-881042675,S2-851344341,S2-980537150,S3-708844377,S2-604072626,S3-165870437,S3-683265021
S1-762958682	S2-662224350,S2-464992822,S2-696130539,S3-482263989,S2-694064827,S2-698598718,S2-606551216,S3-841857117,S3-705642064,S3-376050279,S3-252709942,S3-889635438,S2-312235243,S3-529631199,S3-329500514,S3-285250811,S3-69175973,S2-408546171,S3-634746379,S2-175368565,S3-162404906,S2-783129366,S2-625732376,S3-686151313,S2-216286932,S3-911050628,S2-764632135,S3-842976752,S2-602684448,S3-660647294,S3-215749195,S3-896451291,S2-476525997,S2-250740646,S2-882416765,S2-339756363,S2-601185190,S3-63698503,S2-845183243,S3-2161334,S2-58626813,S2-17042036,S2-112039656,S2-923647134,S3-854676915,S2-951870962,S3-997517004,S2-834942927,S3-495664011,S2-319100992,S2-431255095,S2-38502035,S2-544639758,S2-722990656,S3-117728074,S3-960584274,S2-710974582,S2-554757929,S3-959457441,S3-605822325,S3-501829913,S3-666925348,S3-490149153,S2-491262611,S2-143817174,S2-536598655,S2-44372905,S2-966466887,S2-987447310
S1-78424718	S2-713109591,S2-482628719,S2-869159303,S2-70493486,S2-729001239,S2-854133167,S2-711906490,S2-570353971,S3-906207127,S2-928375144,S3-707619430,S2-707372069,S3-289731840,S2-545969278,S3-862163184,S2-575478846,S2-48551624,S2-252504575,S2-449651472,S2-110172126,S2-936252332,S2-676486141,S2-794814594,S3-229615622,S3-169632360,S2-300074753,S2-660708598,S2-659300097,S2-149204801,S2-412522820,S2-777793443,S2-804860148,S2-867082784,S2-578040732,S2-709748280,S2-293601707,S2-961041825,S2-918589313,S3-465519276,S2-227919796,S2-174298792,S2-149429211,S3-961613524,S3-832894036,S2-32251757,S3-576765885,S2-816934387,S2-498541283,S2-341127446,S3-779204017,S2-197730914,S2-796407874,S3-757844689,S2-43669354,S3-111886502,S3-208009153,S2-426182398,S3-650244808,S3-702484182,S2-4840401,S3-319740021,S2-821982484,S2-466259278,S3-636060692,S3-746091094,S2-955922218,S2-47870265,S3-152747573,S2-824768481,S3-947862082,S2-492775246,S2-312387437,S2-848923085,S3-824012857
S1-925057409	S2-877555522,S2-324803431,S3-252162742,S2-985833849,S2-805403839,S2-425397364,S2-585750544,S3-679312350,S3-348368978,S3-481267535,S3-635458992,S2-444185942,S2-603978285,S3-205196360,S2-238918989,S2-432744475,S2-348591848,S3-740382431,S2-843418679,S3-920205558,S3-421061313,S2-826030024,S3-162206765,S2-986056140,S3-156734647,S3-674653867,S3-66671834,S3-847922221,S3-160656646,S3-61596413,S3-136791093,S3-597352721,S3-914315102,S3-879928155,S3-313535309,S2-703669609,S3-634253671,S2-432337497,S2-151498053,S3-93723016,S3-609500573,S2-668064094,S3-928120241,S3-987267410,S3-591602251,S3-59112640,S3-197850265,S3-704642188,S3-674077196,S3-177841652,S3-762445593,S2-545039492,S3-746300530,S3-367160402,S2-202532938,S3-455393189,S3-986604156,S3-839142494,S3-7549271,S2-915148371,S3-480608794,S2-878065826,S2-92753902,S3-160374869,S3-743740413,S3-617366721,S3-502685010,S3-21680574,S3-652396445,S3-143405290,S2-330502380,S2-181055109,S3-772224634,S2-89322302,S3-35368045
S1-181609420	S3-134249738,S3-539121508,S3-223224965,S3-610586970,S3-623187038,S3-177511729,S2-366586449,S2-285476252,S3-446292108,S3-638743665,S3-195835582,S2-877085471,S3-873046864,S3-680323193,S3-570396066,S2-771762548,S3-426001324,S3-657118132,S3-262899707,S3-128177244,S2-281967867,S2-841192531,S3-498469284,S2-485360650,S2-710114025,S2-891913453,S2-734156677,S2-643626257,S3-489611432,S3-559629669,S2-324605691,S3-447815913,S3-173929465,S3-900993813,S2-75778551,S3-980485317,S3-945302284,S3-913072399,S3-5529895,S2-867082784,S2-110322424,S3-750723099,S2-88574479,S3-867611128,S3-499205390,S3-618188045,S3-423649736,S2-62584550,S3-276572036,S3-471324702,S2-526671841,S2-961041825,S3-691728369,S3-335329623,S3-531398784,S3-670292809,S2-318670652,S3-519495284,S3-106876368,S3-845519173,S2-532650068,S2-22700931,S2-859321758,S2-211788428,S3-355389817,S2-680820822,S3-233089228,S3-544982314,S2-18131912,S2-286097795,S3-874384463,S3-843851583,S3-555421672,S3-465555667,S2-54140927,S2-526298158,S2-485419143,S3-983485498,S3-692137726
S1-613244295	S2-431193839,S3-342175660,S2-949109872,S2-158743113,S2-802648022,S2-806249803,S2-381231365,S2-195817026,S2-996681779,S2-982565481,S3-249002145,S2-497232424,S2-450319965,S2-529228112,S3-464929036,S3-37075419,S3-739538201,S3-984984695,S2-568142384,S2-482179581,S3-82246311,S3-471847899,S3-835214892,S2-532254823,S3-37978446,S2-23600298,S2-619973349,S3-705929759,S3-404879523,S3-787745181,S2-353714387,S2-755341201,S2-549301778,S2-973893483,S2-981495231,S3-166061687,S2-39144904,S2-328087625,S2-493145930,S2-140329902,S2-759079441,S2-441336406,S2-844607794,S2-646080124,S3-481062600,S2-570024277,S3-647109749,S2-2480712,S3-519534976,S3-906411275,S3-652425103,S3-627509884,S2-978466439,S2-755481720,S3-111934360,S2-52173611,S3-203544809,S2-701185974,S3-925016864,S2-327901406,S3-426355268,S3-563709941,S2-296598302,S3-431718704,S2-152926449,S2-727122409,S3-291200440,S3-889268461,S2-452450283,S2-488697546,S3-895475342,S3-445355176,S3-771807288,S3-289191412
S1-441593499	S2-929934377,S2-598802203,S2-354333238,S3-641419354,S3-699504268,S2-730929194,S3-581076186,S3-905923318,S2-711139093,S3-722070953,S3-134956741,S3-208043670,S3-995246766,S3-430143082,S2-397854253,S2-671027660,S3-958930106,S3-376704188,S2-910204078,S2-130590091,S2-735311594,S2-958296449,S3-46274190,S3-537692458,S3-894109785,S3-423057650,S3-354152902,S3-125990104,S3-468793187,S3-474985943,S2-266294850,S3-458943356,S2-943554600,S3-272599201,S2-620027061,S3-293386531,S2-921973919,S2-239803877,S2-646065803,S3-301755019,S3-539302197,S2-408273172,S2-529351645,S2-812775147,S2-692710160,S2-738915410,S3-96036271,S2-212577187,S3-865121255,S2-176871458,S3-520188468,S2-129843489,S2-893316763,S2-393545457,S2-886553223,S2-25707762,S2-606493644,S3-332358044,S3-475237437,S2-620873277,S3-637290204,S2-254591714,S3-619959634,S2-144497856,S2-337014701,S2-999862535,S2-192477002,S3-818220231,S3-277021787,S2-716972099,S2-726091002,S2-712468223,S3-888213766,S2-592371365,S3-493375550,S3-726696515,S2-92859440,S2-129808262,S2-926768817,S3-250291829
S1-506720235	S2-667346333,S2-200861471,S3-652482594,S2-43091282,S2-248062753,S2-945071430,S3-17187513,S3-387382155,S2-174754063,S2-653808536,S2-794892610,S3-888082542,S2-655236365,S3-827284884,S2-880209371,S3-728317817,S2-583759683,S2-616836723,S2-11389574,S2-453576576,S2-412398023,S2-423114038,S3-967450305,S2-190847911,S3-843417823,S2-968550224,S3-728524521,S2-682178941,S2-346365199,S3-426683270,S3-610022411,S3-965692471,S3-503562077,S2-435579626,S3-810604564,S3-259444679,S2-164258942,S3-553336860,S2-699617230,S3-941653964,S2-435377322,S2-337547599,S3-457730559,S3-907955274,S2-534352483,S3-329954507,S2-474234330,S3-913011687,S3-175787296,S3-427655982,S3-124409600,S2-360374370,S3-357047875,S2-370293234,S3-762035043,S2-225293592,S2-378579994,S2-709060721,S3-85481678,S3-679671255,S2-843198455,S2-524239566,S3-656293645,S3-16941041,S2-370888098,S3-429058279,S3-766469165,S3-148334252,S2-380632622,S2-661181416
S1-735268637	S3-889741351,S2-117695278,S3-724138611,S2-671769570,S2-296657129,S2-500583354,S2-818045347,S2-698746952,S3-634945121,S2-858373234,S2-558735946,S2-707147172,S2-132906535,S3-686908676,S3-149419596,S3-836784491,S2-795141272,S3-880524692,S2-371999426,S3-20405732,S3-720531480,S2-61147110,S3-958186609,S3-994836709,S2-153204393,S3-987551100,S2-192974905,S2-4685664,S3-857470123,S3-205525628,S2-619988380,S3-973824549,S3-499494829,S3-67391078,S2-301551130,S2-211582242,S2-70367717,S3-95594956,S3-456616566,S3-862416107,S3-259817194,S2-223457721,S3-107082368,S3-789140775,S3-728924742,S2-106560170,S3-399952261,S3-932265162,S3-979553242,S3-365850957,S3-487717164,S3-111519768,S3-940312632,S3-624186470,S3-904730939,S3-321878758,S2-374470520,S3-559607646,S3-816133455,S3-285232837,S3-575021389,S2-40758238,S3-928792958,S3-737905674
S1-67628861	S2-427158490,S2-498286147,S2-897714693,S2-65705765,S2-502485918,S2-828544692,S2-417014299,S3-236536195,S2-313877407,S2-786894806,S2-4639423,S2-188474350,S2-146173161,S2-859754079,S3-650750312,S2-439786382,S2-7827468,S2-924425197,S2-857755271,S3-95049266,S2-241924179,S3-33588315,S2-287640661,S2-133270735,S2-749976610,S2-308104017,S3-323832191,S3-225832288,S2-522998954,S2-628297769,S3-336240996,S2-433699752,S2-974629320,S2-376862286,S3-902873252,S2-523476248,S3-374653462,S3-835911178,S3-192062862,S3-247430442,S3-834243368,S2-426144370,S3-295796224,S3-236213858,S3-476090222,S3-627216664,S2-602771038,S2-51403116,S2-433431792,S2-176077370,S2-353165166,S2-435356545,S3-677259719,S3-609647892,S3-735453176,S3-301166242,S2-534997558,S3-831245422,S2-436282991,S2-656030405,S2-793434,S2-583077137,S3-343346488,S2-335216444,S3-445605030,S2-454628823,S3-954902758,S2-202403495,S2-768371096,S3-460045321,S2-943955488,S3-151553161,S3-823400406,S2-677922042,S2-956277063,S2-621505462,S3-429434411,S3-172437521
S1-951104915	S2-558239079,S3-140325394,S3-416519329,S3-170875857,S3-551995165,S3-298103185,S3-592687590,S3-85308239,S2-963730122,S2-136762286,S3-541794985,S3-834528373,S2-911716635,S3-315485823,S3-683238304,S3-94054685,S3-605639393,S3-778146222,S2-335851443,S2-505187682,S2-828904229,S2-5341748,S3-857966419,S2-980743302,S2-699251501,S3-619154987,S3-50921686,S3-702156437,S3-716968961,S3-630894948,S2-760313958,S3-122955822,S3-382970251,S2-233945347,S2-598204861,S3-912059056,S2-685295140,S2-706101439,S3-445964406,S3-431728021,S2-935935945,S2-626907968,S2-327829035,S3-932385583,S2-51029540,S3-212240036,S3-338069301,S2-780607486,S3-977162582,S3-466180434,S2-380211857,S2-174240991,S2-402146164,S3-289316424,S3-523239779,S3-39588184,S3-169541058,S2-478941851,S3-952778841,S3-170593515,S3-650271137,S2-653796664,S3-800561505,S2-743615667,S2-794456809,S3-768495437,S2-199141707,S2-86710286,S3-897259064,S2-297655729,S2-401099482,S2-793005746,S3-49959813
S1-867129763	S2-824093906,S3-825434233,S3-848135982,S2-472675182,S2-836744918,S2-675808168,S3-723319625,S2-424177226,S2-722206336,S2-170115165,S3-312382426,S2-362772997,S2-808108552,S3-561632160,S2-321590109,S3-119724795,S3-169135473,S2-199011759,S3-757059205,S2-416653461,S2-730721394,S3-695746838,S3-801786576,S2-299862740,S3-674325150,S2-579994551,S2-209976884,S3-791169148,S3-627954722,S2-429010267,S3-871004339,S3-496466299,S3-733127623,S2-967390044,S2-468128213,S2-221930647,S2-434557872,S2-701087262,S3-343526353,S2-640982732,S2-423945789,S2-935901900,S2-839595009,S2-827539299,S2-976109878,S2-419994533,S2-428241550,S2-682964593,S2-684877274,S2-660189804,S2-807570296,S2-645795271,S2-404055348,S3-533793004,S3-754854166,S3-598519468,S2-155812625,S2-928516909,S3-952844723,S3-593593999,S3-995273501,S2-158162679,S3-617804609,S3-584105846,S2-805382637,S2-104299111,S2-980743302,S2-74240151,S2-664959919,S3-651808614,S3-853254201,S3-953714317,S2-862876636,S3-250766433,S2-875021065
S1-211026051	S3-561725934,S2-594118702,S2-224379648,S3-822245235,S2-753002679,S3-43611837,S2-62698041,S2-300588139,S2-584153477,S2-196613774,S3-184260861,S2-673494235,S3-923899279,S3-189951408,S3-791641083,S2-99652803,S3-865044079,S3-373938429,S3-915015664,S3-740476847,S2-246875770,S2-484559177,S3-26232197,S3-15219142,S3-490285214,S3-590045230,S3-746328789,S2-621857303,S3-955906689,S3-771204573,S2-994969595,S3-721112821,S3-789830654,S2-516995550,S3-835907584,S3-363407515,S2-770724988,S2-810791111,S2-352506802,S2-628467287,S3-401338916,S2-615081941,S3-123030748,S2-629013822,S2-988717480,S2-583138182,S3-164586083,S2-106541320,S2-334665044,S3-6505535,S2-170153718,S3-463125086,S3-182693245,S3-847790890,S2-344085581,S2-783576806,S2-811561229,S3-180877132,S3-883046234,S3-447704502,S2-641217477,S3-120507602,S3-278727955,S3-959942875,S2-442062682,S2-766340675,S3-40626326,S3-718566651,S2-75129136,S2-579954529,S3-798483481,S2-582904108
S1-650106134	S2-633643020,S3-963675272,S2-934610437,S3-881165482,S2-154394247,S3-629720724,S2-797310778,S3-751783063,S3-354304211,S3-25170016,S3-680969648,S2-858310393,S2-447666353,S2-547767290,S2-227305150,S2-646274481,S3-95584411,S2-894400514,S3-500636481,S2-594000607,S2-254271213,S2-480530644,S2-985317252,S2-158757260,S2-454363045,S2-529701011,S3-868297721,S2-576739598,S3-389330120,S2-204586085,S2-540105563,S3-140134482,S2-497944131,S2-574605032,S2-491820829,S3-776332294,S2-800406594,S2-803470615,S3-611913482,S3-344320411,S3-543704731,S2-31289364,S3-860862498,S3-938236340,S3-15422768,S2-419012461,S2-133882299,S2-973978023,S2-962302885,S2-518834421,S2-696934427,S2-660189804,S3-887760724,S3-872190735,S2-968244171,S2-672080705,S2-551043710,S3-79722066,S2-369711774,S3-926325908,S3-646581656,S2-233248001,S2-615025939,S3-72281180,S3-995273501,S2-317710972,S2-417881232,S2-524230824,S2-356559453,S2-11127188,S2-31066766
S1-110295930	S2-652256389,S2-480865413,S2-468782642,S2-252697289,S2-692566235,S2-973923638,S2-180873967,S2-915796689,S3-277697430,S2-36747984,S3-908560844,S2-984226971,S3-413201188,S2-403506952,S2-724196256,S2-359820757,S3-436351477,S2-129637001,S2-879468482,S2-725206393,S3-778066403,S2-728800461,S2-918755324,S3-170636886,S2-612492691,S3-193467336,S2-987519931,S2-235816582,S2-755266348,S2-38453631,S3-177660727,S2-877297511,S3-937027718,S2-690378430,S3-767711361,S3-6989596,S2-673801962,S2-867382421,S2-458179068,S3-365296009,S2-880683824,S3-641593577,S3-917146724,S2-746850107,S3-634380382,S2-971134134,S2-994762249,S2-992470538,S2-777984788,S2-903434594,S2-288879571,S2-447416653,S2-597958181,S2-353286604,S2-218534575,S2-942127665,S3-591721335,S3-612344368,S3-337617022,S2-625682061,S3-425168912,S3-477087262,S3-557431812,S2-372117012,S3-903204951,S2-703542756,S2-98696656,S2-281298862,S2-342085569,S3-849642759,S3-142685711,S2-756465386,S2-515085650,S2-983223312,S2-712479570
S1-954886409	S2-373151226,S2-713276546,S3-92193817,S2-633643020,S2-456925908,S2-124040994,S2-574605032,S2-537775011,S3-299883796,S2-35411465,S2-46752761,S2-934108375,S2-21141769,S2-445378376,S2-419423008,S2-576739598,S3-938029456,S3-99405285,S2-152854816,S2-935264224,S2-323022635,S2-11832470,S3-935209369,S3-52876422,S3-747655762,S2-816576858,S3-15422768,S3-543704731,S2-702776679,S3-541815091,S3-875305295,S2-173774743,S2-184582259,S2-154832072,S2-230541066,S2-886420484,S2-585898525,S2-841152676,S2-435164614,S2-319769532,S2-679093794,S3-10180366,S2-856059764,S2-768521689,S2-859674456,S2-883794650,S3-480752472,S3-460780419,S3-247410855,S3-658281338,S2-561864436,S2-979276925,S3-238997554,S3-798174717,S2-807693710,S3-781401026,S2-163736434,S3-146194261,S2-117695035,S3-809143662,S2-931612189,S3-510706310,S3-635316958,S2-708274786,S3-909444876,S3-971110098,S3-862237566,S2-177552442,S2-294086065,S2-716155593,S2-573445905,S2-558659500,S3-647786487,S2-788765687
S1-911365600	S2-456035454,S2-553570443,S2-164436421,S2-675443652,S3-460776745,S2-264531076,S3-219285826,S3-4005706,S2-670672245,S2-842281516,S2-172322594,S2-63601531,S2-427947632,S2-645365835,S2-440976546,S2-668241111,S2-779837321,S3-358270545,S2-989100620,S2-296371420,S2-885996597,S3-617001527,S3-332804359,S3-631244105,S3-176339077,S3-433168304,S3-728883267,S2-126100779,S3-158647161,S3-595852132,S3-396636859,S2-657655650,S3-840354646,S3-702173778,S3-67030690,S2-182818820,S2-848405389,S3-159706237,S2-766937216,S2-991817650,S3-175965705,S3-281069995,S2-415719174,S2-345681318,S2-609073853,S3-650052284,S3-755013434,S2-992974200,S3-240289066,S3-332559974,S3-311546581,S2-511143194,S2-99253708,S2-174565852,S3-606892214,S2-693625724,S3-138443272,S2-901138898,S2-476886549,S3-417848023,S2-405574649,S2-999204085,S3-740524711,S3-746189076,S3-663600919,S3-314993265,S2-110739561,S2-867140952,S2-922859157,S3-957387015,S3-275361201,S2-215156674,S2-421035180
S1-796183067	S2-309055779,S2-597958181,S2-975334742,S2-445637459,S3-756000454,S2-500806536,S2-182008767,S3-14801142,S2-609642535,S3-849661644,S3-33360736,S2-445106960,S2-318761441,S2-981502460,S2-290615647,S3-667181525,S2-747347615,S2-790493716,S2-931381813,S2-9756566,S2-305917618,S2-151793204,S2-454843908,S2-995757032,S2-855850915,S2-307894704,S2-104533087,S2-158098044,S3-445942928,S2-577776891,S3-707565425,S3-846980894,S3-156608062,S2-98051217,S2-729041067,S2-503433564,S3-376814645,S3-823972833,S3-229196908,S3-720605374,S3-125075828,S2-315281031,S3-550351714,S3-162146907,S3-636320454,S2-475524221,S2-794115780,S2-816556591,S2-761924464,S2-935058400,S2-355327025,S3-533760888,S3-889130791,S2-807168884,S2-103787206,S3-448392795,S3-369208596,S3-961285938,S3-793944116,S3-806984784,S3-636247403,S3-723319625,S3-22533362,S2-72084456,S3-890811129,S2-992314185,S3-1755839,S3-575772610,S2-445149265,S2-740831664,S2-855410874,S2-799382079,S3-526587380,S2-558654912,S3-34404362,S3-150478876,S3-504207463,S2-182834322,S3-161869359,S3-92319349
S1-401074421	S3-303073926,S3-842509980,S2-280531018,S2-564162402,S2-579015405,S2-40981661,S2-614319442,S2-311749563,S2-440948241,S2-44621127,S2-859873215,S3-324631768,S2-720676030,S3-770008516,S2-947463120,S3-209178146,S2-133664209,S2-586601789,S3-561884416,S2-72176804,S2-203177179,S2-329849472,S2-381212418,S2-960462693,S3-606339502,S2-673056367,S2-74840053,S2-759175669,S3-336580715,S3-164641549,S2-401378044,S3-447073992,S2-458247556,S3-545560657,S2-580023525,S2-112625539,S2-161122749,S2-809506287,S3-536705836,S2-962108340,S3-753012106,S3-768329123,S3-92888029,S3-569210854,S3-617001527,S2-376023583,S3-692839336,S3-963970501,S3-764362941,S2-991843540,S2-673464821,S3-771170059,S2-112034896,S3-417194694,S2-971593916,S2-614675098,S3-968483077,S3-782024328,S3-96400425,S3-728883267,S2-614492130,S2-299597864,S3-631244105,S3-842807032,S2-868434806,S2-693785599,S3-904164936,S3-540324260,S2-481522759,S2-535571129
S1-147057413	S2-513409010,S2-482733663,S2-619354663,S2-81030404,S3-274038191,S3-382477272,S3-24614605,S2-884007692,S2-133487711,S2-515707214,S2-14432628,S3-86779920,S3-187000674,S2-283318682,S2-124956078,S2-906960629,S3-439466786,S3-51862002,S3-770259418,S2-267562546,S3-146434603,S2-221919347,S2-400259664,S3-434589261,S3-337216879,S3-248299783,S3-977615155,S3-544133851,S2-556053150,S3-593992175,S3-103641113,S2-839908195,S2-424407698,S3-569191634,S3-657943763,S2-538680925,S2-954282247,S3-757364469,S2-411895623,S3-314079525,S2-811604537,S2-671027660,S2-836026299,S3-511542463,S2-723642257,S2-146593098,S3-29631894,S2-134458400,S2-126103359,S3-378580170,S2-92147276,S3-109380096,S2-654784858,S3-414957496,S2-363534521,S2-201174384,S2-221851509,S2-548237367,S2-970108649,S3-38233413,S3-82221944,S3-806064314,S2-851344341,S2-964375822,S3-299520841,S2-684921133,S2-159715242,S2-745866052,S3-791309305,S3-551094450,S3-646832155,S3-428045214
S1-397900824	S2-280435370,S3-409313280,S2-165863386,S2-703829945,S2-585899192,S3-313087752,S3-614712521,S2-678028752,S2-327653957,S3-950591097,S3-627658448,S2-401293041,S3-3658805,S2-538649199,S2-822790839,S3-478832844,S2-263244436,S3-692038601,S3-763940657,S3-407141614,S2-726754341,S3-648102632,S2-655999429,S2-862657457,S3-402958681,S3-934833745,S3-110630740,S3-401076135,S3-328300472,S3-225906626,S3-875734297,S2-474032945,S3-271446960,S2-374566713,S2-234216055,S2-851185635,S2-31256790,S2-746214135,S3-578143206,S3-408145273,S3-784120060,S2-146672257,S3-673839814,S2-496382829,S3-967140195,S3-671422662,S2-911750057,S2-366830020,S3-5909926,S3-2896685,S2-917070000,S3-600722800,S3-31437369,S3-764865122,S2-209933880,S3-839662488,S3-196847729,S3-363963987,S2-525816330,S2-11147720,S2-133132935,S2-504133743,S3-614951933,S3-364025619,S3-909105066,S2-612206634
S1-241872490	S2-683088035,S2-915757219,S2-506794829,S3-195304183,S2-704140821,S2-941190662,S2-174512185,S3-872194155,S2-23429662,S3-16379846,S2-457418610,S3-24274450,S3-526462863,S3-612925303,S2-406411579,S3-369974553,S3-879953550,S2-12836294,S3-198080729,S3-197564242,S2-742732325,S2-77198183,S3-186224133,S3-708974300,S3-3205139,S3-382560220,S2-203962033,S2-953427850,S3-645009021,S3-108578612,S2-840758843,S2-280550905,S3-659073708,S3-120391741,S2-296850561,S2-633176951,S3-674610864,S2-576110262,S2-384477462,S2-372192671,S2-304934481,S3-392587717,S2-268322278,S2-481866447,S3-147698885,S3-490874123,S3-654610970,S2-986569419,S2-468496801,S3-108466132,S2-438357567,S2-794022161,S2-699535842,S3-389158466,S2-351643471,S2-79035894,S3-464656263,S2-415831304,S2-94359976,S2-952235214,S3-123602480,S2-104808412,S2-605058974,S3-107173440,S3-731535788,S2-610110921,S2-546744883,S2-326373722,S2-507429149,S3-312122561
S1-571376605	S3-400581431,S2-651639632,S3-836318455,S3-712564318,S2-825761315,S3-25252194,S2-415404089,S3-45313249,S3-495914236,S3-439260018,S2-256451765,S3-995368876,S2-817214327,S3-390378122,S2-970808601,S2-269215494,S3-588808212,S2-759549453,S2-794352292,S3-79621041,S2-696956235,S3-203691254,S3-339215932,S3-43240525,S2-93262146,S3-459465037,S3-588266277,S2-45990193,S2-107278558,S2-532776476,S2-667608628,S2-409657574,S3-382298099,S2-471008413,S3-855447889,S2-75178902,S3-727636695,S2-86980319,S3-383086269,S2-810843780,S3-426615447,S2-702520989,S3-955025669,S3-820693581,S2-967170300,S2-721828148,S2-300667965,S3-526525584,S2-94732549,S3-73898662,S3-273977910,S3-856628213,S2-75304066,S3-776918996,S3-591612931,S3-538932133,S3-356439346,S3-354698454,S3-292531997,S2-192846986,S2-706043760,S3-248614453,S3-420004911,S3-891104170,S3-410084694,S2-142609972,S3-412032222,S3-22751583,S2-316856729,S2-746168718,S2-599593434,S2-360831214,S2-138051778
S1-25587016	S2-325506489,S3-145197643,S2-668733401,S2-183956953,S2-772220103,S2-339231575,S2-932122659,S2-938959176,S3-868359034,S3-177746021,S2-591278842,S3-546545505,S2-47667961,S3-565542287,S3-797599609,S2-54720637,S2-797024719,S3-383790901,S2-396670936,S3-113453925,S3-725973886,S2-259655871,S3-987737974,S3-821427001,S2-27154574,S2-813353210,S3-418373158,S2-650340510,S3-761438523,S3-537010916,S2-515533379,S3-588363396,S3-504675118,S3-899583090,S3-285181189,S3-13225565,S3-605703742,S2-832043728,S2-911707253,S2-154564306,S2-7000961,S3-243873033,S2-493730592,S2-384974540,S2-104510034,S2-609334836,S3-472357298,S2-820052038,S3-372102007,S3-510338326,S2-381623584,S2-335455818,S3-294536312,S2-564663076,S2-91565291,S3-706551098,S2-646472915,S2-943191667,S3-854607342,S3-43442274,S2-987389053,S2-369828139,S3-495775385,S2-352151523,S3-253031321,S3-37633267,S3-216694389,S2-796310886,S3-835661100,S3-965076415,S3-24614605,S3-167607135,S3-669021103
S1-335752330	S2-595288134,S3-85127004,S2-901061253,S3-73076227,S3-955670193,S2-389029862,S3-789307810,S2-393592371,S3-153726883,S2-423551185,S3-302636705,S2-960037045,S2-146065370,S2-26967209,S3-654565491,S2-658688492,S2-38470677,S3-273844568,S2-354644654,S2-132036832,S3-464350091,S3-294790055,S3-447711882,S2-832217093,S2-642092691,S2-483338156,S3-578391227,S3-122307377,S2-866357967,S3-843220257,S3-975240877,S3-261271601,S3-100516180,S3-428172485,S2-160617001,S3-483583146,S3-322119442,S3-598647672,S3-868895568,S3-167397229,S3-415315248,S3-274235513,S2-61184753,S2-228186968,S2-190480712,S3-258903524,S2-344445906,S3-342057694,S3-79072755,S2-934089207,S3-768521343,S2-25201671,S2-325746388,S3-681070085,S2-507589738,S2-790004520,S2-129436480,S3-668164932,S3-141301608,S3-37978446,S2-447643251,S3-291200440,S2-998892083,S2-964373924,S2-515658528,S3-87180704,S2-512048953,S3-707162050,S3-315624478,S3-112068130
S1-339696594	S2-187777549,S3-980149463,S3-880060491,S3-370601684,S2-844223346,S3-13708663,S3-475697069,S3-343431469,S2-700966121,S3-125620079,S3-524413342,S3-329402037,S2-203181417,S2-176727752,S2-322772890,S2-841361627,S2-811169008,S2-953951855,S2-682877453,S2-734336910,S2-864267291,S3-795884781,S3-554670438,S2-682106060,S2-747675917,S2-993723166,S3-326169457,S2-430323540,S3-518795524,S2-475388932,S3-164108043,S3-635036045,S3-312812006,S3-282797133,S2-796310886,S3-63334899,S3-761299917,S2-887573110,S2-616467580,S2-182043508,S3-466250533,S3-136433429,S2-851648597,S2-142271329,S3-173563636,S2-356251739,S2-4551200,S2-834979860,S2-38036575,S3-520178020,S3-806288877,S3-576229408,S3-944768043,S3-855069692,S3-523166078,S3-153197836,S2-762592603,S3-221319178,S2-981201073,S3-314713532,S3-64767479,S3-419249994,S3-146157047,S3-81771993,S3-817285949,S3-107372106,S3-887196407,S2-854309985,S2-961316039,S3-687446943,S3-262596316,S3-298349121,S3-993504891,S2-201242204,S3-337070983,S2-981474941
S1-277159753	S3-404581647,S2-616185883,S2-601618737,S2-590013366,S2-94187179,S2-354543206,S2-399449669,S2-868685123,S2-392005194,S3-938580978,S2-92439523,S2-948795621,S2-824716514,S2-125926135,S3-256786292,S2-501301629,S3-569716891,S2-825343428,S2-742860190,S2-168806993,S2-840012431,S2-710384587,S2-224682063,S2-546333541,S3-723303837,S2-322127049,S2-916892911,S2-490477729,S3-472183374,S3-270444627,S2-845806476,S2-851263667,S3-6862596,S2-167839588,S3-656956737,S3-543253264,S2-503222411,S2-591763223,S3-285138838,S2-972742243,S2-244587931,S3-48351104,S2-598502691,S2-677119489,S2-873162095,S3-557596422,S2-703599539,S2-941699084,S2-223972869,S2-877322040,S3-272131193,S2-300929833,S2-115926422,S3-889130791,S3-739370146,S2-38961522,S2-299153016,S3-625579755,S3-694532064,S3-438753881,S2-352238463,S2-320192308,S2-337827012,S3-277577604,S3-963083149,S3-891625239,S2-739298630,S3-996192531,S3-795044353,S3-244066210,S3-488608595,S3-904407519,S3-164219625
S1-652651286	S2-628297769,S2-897714693,S2-786894806,S2-439786382,S2-188474350,S2-857755271,S3-95049266,S2-4639423,S2-133270735,S3-819237358,S3-225832288,S2-417014299,S2-241924179,S2-376862286,S2-859754079,S2-146173161,S2-828544692,S3-914942312,S3-336240996,S2-287640661,S2-868242102,S2-522998954,S3-374653462,S2-49975588,S2-532301142,S2-454847618,S3-323832191,S3-818011726,S2-25427710,S3-715438783,S2-494102478,S2-188612294,S3-236536195,S3-640691361,S2-924425197,S3-831245422,S2-91347281,S3-569667454,S2-313877407,S3-991419139,S3-388337455,S3-499205390,S3-556010465,S3-954902758,S2-526671841,S3-814001838,S3-395448863,S2-673856747,S3-304138813,S3-870636888,S3-177197704,S2-680346988,S3-81660444,S2-419461603,S3-560133562,S2-995746647,S3-251699343,S2-253076862,S2-454388173,S2-543864390,S3-74095611,S3-502596413,S2-802941686,S2-841316739,S2-342633714,S3-529889082,S2-316153818,S2-632223748,S3-208079797,S3-792128350,S2-209200464,S3-521267689,S3-329274464,S2-622570580,S3-853646943,S3-628602413,S2-383149596
S1-931180841	S3-606682249,S3-183958573,S2-818806185,S2-985981611,S2-340942169,S3-953172870,S2-916614691,S2-682295338,S2-473558232,S3-511917869,S2-119606026,S2-446731528,S2-497025062,S3-152526802,S2-305994046,S2-692915753,S2-198744575,S2-516510975,S2-742864982,S2-493689623,S2-737533360,S2-807598019,S2-863270404,S2-474346550,S2-884414078,S2-780153696,S2-79035894,S3-15180747,S2-104476918,S2-522433697,S3-336043170,S2-210987458,S2-163126966,S2-642164498,S2-447095477,S2-102869680,S3-768831938,S2-427650875,S2-4212061,S2-298147176,S3-239795702,S3-82954638,S3-100746948,S2-134458400,S2-769308658,S2-788395227,S2-221851509,S2-16964085,S2-704255330,S3-75494066,S3-82221944,S3-723319625,S3-662758812,S2-472675182,S2-370858063,S2-194307610,S2-226388134,S2-72476189,S3-129768137,S2-577133785,S2-183967309,S2-683025550,S3-375250254,S2-289619787,S2-723407043,S2-275029172,S3-781401026,S2-734001390,S3-866936827,S2-320641300,S3-294737865,S2-769514492,S3-647786487,S2-893108988,S2-121599430,S3-359394062
S1-943874235	S3-471915654,S3-937945935,S2-971491700,S2-872073341,S2-783307710,S3-453666157,S3-126421320,S3-375692639,S3-900496296,S3-170148818,S2-42223728,S2-118399662,S3-59971944,S3-896259179,S3-745845721,S2-37069438,S2-769049714,S3-150068856,S3-649688319,S3-458170553,S2-284288219,S2-398005800,S2-13574353,S2-392398825,S2-18669306,S2-462027331,S2-911534301,S2-6505501,S2-496013270,S2-642055674,S2-202882007,S2-721828148,S2-723828175,S2-551513992,S2-720381107,S3-728662002,S3-487955323,S3-368879015,S3-554826315,S2-948236487,S3-322476420,S3-275561289,S3-508912552,S2-413012135,S3-352467767,S2-404705875,S2-965581478,S2-60604464,S3-49826653,S3-203087862,S3-632129880,S2-591109282,S2-27968336,S3-353154638,S3-827570336,S3-833434318,S3-576758130,S2-794352292,S3-218976909,S3-559672216,S3-796629251,S2-735383830,S3-24540728,S3-615006084,S3-116952809,S3-203457507,S2-845469988,S3-452770740,S3-397909915,S2-508665532,S2-192504329,S3-743362386,S3-128468410,S3-259655163,S3-513246979,S3-972525884,S3-782980622
S1-909532705	S2-652497457,S2-642172125,S3-316551541,S3-374450128,S2-428070930,S2-94208711,S2-982202753,S2-31009230,S2-969968917,S3-131526662,S2-142168431,S3-965446729,S2-38624546,S2-10768566,S2-105014059,S2-802975583,S3-311753027,S3-761063534,S2-466317389,S3-247836691,S2-937918854,S3-156813058,S2-241726445,S2-855926686,S3-11582109,S2-630918045,S2-46603140,S2-501875319,S3-514260198,S2-301253624,S3-467420360,S3-273026124,S3-879301973,S2-998750643,S3-94355032,S3-965016948,S2-629163135,S2-298405093,S2-566729366,S3-332794351,S2-46989188,S3-568317198,S2-871480332,S3-212206324,S3-884222076,S3-889130791,S2-639505851,S2-532839205,S2-942877515,S2-751097207,S3-208895796,S2-612387179,S2-473878191,S3-627439990,S3-694532064,S3-540007241,S2-857681318,S3-376343258,S2-575141378,S3-459953520,S2-294085573,S2-746631402,S2-383539909,S2-485560690,S2-398200309,S3-248075174,S2-301404229,S3-351388524,S3-5018504,S3-492820545,S3-694611323
S1-716346194	S3-29135506,S2-660519763,S3-802676977,S2-530868795,S3-774358159,S3-723782835,S2-826003982,S3-788185335,S2-833900025,S2-662221399,S2-340665119,S2-498992987,S2-802999298,S2-150634918,S2-29657277,S3-434758452,S2-366350374,S3-976237098,S3-490431510,S3-349584500,S2-303388367,S3-126702578,S2-106408832,S2-234084042,S2-736010823,S3-868358615,S2-474321348,S3-932778223,S2-503708237,S3-124291758,S2-969720663,S2-287872643,S3-605117517,S3-20405732,S3-835400406,S2-366081375,S3-307554574,S2-557486904,S2-161706141,S2-286260937,S2-471166030,S2-92439523,S3-12187447,S2-413941191,S3-673466952,S3-758621956,S3-294847784,S2-208032106,S2-119903487,S2-675332307,S3-369748691,S2-595463806,S2-868188063,S2-548770539,S2-477756131,S2-753408999,S3-195388343,S3-657117669,S2-791926875,S2-936749315,S2-793863336,S3-772962298,S2-346365199,S2-233945347,S2-515976546,S3-71051397,S2-339884517,S2-369561203,S3-877073649,S2-857849107,S3-620350741
S1-920710760	S3-149496856,S2-389397198,S2-44549169,S2-697129727,S3-847647581,S2-291923318,S2-489088581,S2-905524748,S2-32921581,S3-582285509,S2-148508078,S2-633968124,S2-898599389,S3-118169863,S2-231564735,S3-170291721,S2-494430593,S2-370391129,S2-656397915,S2-84032071,S2-729671636,S3-427889315,S2-859848018,S3-276724487,S2-407099372,S2-959836376,S2-174136981,S2-904833346,S2-88312221,S3-140735834,S2-55155187,S2-71621081,S2-926003911,S2-816055452,S2-426212190,S2-215471766,S2-419111400,S2-639721129,S2-230875572,S2-675076934,S3-584608756,S2-287451004,S2-591193857,S2-507034749,S2-517844290,S3-611543089,S2-555126224,S2-925486917,S3-943877555,S2-87379137,S3-300179214,S2-945515631,S2-737751822,S3-731918750,S3-496580290,S2-437487447,S2-46299141,S2-677076393,S3-920327530,S2-911263572,S2-332844354,S2-658472810,S3-676227417,S3-364861686,S3-862467232,S2-126347256,S2-446679533,S3-42736984,S2-186703584,S3-79289625,S3-265602677,S2-860251341,S2-615792153,S2-809766861
S1-735283511	S2-667394096,S2-231732832,S2-202403495,S2-327833654,S2-636636315,S3-755650709,S2-262333345,S2-192139002,S2-158509070,S3-795741016,S2-759077049,S2-954814655,S2-730331157,S2-416296389,S2-123724293,S2-92900333,S2-290248448,S3-596914385,S2-88948665,S2-502254914,S2-475793028,S3-736522642,S2-667994425,S2-115476601,S3-286901929,S3-2475335,S2-109064076,S3-722306181,S2-784127692,S2-74751768,S2-998410654,S2-168717233,S2-140180889,S2-442861595,S2-151688807,S2-61854788,S2-891690438,S2-778152514,S2-331339262,S2-449936287,S3-852679998,S3-911303342,S2-3359468,S2-191713797,S3-331872483,S2-292334778,S2-590512814,S3-870184657,S2-292617239,S2-650444220,S3-391393541,S2-759421858,S3-254585368,S3-897345400,S2-92538321,S2-859393404,S2-832022865,S3-935778725,S2-724681924,S3-68737801,S2-186194151,S2-593349155,S3-718176448,S3-286515776,S3-169995797,S3-872704602,S3-825897360,S3-675589598,S3-9866515,S2-811044710,S3-492666221,S3-49431654,S2-397519778,S3-639394329,S3-943911755,S2-220149259,S2-927458565,S2-403773285,S3-402816298,S3-290996429
S1-541962667	S3-639067473,S2-431280729,S2-304751299,S2-681990551,S3-909973798,S2-646783465,S2-476199841,S3-454183630,S3-863331857,S2-894749036,S2-629377847,S2-190838249,S2-847152322,S3-49935416,S2-806896527,S3-382367006,S3-922971635,S3-319866520,S2-620565793,S2-481122102,S3-642579676,S3-728535834,S2-676688387,S3-5622468,S2-618912706,S2-627224632,S3-30616921,S2-857216235,S2-481994787,S2-836643120,S2-738061801,S2-321565255,S2-636634036,S2-850692545,S2-262378104,S2-229317008,S2-151502511,S3-103393610,S3-620622670,S3-460684263,S2-364880510,S2-661696993,S2-914921005,S3-313874031,S2-417355175,S2-865088358,S3-481915173,S3-161704141,S3-898593996,S2-310386390,S2-893065168,S2-654299461,S3-249031374,S3-905571881,S2-758711055,S2-618256008,S3-188681893,S2-522212802,S3-702458745,S3-547241603,S3-891837073,S2-561017128,S3-253683342,S3-604981741,S2-455493505,S2-359665605,S3-184509775,S3-217598671,S3-133569825,S3-243311084,S2-982909517
S1-158306158	S3-163360226,S3-982222530,S3-566819481,S3-942432947,S2-512794934,S2-223741226,S2-789343101,S2-979276925,S3-302237356,S2-372695124,S2-932122659,S3-694524525,S2-441537374,S3-250074374,S2-769293853,S2-934610437,S3-854694192,S2-31521921,S2-915040229,S2-529564805,S3-379073996,S2-144489786,S2-193955920,S3-418373158,S2-550158359,S2-561851676,S3-443997847,S3-987737974,S3-138074219,S2-973304670,S2-102690272,S2-602525424,S3-137607631,S3-432315802,S3-61276340,S2-67741378,S2-952655807,S2-624132889,S2-983340750,S2-991604604,S2-527365635,S2-973403209,S3-719707702,S2-268328469,S3-874448812,S2-112449831,S2-316755660,S2-486150728,S2-539761068,S2-204417261,S2-821328186,S3-174060033,S3-416198234,S2-943191667,S2-723611346,S2-820052038,S2-384974540,S2-760030852,S3-339679437,S2-783742788,S2-875735379,S2-373316530,S2-477936301,S3-828072620,S2-443502225,S3-781009981,S2-572301518,S2-653376534,S3-332992564,S2-104510034
S1-330916229	S2-195177761,S2-122498745,S2-870694144,S2-977226474,S2-945903589,S2-796310886,S2-530812298,S2-407323986,S2-439042318,S3-238343974,S3-255484613,S3-946293327,S2-333006903,S2-569042329,S2-478797269,S2-504317833,S2-808372921,S3-710576969,S3-289014362,S3-676726283,S2-951482504,S3-991836084,S3-804984970,S3-29920755,S2-994533453,S3-547198118,S3-260410829,S2-622773844,S3-673638546,S2-451819014,S3-561977873,S2-757685297,S2-615202978,S3-473681194,S2-492952399,S2-77731070,S2-387222645,S2-476886549,S3-789630316,S2-672331806,S3-373421969,S3-271502822,S2-94789309,S3-757179318,S3-277522569,S3-754616361,S2-673822351,S3-37838877,S3-561667927,S2-829494611,S3-284234701,S3-707713895,S2-91704178,S2-153204393,S2-343643466,S2-632271743,S2-974728151,S2-996004135,S2-50843171,S3-474204342,S3-93503695,S3-421144019,S2-387278623,S3-165411018,S3-256567473,S3-683806905,S2-612927564,S2-531649927,S3-124070071,S3-763086390,S2-625825667,S2-351742357,S3-480670181
S1-124208550	S3-2338460,S2-472242300,S2-368840229,S3-839699025,S2-223377216,S2-582428319,S3-543641026,S2-783846074,S3-382215493,S3-141698771,S2-9666122,S2-876285838,S2-123439124,S2-920403124,S3-695479348,S2-926305457,S2-178980649,S3-253626728,S2-741215140,S3-444228304,S3-807076009,S3-35254891,S2-967694671,S2-414721730,S3-430267873,S2-37621478,S2-498188829,S2-201282819,S3-673007088,S2-776556127,S2-373557599,S3-510338326,S2-51336478,S3-504653847,S2-625369101,S2-768941607,S3-394074218,S3-599487924,S3-9929953,S3-484125881,S2-83018057,S2-97273842,S3-689929214,S3-712777434,S2-103307985,S2-236500045,S3-694245432,S3-876898287,S2-40158626,S3-732906364,S2-454332831,S3-683265021,S3-616989837,S2-481685046,S2-552196012,S3-596290067,S3-106980743,S3-158436824,S2-602531540,S2-603383783,S3-218335406,S3-661667099,S2-606734254,S3-421242374,S3-795565060,S2-597101612,S3-273263756,S3-294512845,S3-817343457,S3-646444721,S2-828329743,S2-384577637
S1-476022166	S3-332977098,S2-388764352,S2-71337268,S2-600229451,S2-67294215,S2-8750634,S2-803060741,S2-854568174,S2-615274636,S2-55018240,S3-535428097,S2-151493351,S2-185984569,S2-180539860,S3-816746121,S2-372159254,S3-690694364,S2-334060084,S2-127473583,S2-217808026,S2-413719672,S2-53030812,S3-899010706,S2-450924279,S3-24096050,S2-315012946,S2-174396062,S3-908024390,S3-348867698,S2-555854232,S2-538089903,S2-736337457,S3-309864461,S3-604834040,S2-671966057,S3-602622459,S2-953042693,S2-890553341,S3-533724050,S3-321023273,S3-586466116,S3-819366527,S3-923903051,S2-978314246,S3-928230576,S2-235969358,S3-416017683,S2-762491292,S2-516856382,S3-654320406,S2-467221037,S3-155582762,S3-860660753,S2-455013755,S3-212630970,S3-942532880,S2-787998914,S2-94124530,S3-487891251,S2-582679076,S3-306592033,S3-947521746,S2-997910326,S2-241685542,S2-554482045,S3-779915458,S2-156054800
S1-491232871	S3-99280096,S3-122021772,S2-260424250,S3-970826900,S3-932576516,S2-430018838,S2-475851731,S3-163145590,S2-365103520,S3-438401988,S3-340496424,S2-961914328,S3-877352630,S2-13395723,S3-395104670,S2-893716782,S2-873073149,S3-102749969,S2-488071645,S3-660383903,S3-293587371,S3-200027100,S2-299597864,S2-733382654,S3-668547903,S2-158569874,S2-891950002,S3-711602897,S3-983002420,S2-950812577,S3-273272904,S3-633353259,S3-372185577,S2-647893179,S2-31461632,S2-942813893,S2-600910936,S3-197069383,S2-182936282,S3-355630181,S3-325047163,S3-376877098,S3-990847903,S3-83447685,S3-123472655,S2-924548537,S3-429799540,S3-346558225,S2-104786614,S3-226804642,S3-556490,S3-980789789,S3-397307420,S3-962832147,S3-934771925,S3-311344970,S3-549435486,S2-811281922,S3-259730476,S3-180778130,S3-987096841,S3-914233927,S3-175903283,S2-972768907,S3-166597556,S3-637905424,S3-93704936,S3-729289802,S3-372993654,S3-4925660,S3-652396445,S3-367160402,S3-292769056,S3-401408978,S2-403281677,S2-607073224,S2-262681979,S2-541797659,S2-196479888,S3-550958304
S1-307045007	S2-97344355,S3-19364259,S2-785316903,S3-106280872,S2-944903442,S2-861802956,S2-335484120,S2-7896958,S3-649255481,S2-784613702,S3-695535384,S3-194842431,S2-616185883,S3-777956559,S3-959981804,S3-245133916,S3-483590918,S3-34182927,S3-587654579,S3-148400794,S3-256786292,S2-840012431,S3-723303837,S3-743474812,S3-378404825,S3-404581647,S3-543253264,S2-265287021,S2-316510937,S2-356735547,S2-972742243,S3-217553002,S2-165754057,S3-293088295,S2-823100174,S2-145881455,S2-641120439,S3-36944044,S3-914337935,S3-13928012,S3-813001767,S2-564508084,S3-56085368,S3-669657460,S2-223972869,S3-904407519,S2-598502691,S3-859317561,S3-721586314,S2-968260152,S3-270387964,S2-216353180,S3-637435901,S3-222719751,S2-43171515,S3-592854960,S2-460552614,S3-653486054,S3-761621047,S2-637734439,S3-152438871,S2-206208754,S2-337827012,S3-597566651,S3-434818037,S3-107835907,S2-300059355,S3-532517329,S3-65689430,S3-263214398,S3-866330366,S3-731377762,S2-925437393
S1-862715502	S3-777608726,S2-46083391,S2-125328598,S2-130141140,S3-954165999,S3-569503640,S3-830636602,S2-55905968,S2-195731736,S2-189157525,S3-932793059,S2-985295937,S2-985300066,S3-830999183,S2-409366097,S3-399250354,S2-187492752,S2-343299056,S2-181834271,S2-119346048,S2-95090414,S2-456699027,S3-284879468,S2-317136781,S3-495828372,S3-518783697,S3-937487850,S3-824631075,S2-373860751,S2-557987308,S3-113403816,S2-384049427,S3-47209521,S3-559551680,S2-248909201,S3-445798276,S2-482529127,S2-57511311,S3-787938137,S2-526033393,S2-130999021,S2-229209285,S2-871151022,S3-577328375,S2-641807236,S2-54322965,S2-875461623,S2-184382690,S2-385362895,S2-954007911,S2-646789640,S2-440772357,S2-664764813,S2-657373807,S2-616556706,S2-439954450,S2-513182626,S2-203207503,S2-707518064,S2-59544689,S2-284106540,S2-185015967,S2-278552620,S2-940397835,S2-956494648,S2-840130051,S2-688579003,S2-793465924,S3-206073073,S2-202010466,S2-841227826,S2-45115645,S2-45990193
S1-663284662	S3-589089722,S3-332361882,S2-209200464,S2-362329289,S3-908633281,S3-513278545,S3-803628208,S3-892577471,S2-400714565,S3-887580850,S2-495793419,S3-831988468,S2-201089624,S2-252989755,S3-199017966,S3-473555160,S2-308520060,S3-965519036,S3-71503410,S2-645121293,S2-877598413,S3-34252124,S2-951418129,S2-411500333,S3-389879517,S3-943032673,S3-222310642,S2-915202445,S3-839038111,S3-147564135,S2-944030245,S2-381186324,S3-412760988,S3-730655231,S3-204389002,S2-161614632,S3-562251470,S2-656416643,S3-746668512,S3-274448663,S2-766212881,S3-743039174,S2-796855466,S3-193325735,S3-54665270,S3-892467622,S2-243821617,S3-782236821,S2-563441082,S3-406174233,S3-719452923,S3-390947627,S2-458448751,S2-6505501,S3-762696584,S2-22700931,S3-771282444,S3-521267689,S3-632129880,S2-22775099,S2-873290607,S3-252290686,S3-752636033,S3-949828523,S2-387323350,S3-807339727,S3-320718948,S3-591559669,S2-980306379,S2-145865332,S2-391048922,S3-115401441
S1-435735212	S3-329402037,S2-176727752,S3-518795524,S2-682877453,S3-223876418,S3-795884781,S3-234277598,S2-20393024,S3-200027100,S2-540406294,S3-393629469,S3-282797133,S2-346645864,S3-157130971,S3-405468408,S3-527100290,S2-182043508,S2-980262181,S2-236238889,S2-637472617,S2-188654137,S2-841361627,S2-953951855,S3-57328121,S2-468956394,S2-146516261,S2-778402289,S2-485890704,S3-63334899,S2-796310886,S2-176968531,S3-873596012,S2-844223346,S3-806876414,S2-884047995,S3-332043315,S3-390090152,S2-45155173,S3-326169457,S2-439042318,S3-767497688,S3-532615742,S3-690824275,S2-469136686,S2-305137948,S3-607768379,S3-879688889,S3-28040940,S3-79102929,S3-746300530,S3-284726660,S3-275386236,S3-880580317,S3-190886148
S1-368357600	S2-635569075,S3-101300498,S2-992056877,S2-629189951,S2-478064148,S2-827765671,S2-454889190,S2-948378324,S2-128722330,S2-372789171,S2-239274906,S3-837170245,S2-308869888,S2-439786382,S3-505352124,S2-158606915,S3-516773370,S2-568612668,S3-143554753,S2-170041353,S3-748929919,S3-959064940,S3-562191021,S3-869946818,S2-566688803,S2-623992763,S2-404614173,S3-475655740,S3-65954707,S3-555431570,S2-446871083,S3-423846422,S2-74109575,S2-845972423,S2-917591322,S3-177686935,S2-436120738,S3-29802948,S3-850900487,S2-236920731,S2-728686592,S3-242063184,S2-975848357,S2-647596046,S2-237497049,S2-591910395,S3-603387491,S2-190553331,S3-541130242,S2-428861032,S2-955922218,S2-745537241,S2-237999378,S3-598766670,S2-581736659,S3-83503168,S3-846814594,S3-967626854,S3-730372354,S3-832894036,S3-534529439,S3-23707491,S2-692813289,S3-497678036,S3-32735211,S2-304667963,S3-49496918,S2-248655244,S2-200729406,S2-609292694,S2-383517339,S2-790731840,S2-244004800,S2-957382655,S3-781213662,S2-142660903,S3-389441263
S1-51590630	S2-677813132,S2-109123667,S3-488451727,S2-450278740,S2-621809184,S3-193780540,S2-842902772,S2-987231071,S2-935937328,S2-793162418,S2-786124876,S3-473400492,S2-418551982,S2-247871764,S2-243865848,S2-822880750,S2-376893321,S2-576888089,S2-248793810,S3-426752414,S2-757506484,S3-245852401,S2-919756697,S2-860948137,S2-681076867,S3-865704005,S3-628221810,S3-780980396,S2-229182366,S3-80146251,S2-756666065,S3-880524692,S3-727544809,S3-808629180,S3-466958694,S3-776762918,S2-397944136,S3-154816975,S2-638439815,S3-771053376,S2-206358295,S3-27809387,S2-986787546,S3-945552201,S2-464013080,S3-277340470,S2-825358250,S2-757209949,S2-938559567,S3-121986850,S3-774894697,S3-869197296,S2-702593052,S2-201331212,S2-848208151,S3-589657734,S2-480776821,S2-702039155,S3-657766722,S2-327415674,S3-308695246,S2-323397682,S2-888860465,S3-495779924,S2-402878740,S2-705441074,S2-535571129,S2-953691371,S3-122154999,S2-907237230
S1-51122580	S3-821516081,S2-834060510,S3-491878697,S3-320911135,S2-22775099,S3-932258720,S2-735830595,S2-730100321,S2-902127740,S3-565929063,S2-201089624,S2-308520060,S2-252989755,S2-552502978,S3-632448342,S3-871489833,S3-69103552,S3-952801249,S3-708170625,S2-738000099,S3-73833776,S2-804627671,S2-704751152,S2-62584550,S2-436009197,S2-267253559,S2-915202445,S2-161614632,S2-867359249,S3-990945585,S2-362329289,S3-311855120,S2-646930488,S3-148565110,S2-589300359,S3-588153141,S2-411500333,S2-766212881,S2-324630156,S2-739974545,S2-594118702,S2-462816155,S2-594051063,S3-684156557,S2-75608025,S2-689214924,S2-724374224,S2-629013822,S2-22700931,S3-37888261,S3-572037432,S2-773638828,S2-790527036,S2-243821617,S3-918635551,S3-892467622,S2-209200464,S3-803536278,S3-745376778,S2-581593040,S2-550167953,S2-802947478,S3-443911159,S2-202910951,S3-484589045,S2-898171065,S2-131799288,S3-550796803,S2-435778329,S3-386617181,S2-50131368,S3-483797729,S2-734607199,S3-981852546,S3-65995336,S3-631534137,S3-775979507,S3-989934912,S3-168268526,S2-680235144
S1-730279779	S3-90124333,S2-355067268,S3-166250823,S3-994420492,S3-539200822,S3-443836579,S2-144392533,S2-648533934,S2-92172542,S2-423477847,S3-119197907,S2-590419249,S2-446733641,S3-818582751,S2-69512283,S2-782160235,S2-135023737,S2-305033236,S3-797611444,S2-365357494,S2-392014725,S2-62221198,S2-647027085,S2-414575279,S3-162980437,S3-217025565,S3-710583671,S3-240654830,S3-781467764,S2-338198029,S2-570518466,S2-669715196,S2-860698568,S2-738795596,S3-319345376,S3-820940672,S2-289025762,S2-919389654,S3-95768369,S2-958692308,S2-960435720,S3-395136127,S3-323445093,S2-131922614,S3-674608832,S3-24249839,S3-625822739,S3-305980799,S3-205749433,S3-936751977,S2-785345211,S3-987267410,S3-977593797,S2-520700259,S3-302961757,S2-755975615,S3-180778130,S3-450440228,S3-438401988,S3-669318207,S3-727324765,S3-672237936,S3-919388041,S3-908311340,S2-732070778,S3-892446195,S2-509300222,S2-574447282,S3-247106369,S3-197850265,S3-963970501,S3-925094781,S3-487390359,S2-442275975,S2-482628805,S3-832735312,S2-813396578,S2-194536194,S3-751250517,S2-807544591
S1-357200984	S2-630101802,S2-161328272,S3-907766504,S2-761563119,S2-1942598,S2-871653579,S2-619580854,S2-910978799,S3-570182570,S3-821106527,S3-712792294,S2-569967225,S2-856654739,S3-992214198,S2-13572735,S3-863933510,S3-21271560,S3-945119221,S3-170893570,S2-918939789,S3-73747670,S3-332753509,S3-986374350,S2-657612909,S3-615122577,S3-81831452,S3-584603472,S2-611353371,S2-928159623,S3-98460266,S2-672144096,S2-629656502,S2-936466126,S3-921951280,S3-581531924,S3-495112266,S3-308979338,S2-216185590,S3-982834924,S3-773266618,S3-126866285,S3-840134675,S3-130430991,S3-550477190,S2-478379552,S2-245291586,S3-966876726,S3-975685429,S2-604299328,S2-64999075,S2-970523758,S3-541758090,S2-423095678,S3-406378055,S3-138596697,S3-252042838,S2-986662003,S3-923325932,S3-954745636,S3-219011587,S2-607386467,S2-509632153,S3-206668421,S3-610538998
S1-533049965	S2-607456603,S2-328676951,S3-271149484,S2-493998976,S2-938369898,S2-352971789,S3-166422685,S2-168462458,S3-7575869,S3-509927511,S2-91311627,S2-649554773,S3-105724780,S2-833254021,S3-602054393,S2-719261543,S3-504064242,S2-961909536,S2-850745851,S2-786015854,S3-112603471,S2-240138224,S2-100870022,S3-935762964,S2-494717429,S3-997609453,S3-95057795,S3-648909957,S2-586329791,S3-897154691,S3-899274148,S2-154655572,S2-640099827,S2-747655695,S2-193624059,S2-675355826,S3-809181082,S2-243047667,S2-505023499,S2-466263961,S2-941641598,S3-711235567,S3-830806629,S2-76595366,S2-636241885,S2-359386938,S2-949636022,S2-273949861,S2-97997258,S3-728318597,S3-533139704,S3-942361157,S3-900153524,S3-521966906,S2-560300733,S3-821147559,S3-763019913,S2-62955762,S3-451526773,S2-839832258,S2-132098743,S2-136292696,S2-628657796,S3-25741142,S2-133239838,S3-785964044,S2-828508860,S3-762505228,S2-566443534,S3-904294241,S3-207836569,S2-308808169,S3-663652167,S2-445158190,S2-330665624
